ds,yhat,lo,hi,series,kind
2022-01-01,38839.21361929135,33865.469372174746,43616.557606576935,Total,daily
2022-01-02,34193.73971295081,29892.746127523253,39017.69491638112,Total,daily
2022-01-03,35050.57962049037,30516.764046359378,39886.26812172216,Total,daily
2022-01-04,35455.224020091904,30906.4439280329,40288.432259243666,Total,daily
2022-01-05,35401.039915997186,31034.682827753626,40031.91653175361,Total,daily
2022-01-06,35078.277606701566,30305.003078599893,39647.98517209585,Total,daily
2022-01-07,36354.998633346426,31687.126403826845,40911.24540760521,Total,daily
2022-01-08,36783.91513364808,32034.116649486572,41033.08558283297,Total,daily
2022-01-09,31818.43974073032,27075.82038760398,36541.21937210923,Total,daily
2022-01-10,32405.49045263097,27444.98612218173,37091.95456804861,Total,daily
2022-01-11,32585.608144302132,27745.23508850866,37495.06386323595,Total,daily
2022-01-12,32356.971864947864,27517.113484206526,37064.188754318224,Total,daily
2022-01-13,31913.995529504435,26904.37011621572,36847.762059166234,Total,daily
2022-01-14,33130.80307475296,28335.783901593386,37986.01220384869,Total,daily
2022-01-15,33557.28586296683,28926.065299295664,38121.293277328055,Total,daily
2022-01-16,28639.071971614063,23928.76013432109,33399.52081310098,Total,daily
2022-01-17,29341.722358741023,24560.834003211352,34249.322396567,Total,daily
2022-01-18,29692.997214199175,25159.656209796405,34545.77250946936,Total,daily
2022-01-19,29687.742604189458,25016.304729607582,34388.12133786345,Total,daily
2022-01-20,29516.26168153936,25128.943715849728,34160.24447339401,Total,daily
2022-01-21,31050.526839503185,26051.952882733673,35750.24770798777,Total,daily
2022-01-22,31829.64525431875,26814.028286074437,36482.47177065555,Total,daily
2022-01-23,27283.933213454748,22687.62009280461,31972.805776416346,Total,daily
2022-01-24,28390.680121832553,23557.19448666865,33396.549513923186,Total,daily
2022-01-25,29158.726674630318,24555.436310606827,33552.08154052263,Total,daily
2022-01-26,29574.368130485593,24672.46638381878,34396.26571348223,Total,daily
2022-01-27,29819.623913524974,25103.276158567558,34497.88567177337,Total,daily
2022-01-28,31761.28605223771,27117.063353539124,36083.72426782879,Total,daily
2022-01-29,32925.86500235394,28116.306092411556,37721.33232147703,Total,daily
2022-01-30,28727.8121343848,24145.219848495122,33827.49305053651,Total,daily
2022-01-31,30156.86454279797,25425.94717703404,34489.9672477749,Total,daily
2022-02-01,31204.917475702576,26456.68006024718,35681.975860337465,Total,daily
2022-02-02,31852.896556905936,26881.708881354065,36319.64831465114,Total,daily
2022-02-03,32278.849167315737,27631.15201377869,37400.66408381039,Total,daily
2022-02-04,34349.725547687296,29746.93225187892,39102.64406235703,Total,daily
2022-02-05,35585.67688596415,30919.831693651588,40077.916078217575,Total,daily
2022-02-06,31392.276790248918,26720.918377429098,36088.0728330487,Total,daily
2022-02-07,32779.28034306651,28122.612152129845,37416.7435971398,Total,daily
2022-02-08,33729.611057705384,28959.989374381334,38445.031156319754,Total,daily
2022-02-09,34227.0136848919,29321.851446588767,38819.08263459652,Total,daily
2022-02-10,34453.77512049289,29695.89158402787,39251.2024085577,Total,daily
2022-02-11,36285.04685711731,31746.563421082825,41020.81681104543,Total,daily
2022-02-12,37242.30974036922,32481.58466180165,42106.2411616423,Total,daily
2022-02-13,32729.419160177007,28258.95417939571,37496.14835480361,Total,daily
2022-02-14,33782.61773711768,28882.241073014015,38334.498186673605,Total,daily
2022-02-15,34381.494747030236,29635.093418541634,39246.528247431364,Total,daily
2022-02-16,34517.299430582745,29530.144349045175,39190.28690293015,Total,daily
2022-02-17,34380.19613109721,29497.753462504734,39152.88464708267,Total,daily
2022-02-18,35856.059736984265,30883.791685751672,40796.89275767705,Total,daily
2022-02-19,36469.06712370036,31806.79151872751,40914.1040668433,Total,daily
2022-02-20,31621.55513918329,27188.27396409717,36104.504522816045,Total,daily
2022-02-21,32375.30495934633,27508.805494580116,37322.12501822706,Total,daily
2022-02-22,32704.52019502074,28116.18646931275,37293.155851150696,Total,daily
2022-02-23,32604.873474058266,28019.752628941365,37624.91856854456,Total,daily
2022-02-24,32270.392932703555,27560.222904720293,37124.620069294746,Total,daily
2022-02-25,33592.84925842204,28533.57323309956,38235.251436981016,Total,daily
2022-02-26,34093.61052924371,29447.123306375135,38645.74315019002,Total,daily
2022-02-27,29167.46398198021,24453.859160703974,33645.15352326385,Total,daily
2022-02-28,29895.3331609575,25300.8589981517,34884.41450682608,Total,daily
2022-03-01,30239.441585226235,25587.88212727254,35042.3183744402,Total,daily
2022-03-02,30193.260791318502,25220.203295316423,34960.70761073125,Total,daily
2022-03-03,29948.193238276603,25519.133956028545,34748.06072570654,Total,daily
2022-03-04,31395.70860017652,26700.22482920524,36254.21927249356,Total,daily
2022-03-05,32048.608219932856,27421.945682681453,36985.72564011071,Total,daily
2022-03-06,27288.9417917764,22391.80248312523,32024.632503444755,Total,daily
2022-03-07,28212.27015970655,23751.5541368947,32815.82668589188,Total,daily
2022-03-08,28765.10648164159,23959.604333392057,33350.719772299235,Total,daily
2022-03-09,28935.83471679816,24079.57026197824,33667.06013220691,Total,daily
2022-03-10,28911.233600178723,23967.228965790327,33367.690263786666,Total,daily
2022-03-11,30581.381826471803,25924.467428324864,35053.41835387027,Total,daily
2022-03-12,31450.326757144998,26584.653815538062,36202.604812483136,Total,daily
2022-03-13,26888.066352690286,22190.072301269913,31744.702513509845,Total,daily
2022-03-14,28006.3050126594,23267.454437586734,32719.09243810404,Total,daily
2022-03-15,28738.09865628202,23568.79169397131,33294.179402471025,Total,daily
2022-03-16,29069.65162257626,24557.743553172957,33652.75334667899,Total,daily
2022-03-17,29186.574222147417,24421.68975383241,33859.00736785157,Total,daily
2022-03-18,30981.437231303196,26206.58253330033,35783.65246551721,Total,daily
2022-03-19,31953.716832948307,27304.774867395285,36863.310018365184,Total,daily
2022-03-20,27465.709164319273,22488.603553776185,31950.571967427706,Total,daily
2022-03-21,28649.64583414575,24297.10379737418,33530.2721296192,Total,daily
2022-03-22,29429.412661070248,24743.96530551542,34442.92048809321,Total,daily
2022-03-23,29793.101510882512,24781.004358427777,34433.824231401726,Total,daily
2022-03-24,29928.88815010589,25285.08053037107,34722.92029389573,Total,daily
2022-03-25,31735.13603696159,27164.566456590324,36658.83202422449,Total,daily
2022-03-26,32709.53336933591,28224.462115912625,37592.83059682917,Total,daily
2022-03-27,28208.87412279156,23442.19050413264,33370.29155471345,Total,daily
2022-03-28,29387.48669215978,24726.617936592476,33960.80774224307,Total,daily
2022-03-29,30161.000238940047,25364.61595109107,34826.42715030672,Total,daily
2022-03-30,30519.646289368135,25597.041199674448,35130.798370953016,Total,daily
2022-03-31,30653.772296162893,25900.99781232912,35341.28256622669,Total,daily
2022-04-01,32466.529837951177,27769.002779741724,37167.469731390476,Total,daily
2022-04-02,33452.25714965976,28436.67579293944,38596.52939456345,Total,daily
2022-04-03,28960.196322737138,24179.126992306818,33563.23464617615,Total,daily
2022-04-04,30164.31858012026,25715.489856570308,35107.20749823233,Total,daily
2022-04-05,30969.232895146037,26456.735756473936,35815.44979682344,Total,daily
2022-04-06,31364.339944547937,26808.014348918085,36057.44845862342,Total,daily
2022-04-07,31539.088715207425,26741.730807679,36180.70294117835,Total,daily
2022-04-08,33398.35778679889,28631.118604854873,38238.95749121594,Total,daily
2022-04-09,34430.18999410514,29756.164644209603,39194.39866624253,Total,daily
2022-04-10,29973.547145002234,25314.897701911403,35015.95515133962,Total,daily
2022-04-11,31219.624951156304,26066.03064114297,35940.49907582461,Total,daily
2022-04-12,32059.98580093682,27290.852864698667,36935.58146285897,Total,daily
2022-04-13,32481.63344373364,28001.18366350522,37120.58227837494,Total,daily
2022-04-14,32672.065532827797,27960.404747738467,37746.484265123436,Total,daily
2022-04-15,34537.38392848369,29940.568586662393,38867.25707167042,Total,daily
2022-04-16,35559.399534607364,31065.659503452232,40268.983432204994,Total,daily
2022-04-17,31067.424293574546,26525.15220549249,35772.484522612176,Total,daily
2022-04-18,32271.057419559256,27397.601740096146,37053.91792168382,Total,daily
2022-04-19,33050.50657971669,28152.842218383208,37405.483931590024,Total,daily
2022-04-20,33392.531412840915,28508.32335267905,37770.20896337919,Total,daily
2022-04-21,33485.22568151457,28707.51711151252,38421.153977201626,Total,daily
2022-04-22,35238.7779838406,30437.645804273234,39735.5188651005,Total,daily
2022-04-23,36131.858368136935,31612.37197439011,40778.8639212565,Total,daily
2022-04-24,31487.352201536356,26783.49258592287,36115.88827496923,Total,daily
2022-04-25,32536.5182658578,27556.87784458912,36992.94098250053,Total,daily
2022-04-26,33151.3979388363,28646.971466007057,37559.56867724843,Total,daily
2022-04-27,33321.52924863522,28485.37925102606,38032.10496891392,Total,daily
2022-04-28,33238.36543754656,28312.84308560961,38239.851252589455,Total,daily
2022-04-29,34818.600802507666,29843.07376138875,39562.48167311691,Total,daily
2022-04-30,35539.76428417647,31065.87347616738,40262.78317857702,Total,daily
2022-05-01,30719.833106820446,25861.687288953814,35127.1544701441,Total,daily
2022-05-02,31612.715161720185,27111.181351726773,36508.70688543306,Total,daily
2022-05-03,32082.714517875193,27394.308995858206,36874.204709018995,Total,daily
2022-05-04,32122.00113320412,27307.720025044815,36525.17802452557,Total,daily
2022-05-05,31924.668117728535,27065.06563073836,36879.54733681561,Total,daily
2022-05-06,33412.64201315563,28815.09350647292,38128.68723404359,Total,daily
2022-05-07,34060.51908163724,29357.923460422953,38769.15815859211,Total,daily
2022-05-08,29179.109448945157,24495.191670855056,33833.2096818356,Total,daily
2022-05-09,30042.308494845547,25688.08126768506,34797.828613751044,Total,daily
2022-05-10,30503.694709459232,25531.048554194116,35197.236523890606,Total,daily
2022-05-11,30554.840534932282,25444.19271380113,35217.1817218613,Total,daily
2022-05-12,30389.100437543293,25289.175584815282,35539.4240487127,Total,daily
2022-05-13,31930.20166102192,26870.834065977375,36681.56876084639,Total,daily
2022-05-14,32646.420088916406,28145.21139816858,37295.50577164073,Total,daily
2022-05-15,27838.150363724595,22896.401937001618,32314.823086582513,Total,daily
2022-05-16,28796.256568508685,24309.1664779855,33775.5621070564,Total,daily
2022-05-17,29360.885328754972,24665.07078672501,34004.01908702637,Total,daily
2022-05-18,29520.69125173481,24863.172696348833,34202.746894132724,Total,daily
2022-05-19,29466.41711358404,24544.764972060868,34278.45536185586,Total,daily
2022-05-20,31122.21279027982,26536.2839384869,35658.6426380942,Total,daily
2022-05-21,31949.18347139689,27169.01142925775,36377.471481823355,Total,daily
2022-05-22,27237.00251653113,22330.448823019404,32133.193915595577,Total,daily
2022-05-23,28293.742257332746,23621.588173364584,33149.59132525549,Total,daily
2022-05-24,28946.886894736064,24469.62527800766,33368.58989461397,Total,daily
2022-05-25,29183.441639903296,24398.819255431226,34158.86045957005,Total,daily
2022-05-26,29193.25969179709,24671.470716690408,34043.48554765596,Total,daily
2022-05-27,30903.03108626346,26225.19739629359,35481.49086295251,Total,daily
2022-05-28,31769.13394092476,27506.58226593733,36729.63733032401,Total,daily
2022-05-29,27073.2118637277,22277.542535006865,31754.74408245748,Total,daily
2022-05-30,28143.400273965573,23715.80995619179,32845.393182916545,Total,daily
2022-05-31,28797.45070342052,24416.883625666538,33669.08602867868,Total,daily
2022-06-01,29023.634179039414,24133.900144951775,33729.97630377314,Total,daily
2022-06-02,29013.72719724998,24178.157144451106,33688.791986145254,Total,daily
2022-06-03,30699.58702704818,25852.55535773802,35262.37241079379,Total,daily
2022-06-04,31535.229362858783,26707.20389535136,36222.72256975659,Total,daily
2022-06-05,26796.302787012064,21965.69347072829,31162.419082670418,Total,daily
2022-06-06,27832.65422339492,23160.211100554894,32555.82553347998,Total,daily
2022-06-07,28453.520999857872,23855.122065114247,32981.449150845394,Total,daily
2022-06-08,28649.198800833703,23650.1454901174,33206.66606331283,Total,daily
2022-06-09,28613.67172589606,23846.7206212718,33506.800897067595,Total,daily
2022-06-10,30283.774219821335,25823.639138028,35448.202430563884,Total,daily
2022-06-11,31110.510249114188,26484.910258214844,35612.2783910392,Total,daily
2022-06-12,26362.454270833667,21656.417540864317,31142.032330214333,Total,daily
2022-06-13,27409.69856076989,22893.892097022803,32062.01115610256,Total,daily
2022-06-14,28051.16761207847,23381.737093903117,33011.013487842145,Total,daily
2022-06-15,28277.11524999522,23598.991797384686,32835.791393136504,Total,daily
2022-06-16,28281.471262904728,23404.177004539735,33195.85000787719,Total,daily
2022-06-17,30003.667987069555,25190.080129764323,34650.00470430501,Total,daily
2022-06-18,30890.431237570443,26249.919566793367,35570.44840431593,Total,daily
2022-06-19,26199.392111853493,21488.468272550428,30947.755699024867,Total,daily
2022-06-20,27319.290641063602,22655.666715430936,31819.597796455884,Total,daily
2022-06-21,28036.415244730637,23551.535163657914,32897.673474474796,Total,daily
2022-06-22,28339.150112364943,23717.629721766523,33363.67515416329,Total,daily
2022-06-23,28419.91137245609,23596.607133790385,33340.01178165657,Total,daily
2022-06-24,30220.124941495298,25378.473206359464,34684.81433687493,Total,daily
2022-06-25,31178.692521451776,26275.82711034285,35764.012157964346,Total,daily
2022-06-26,26543.367386279326,21719.860249581772,30994.96304589093,Total,daily
2022-06-27,27724.036049963215,23186.27840277424,32305.17347981625,Total,daily
2022-06-28,28493.616473903625,23550.317648116747,33195.496001970976,Total,daily
2022-06-29,28839.678369613128,24227.431929593098,33536.490834069635,Total,daily
2022-06-30,28954.556346304493,24492.89918228021,33568.45127877767,Total,daily
2022-07-01,30783.39293733917,25964.9395239254,35279.49766138537,Total,daily
2022-07-02,31760.27722492902,26974.08976198493,36405.54551688925,Total,daily
2022-07-03,27124.18358703401,22621.49283138458,31717.479238366097,Total,daily
2022-07-04,28308.414256128195,23253.75033210704,32886.87568252627,Total,daily
2022-07-05,29074.824164816404,24637.046320274945,33734.26789886987,Total,daily
2022-07-06,29412.432827387674,24218.883069370047,33951.61028632036,Total,daily
2022-07-07,29515.63383533367,24572.591105146646,33778.85286497392,Total,daily
2022-07-08,31335.225753307142,26943.18588402271,36371.03922610687,Total,daily
2022-07-09,32302.15190618813,27627.85002157347,37177.37194378251,Total,daily
2022-07-10,27647.938815050587,22800.728015088604,32354.678479035356,Total,daily
2022-07-11,28830.246677899533,23908.71511675501,33422.22508342622,Total,daily
2022-07-12,29600.379985462736,24661.00694328281,34457.62578093338,Total,daily
2022-07-13,29948.86364770562,25499.748782236016,34563.78321712753,Total,daily
2022-07-14,30071.736057592883,25701.689398005026,35006.458981933,Total,daily
2022-07-15,31924.57020566402,27272.796396154474,36714.69031712386,Total,daily
2022-07-16,32933.83221548779,28153.812310276902,37762.6574023539,Total,daily
2022-07-17,28321.851928191598,23157.264299386465,32640.196783231953,Total,daily
2022-07-18,29568.527809779564,24882.596719475612,34052.27524927249,Total,daily
2022-07-19,30412.182618813116,25579.836716216025,35412.27613805979,Total,daily
2022-07-20,30842.174161704537,26300.491077705552,35147.51824071691,Total,daily
2022-07-21,31053.351380158485,25982.357548780106,35697.49268453001,Total,daily
2022-07-22,33003.15188282233,27987.877427971755,37661.11475543674,Total,daily
2022-07-23,34110.66961386384,29425.147287659856,38816.125035578516,Total,daily
2022-07-24,29586.249447726415,24998.10682630066,34286.78582762259,Total,daily
2022-07-25,30929.43708037064,26272.385926714273,35919.296827622755,Total,daily
2022-07-26,31863.26623305786,26713.495883115473,36489.174658561795,Total,daily
2022-07-27,32373.983773429987,27327.019297600975,37233.614456575095,Total,daily
2022-07-28,32653.73931933477,28518.121589876246,37498.67536137215,Total,daily
2022-07-29,34660.81819128687,30283.26142513596,39286.05440420263,Total,daily
2022-07-30,35809.33568459638,31032.75591853459,40437.09268354289,Total,daily
2022-07-31,31294.144642946365,26761.236473626082,36111.66900666386,Total,daily
2022-08-01,32636.521689969333,27940.126770113824,37326.84666236728,Total,daily
2022-08-02,33544.8586519062,28627.624761288247,38218.831699221264,Total,daily
2022-08-03,34003.99986807183,29426.08130502883,38853.30334949627,Total,daily
2022-08-04,34205.725798446285,29544.64129369333,39183.41025088869,Total,daily
2022-08-05,36113.02905210591,30996.083398066265,40580.850428236874,Total,daily
2022-08-06,37131.282047624314,32565.389916735894,41860.51226231055,Total,daily
2022-08-07,32446.927486562356,27777.066815868893,36986.25772051689,Total,daily
2022-08-08,33611.83228991135,28888.558076918605,38315.3703155591,Total,daily
2022-08-09,34320.77203421603,29425.975143110674,39097.98903272405,Total,daily
2022-08-10,34561.28334972772,29772.5894780217,39310.286151848464,Total,daily
2022-08-11,34528.83284475177,29587.281995827245,39261.45524835602,Total,daily
2022-08-12,36194.948630595594,31136.302521199268,40782.24501881262,Total,daily
2022-08-13,36962.429714663114,32162.04669537869,41456.08598213589,Total,daily
2022-08-14,32009.831160602836,27006.397862736758,36440.88178312228,Total,daily
2022-08-15,32922.303919175705,27781.115829242506,37111.513476387474,Total,daily
2022-08-16,33383.17648338905,28546.542643049754,37936.309434506555,Total,daily
2022-08-17,33384.26059832306,28734.110736798015,38343.64054861952,Total,daily
2022-08-18,33125.65907043852,28365.926769197617,37925.154335262276,Total,daily
2022-08-19,34587.723071016975,29957.152999301587,39000.4377634304,Total,daily
2022-08-20,35170.291156064,30671.497387634212,39918.49759751762,Total,daily
2022-08-21,30042.975019414996,25509.013354478942,34609.74410827315,Total,daily
2022-08-22,30822.50902571943,26463.362616692422,35768.13119446738,Total,daily
2022-08-23,31178.470173835318,26773.381179695854,35511.45964035634,Total,daily
2022-08-24,31104.094379143913,26561.75742373401,35667.113171043406,Total,daily
2022-08-25,30800.795029420504,26008.705347596624,35441.24007700524,Total,daily
2022-08-26,32254.030544742644,27698.77253494902,37034.91669601925,Total,daily
2022-08-27,32856.6677762828,28461.0917879179,37609.86107876035,Total,daily
2022-08-28,27765.170746340173,23304.714776928413,32750.25548223293,Total,daily
2022-08-29,28623.56707336647,23710.22049330847,32868.94205392703,Total,daily
2022-08-30,29083.41525213528,24407.277720833292,33954.36448998216,Total,daily
2022-08-31,29135.239311990998,24235.35724194803,34165.47928221692,Total,daily
2022-09-01,28977.861736247924,23901.451215752128,33493.2821168523,Total,daily
2022-09-02,30598.277854682558,26089.1601239036,35297.33099845764,Total,daily
2022-09-03,31379.230511826998,26822.980673051763,36187.17391331544,Total,daily
2022-09-04,26461.376639967795,21692.153678240964,30825.040709825393,Total,daily
2022-09-05,27513.931370929466,22780.081163292325,32529.000989009925,Total,daily
2022-09-06,28168.927779880367,23413.272794534234,32983.701123179984,Total,daily
2022-09-07,28413.298275770023,23473.939636191928,33093.977874482414,Total,daily
2022-09-08,28443.03279364532,23600.901514863384,32616.554291135195,Total,daily
2022-09-09,30247.053328106256,25583.57009660866,35054.962464841636,Total,daily
2022-09-10,31200.557804193308,26821.039769718853,35753.0106538553,Total,daily
2022-09-11,26427.893480546016,21868.819108476047,31058.175497551718,Total,daily
2022-09-12,27626.44707386426,22866.14199160894,32024.647581450583,Total,daily
2022-09-13,28410.858320191943,23540.540837207616,33047.714693899616,Total,daily
2022-09-14,28767.283227707914,23746.5765052518,33207.05259674295,Total,daily
2022-09-15,28892.029408053993,24634.40788509092,33744.54027821315,Total,daily
2022-09-16,30779.951039133877,26155.35104708835,35213.40012942437,Total,daily
2022-09-17,31798.153841761134,26988.266508291323,36602.235240339134,Total,daily
2022-09-18,27059.85095610723,22494.707267585083,31838.462773337138,Total,daily
2022-09-19,28297.122591783944,23760.0713147999,33100.491056458304,Total,daily
2022-09-20,29108.409149575513,24400.121271134478,33899.69336114123,Total,daily
2022-09-21,29481.935224353983,24848.80200952217,33958.63442767628,Total,daily
2022-09-22,29616.820821185658,25064.47015689051,34443.395635822664,Total,daily
2022-09-23,31515.88198600548,27062.8790123433,36299.22131505362,Total,daily
2022-09-24,32541.101214132064,27573.82549705654,37396.459766246335,Total,daily
2022-09-25,27794.131962634816,23052.37380513961,32505.5262806686,Total,daily
2022-09-26,29042.24196058491,24075.203678596292,33728.00954977799,Total,daily
2022-09-27,29867.641385733732,25023.804553706057,34506.31313595152,Total,daily
2022-09-28,30260.08208407511,25493.04166782162,34643.33666340881,Total,daily
2022-09-29,30420.474284587563,25889.000210342165,34934.972719198784,Total,daily
2022-09-30,32358.13654721065,27397.501189019564,36867.14635530213,Total,daily
2022-10-01,33428.087764709075,28679.871436919602,38042.09040012281,Total,daily
2022-10-02,28718.26709953153,23843.855800350666,33571.991736023665,Total,daily
2022-10-03,30028.736182190423,25166.86993776718,34896.227204056406,Total,daily
2022-10-04,30922.923590311722,26274.5209331476,35963.44527416085,Total,daily
2022-10-05,31389.483973553088,26907.50136524925,36231.066133682536,Total,daily
2022-10-06,31628.50574235264,26757.619349530734,36347.22115946398,Total,daily
2022-10-07,33653.293944555335,28660.11750914966,38359.98027628213,Total,daily
2022-10-08,34809.56304393725,30248.884760609562,39720.08918845479,Total,daily
2022-10-09,30169.444636786717,25303.70726462825,34676.006799506504,Total,daily
2022-10-10,31564.011903883875,26936.317441069954,36578.03611131602,Total,daily
2022-10-11,32536.4929072055,27795.781752829196,37184.871105010694,Total,daily
2022-10-12,33073.42978504099,28437.621373942053,37675.65843942724,Total,daily
2022-10-13,33373.504129718945,28889.777076398084,37883.15271330754,Total,daily
2022-10-14,35453.86539401728,31048.396471591586,40333.74718335817,Total,daily
2022-10-15,36651.22272102033,32229.35469686767,41249.281979468644,Total,daily
2022-10-16,32022.6246324452,27187.282456927773,37022.990016313954,Total,daily
2022-10-17,33431.276532158714,28784.825618560622,38282.420740296955,Total,daily
2022-10-18,34401.681334959336,29800.523894286427,39366.76745012666,Total,daily
2022-10-19,34920.046455818716,30051.67141226895,39845.84502259259,Total,daily
2022-10-20,35185.66563812174,30196.134391062355,39831.514705747235,Total,daily
2022-10-21,37221.72479049941,32389.8230264881,42201.60556313072,Total,daily
2022-10-22,38358.26250619929,33872.9268672873,43022.055000126464,Total,daily
2022-10-23,33639.50965094695,28941.014343860734,38336.255684485695,Total,daily
2022-10-24,34963.0932503071,30441.91530772883,39714.84649207969,Total,daily
2022-10-25,35836.93156600588,30975.369351972357,40492.8424871652,Total,daily
2022-10-26,36248.85824534028,31272.106181853313,40705.062864189014,Total,daily
2022-10-27,36400.49587919558,31372.312527799888,41232.96898041168,Total,daily
2022-10-28,38322.50317497645,33809.198592146095,43085.574585562776,Total,daily
2022-10-29,39339.23331099795,34477.8265460813,43857.37351167311,Total,daily
2022-10-30,34482.87942109854,29691.196768785932,39191.41551463638,Total,daily
2022-10-31,35685.913992327776,30704.58790648811,40332.71000881594,Total,daily
2022-11-01,36439.60620759857,31519.069293141718,40894.52851379205,Total,daily
2022-11-02,36733.032306983936,31899.931938384056,41346.148679981336,Total,daily
2022-11-03,36769.423877409354,31864.92633585792,41726.112054585676,Total,daily
2022-11-04,38585.89264623234,33893.20100408163,43139.188807228194,Total,daily
2022-11-05,39499.87403942601,34847.26468296048,44171.75336088108,Total,daily
2022-11-06,34530.01854552082,29717.77005773751,39473.844051902415,Total,daily
2022-11-07,35642.04714476125,30847.89677899405,40493.91842082588,Total,daily
2022-11-08,36308.920105441626,31536.00399660538,40922.62862976445,Total,daily
2022-11-09,36519.303661050064,31869.072631602987,41267.49838228841,Total,daily
2022-11-10,36476.46271634357,31965.586511057343,40796.529026751596,Total,daily
2022-11-11,38222.53000687233,33547.70257404862,42920.115446669726,Total,daily
2022-11-12,39066.796222385776,34206.14365689345,43792.23419368823,Total,daily
2022-11-13,34013.400941172105,29287.04997141649,38704.571858857315,Total,daily
2022-11-14,35060.64805931494,30539.07000587556,39374.58386839413,Total,daily
2022-11-15,35662.858541481495,30634.93719141257,40308.52537673073,Total,daily
2022-11-16,35808.31306823374,31100.10670855197,40649.51296480776,Total,daily
2022-11-17,35700.695006535054,30743.100870615308,40732.90385864515,Total,daily
2022-11-18,37387.89547275704,32666.09699348309,41741.265055141244,Total,daily
2022-11-19,38172.12722416546,33604.73829505312,43128.09695069884,Total,daily
2022-11-20,33044.378495947865,28197.543067369897,37790.08168848823,Total,daily
2022-11-21,34037.138837837694,29444.674444094006,38777.609166500355,Total,daily
2022-11-22,34587.87470683304,30139.2975778643,39461.95655347634,Total,daily
2022-11-23,34686.37727910795,30105.485494303794,39352.157887187386,Total,daily
2022-11-24,34538.67738438645,29464.329644440284,39425.9104578091,Total,daily
2022-11-25,36200.303181770425,31377.915395811106,40816.800892654544,Total,daily
2022-11-26,36968.13227567734,32524.874488607347,41405.39608021353,Total,daily
2022-11-27,31821.52354534161,27448.44418303819,36222.698774519115,Total,daily
2022-11-28,32828.372058767556,28257.659833696416,37748.54355197606,Total,daily
2022-11-29,33410.13267035133,28643.001952584527,38021.3513198097,Total,daily
2022-11-30,33558.507440773436,28675.66050206347,38194.4037203997,Total,daily
2022-12-01,33481.778828193776,28656.555707074123,38977.962273589714,Total,daily
2022-12-02,35242.509309852256,30486.396541147635,39967.28079994148,Total,daily
2022-12-03,36131.02278711878,31135.94232710615,41004.03870112505,Total,daily
2022-12-04,31113.277615705552,26349.721994923435,35619.533873232875,Total,daily
2022-12-05,32290.289534838532,27726.199870042874,37288.92549044113,Total,daily
2022-12-06,33064.6575047116,28410.547414871737,37899.83305276541,Total,daily
2022-12-07,33426.68796727087,28403.765768947975,38159.01554853009,Total,daily
2022-12-08,33583.20395623437,29167.51752612806,38432.02656316285,Total,daily
2022-12-09,35599.724097503444,31037.532207100634,40206.585536616025,Total,daily
2022-12-10,36755.80080454629,32243.759520849537,41330.64839759266,Total,daily
2022-12-11,31999.60662026779,27247.455810516032,36638.82258939412,Total,daily
2022-12-12,33460.95725646209,28542.746929504494,38256.333822843844,Total,daily
2022-12-13,34519.336283817516,29699.87377527082,39348.914245743785,Total,daily
2022-12-14,35159.68192265555,30472.112188598025,39721.664769836745,Total,daily
2022-12-15,35583.77221814471,30825.021818123845,40071.97974190617,Total,daily
2022-12-16,37857.03244191189,33385.21555630052,42549.37479100002,Total,daily
2022-12-17,39245.76176367779,34465.535096765074,43700.00463047759,Total,daily
2022-12-18,34678.617407610094,29706.97115516228,39033.60655183547,Total,daily
2022-12-19,36313.29630325232,31602.659589103445,40821.92056657184,Total,daily
2022-12-20,37506.12617013329,33019.92614344314,42468.00425547477,Total,daily
2022-12-21,38237.56129623777,33482.23790554118,42781.711751353316,Total,daily
2022-12-22,38706.16711711337,34031.85768814316,43081.17074536094,Total,daily
2022-12-23,40980.0548011191,36304.511738023575,45424.91277739736,Total,daily
2022-12-24,42315.96983736618,37623.60234576939,46831.10470718155,Total,daily
2022-12-25,37627.62200692982,32769.15843426524,42881.89711616136,Total,daily
2022-12-26,39105.94881445842,34026.69497190703,43413.01554411443,Total,daily
2022-12-27,40090.17261932656,35275.5069093343,45223.00692950862,Total,daily
2022-12-28,40562.88353203367,35626.12532037408,45335.83029736406,Total,daily
2022-12-29,40726.482643109615,36324.47280029204,45576.31202916753,Total,daily
2022-12-30,42659.08737100562,38104.135247774495,47311.077039745825,Total,daily
2022-12-31,43615.31359916023,38479.36480879292,48208.617087452876,Total,daily
2023-01-01,38501.27527879997,33481.67639829321,43117.18952080047,Total,daily
2023-01-02,39548.25007550294,35017.024393536754,44268.03848738068,Total,daily
2023-01-03,40085.02422012624,35203.75392075488,44870.62869652166,Total,daily
2023-01-04,40102.3901195532,35418.21065008398,44527.23648445656,Total,daily
2023-01-05,39811.88637775015,34925.55687724257,44612.72794330108,Total,daily
2023-01-06,41306.02702597096,36254.050005471334,46274.19321826229,Total,daily
2023-01-07,41840.64942458178,37343.80749529378,47065.66438454116,Total,daily
2023-01-08,36316.478496973665,31580.169978060658,41151.47935898203,Total,daily
2023-01-09,37006.115526066984,31985.87669150354,41759.703407632966,Total,daily
2023-01-10,37227.62011665946,32337.123710538508,41963.07696620328,Total,daily
2023-01-11,36978.40218451273,32056.329685593057,41434.174495902014,Total,daily
2023-01-12,36476.26975474026,32012.41273306586,41256.27390184632,Total,daily
2023-01-13,37824.02482947928,33051.626396800944,42398.93029344005,Total,daily
2023-01-14,38273.44999895579,33441.496204294934,43405.40719673233,Total,daily
2023-01-15,32713.54095643916,27694.041527561676,37851.93241895245,Total,daily
2023-01-16,33450.949181248594,28760.783910863192,38121.72667145707,Total,daily
2023-01-17,33784.95558860279,29333.969984845087,38387.99844912982,Total,daily
2023-01-18,33710.93321980758,28985.192708141698,38288.912467499285,Total,daily
2023-01-19,33443.895517443896,29026.611983292456,38208.86824853389,Total,daily
2023-01-20,35087.66337914365,30246.466253160343,39793.14880348775,Total,daily
2023-01-21,35880.70339544327,31223.844568025554,40463.91102333978,Total,daily
2023-01-22,30691.241518506868,25799.999508749283,35428.18358873683,Total,daily
2023-01-23,31851.370837312697,27362.917204251542,36838.28455239126,Total,daily
2023-01-24,32633.617776464875,28029.429376744076,37417.05678149186,Total,daily
2023-01-25,33024.16404322303,27824.443867854017,37596.42532837819,Total,daily
2023-01-26,33229.06453920116,28444.728275034875,37941.29639507163,Total,daily
2023-01-27,35348.13223397075,30583.800181264076,40038.336179303806,Total,daily
2023-01-28,36602.74724841824,31873.539492363456,41320.72779968968,Total,daily
2023-01-29,31837.942328627745,27111.515252147103,36339.17663881256,Total,daily
2023-01-30,33410.23349796811,29006.674435821387,38619.6982033576,Total,daily
2023-01-31,34565.80318127565,30061.8123016989,39336.746472772764,Total,daily
2023-02-01,35283.47150759095,30652.054883050532,40367.79820178336,Total,daily
2023-02-02,35763.539884109894,30962.61285821673,40474.84438917622,Total,daily
2023-02-03,38106.3167184809,33899.33806878054,43030.55535918679,Total,daily
2023-02-04,39521.78930148233,35216.66228839956,44151.221941554664,Total,daily
2023-02-05,34838.5446821906,30128.09276148585,39744.57699815832,Total,daily
2023-02-06,36445.161877749866,31840.151509566585,41196.09671675336,Total,daily
2023-02-07,37569.82976520882,32691.743590771053,42110.02163330619,Total,daily
2023-02-08,38192.869347992135,33924.9073518825,43411.83298318358,Total,daily
2023-02-09,38517.993375563994,33749.52097949572,43255.161686836334,Total,daily
2023-02-10,40655.25735734766,35926.03208569233,45418.407270243515,Total,daily
2023-02-11,41812.37816490073,37169.0919251658,46401.871190810816,Total,daily
2023-02-12,36810.27911554864,32114.035333778706,41920.964249788005,Total,daily
2023-02-13,38077.84269265908,33477.695540167515,42725.392666487794,Total,daily
2023-02-14,38832.77727395385,34182.20942173346,43811.92290475099,Total,daily
2023-02-15,39063.52409797789,34241.681215325414,44016.453976022705,Total,daily
2023-02-16,38982.79034837327,34103.10482988011,43849.5904121066,Total,daily
2023-02-17,40714.809935457044,35791.79246632035,45200.46393908652,Total,daily
2023-02-18,41468.22300034352,36923.20648868534,46070.23716117724,Total,daily
2023-02-19,36058.19095276806,31352.288994483268,40568.27192141678,Total,daily
2023-02-20,36954.48803213628,32056.07418525083,41883.57692426143,Total,daily
2023-02-21,37363.62795060204,32449.89019272101,42290.01871402361,Total,daily
2023-02-22,37280.19869349653,32621.70255036043,42268.898685969536,Total,daily
2023-02-23,36922.74273483445,31879.201708393633,41333.20218815613,Total,daily
2023-02-24,38425.429477294325,34110.30510879072,43008.944136675105,Total,daily
2023-02-25,38992.62275848486,34332.058882177385,43964.48364283292,Total,daily
2023-02-26,33427.71448704156,28502.057131445665,38164.48502739421,Total,daily
2023-02-27,34234.72106841437,29406.207226047725,39077.69934530984,Total,daily
2023-02-28,34601.84878506562,29905.57956644082,39504.48601861366,Total,daily
2023-03-01,34522.44317739357,29912.853531163793,39324.46858227864,Total,daily
2023-03-02,34213.40606006243,29548.47904873034,38738.05125636847,Total,daily
2023-03-03,35811.46719340049,31336.059976595767,41035.794281156355,Total,daily
2023-03-04,36509.620364036615,31482.062907761472,41249.13066370019,Total,daily
2023-03-05,31092.84458105436,26391.67250572506,35836.59915923649,Total,daily
2023-03-06,32093.358436001938,27287.820279873893,36337.69034876812,Total,daily
2023-03-07,32675.757664007655,28156.420873779127,37212.69016990666,Total,daily
2023-03-08,32827.6897279674,27897.333080685003,37572.09958652237,Total,daily
2023-03-09,32760.892954357947,28105.392860122218,37403.16442278128,Total,daily
2023-03-10,34612.12566966826,29992.46245344261,39435.491511857865,Total,daily
2023-03-11,35561.5010100924,30881.491720546932,40172.76944307117,Total,daily
2023-03-12,30375.09752303464,25344.982794393814,34937.552195924065,Total,daily
2023-03-13,31613.8455787689,26666.43808089712,36442.47128225781,Total,daily
2023-03-14,32420.18481784638,27763.167612160025,37396.21510212335,Total,daily
2023-03-15,32778.38726516575,28344.295325908788,37346.880363761,Total,daily
2023-03-16,32898.1202087578,28040.381781797834,37615.136402955286,Total,daily
2023-03-17,34919.91595522405,30335.870267445694,39869.66375419701,Total,daily
2023-03-18,36015.273747919426,31571.905883225343,40633.24273346276,Total,daily
2023-03-19,30936.01742332077,26252.23939491168,36153.09168880192,Total,daily
2023-03-20,32276.665069666014,27425.25472685921,36626.11096374195,Total,daily
2023-03-21,33162.45548424438,28950.948027246828,38034.020446807604,Total,daily
2023-03-22,33579.1712324137,28886.688036568557,38192.43051666432,Total,daily
2023-03-23,33739.08319582326,29170.686737301978,38269.54220253026,Total,daily
2023-03-24,35790.8293436532,30779.215305579703,40184.74103048596,Total,daily
2023-03-25,36901.166213549535,32095.31326178138,41374.67344455614,Total,daily
2023-03-26,31810.973253124244,26618.910511947724,36422.17037135701,Total,daily
2023-03-27,33151.025098960934,28348.53791207074,37711.0007169602,Total,daily
2023-03-28,34031.328108011294,29615.811618149473,38797.685059584204,Total,daily
2023-03-29,34440.40739961818,29553.25107448869,39549.693514853454,Total,daily
2023-03-30,34593.62067300193,30027.09942665645,39251.80358480201,Total,daily
2023-03-31,36647.45704271294,31822.080245355166,41499.77172214827,Total,daily
2023-04-01,37762.97177739691,32609.475460529604,42293.35237792039,Total,daily
2023-04-02,32668.49221000992,28093.343962893872,37590.92058482794,Total,daily
2023-04-03,34028.866646049275,29417.407338560322,38661.20184315621,Total,daily
2023-04-04,34936.201504346514,30377.81827515763,39798.7228452682,Total,daily
2023-04-05,35378.71635124473,30764.660328908805,40143.73193303302,Total,daily
2023-04-06,35571.541060843054,30731.306561655187,40510.018978283195,Total,daily
2023-04-07,37675.55539288251,32934.36582030279,42479.65067925291,Total,daily
2023-04-08,38842.62947091773,34172.25339284051,43583.43555365011,Total,daily
2023-04-09,33785.15358921738,29171.31947740643,38585.48599953925,Total,daily
2023-04-10,35198.88080778284,30580.360946775792,40133.28152426091,Total,daily
2023-04-11,36155.172535951206,31359.429652197945,40785.26265945504,Total,daily
2023-04-12,36639.51848712667,31955.02594074819,41516.33002137335,Total,daily
2023-04-13,36864.89910925343,32379.174568558796,41734.92418375972,Total,daily
2023-04-14,38995.230591994856,33745.461646811214,43960.00665158518,Total,daily
2023-04-15,40172.45818559918,35139.96383369586,44837.60375581461,Total,daily
2023-04-16,35092.93508444023,30294.470970623526,39846.41424385716,Total,daily
2023-04-17,36483.86494389318,31625.29761985429,41659.040694732765,Total,daily
2023-04-18,37397.03981686602,33047.189805567534,41828.63273715678,Total,daily
2023-04-19,37816.99046938795,33105.52503873461,42424.081275255165,Total,daily
2023-04-20,37956.85988646303,33403.777234448135,42546.24152650284,Total,daily
2023-04-21,39986.38290885246,35194.64149852767,44448.626285094695,Total,daily
2023-04-22,41040.74616136861,36272.99973010641,45786.868404659144,Total,daily
2023-04-23,35803.71898677325,30843.34314247742,40558.47541491296,Total,daily
2023-04-24,37037.589225240816,32130.78488248003,41687.52323735089,Total,daily
2023-04-25,37778.28148607573,33045.191481737565,42546.3140208099,Total,daily
2023-04-26,38013.023721323334,33427.3466297748,42708.72479371756,Total,daily
2023-04-27,37958.619122538716,32839.676870762996,42538.49074990641,Total,daily
2023-04-28,39793.8525569092,35156.15622691068,44358.69664077208,Total,daily
2023-04-29,40650.01739587895,35881.41815890013,45340.05297289429,Total,daily
2023-04-30,35200.70991087703,30560.248323509993,40064.14201064499,Total,daily
2023-05-01,36245.18349185677,31600.706326481,40605.54085697888,Total,daily
2023-05-02,36804.78840771069,32097.803892837062,41451.55253788016,Total,daily
2023-05-03,36870.113483760535,32066.02399651896,41189.06339458473,Total,daily
2023-05-04,36661.6340989957,31945.63541622606,41341.61867920805,Total,daily
2023-05-05,38366.54258942909,33614.89574576909,43170.95178213866,Total,daily
2023-05-06,39110.95860740864,34127.77108174275,43952.54097046832,Total,daily
2023-05-07,33556.422489703546,28833.63010206134,38078.08538318113,Total,daily
2023-05-08,34536.72115755445,29862.104308529553,39201.64256086602,Total,daily
2023-05-09,35055.71866431978,30552.21118860758,39760.361406805016,Total,daily
2023-05-10,35104.05618240659,30428.60171379488,39754.609615239075,Total,daily
2023-05-11,34902.2706576203,30208.9463754313,40027.50984368423,Total,daily
2023-05-12,36642.152205583225,31936.663921269395,40843.08450818039,Total,daily
2023-05-13,37440.74637675399,32947.99242429132,42402.552394781844,Total,daily
2023-05-14,31943.656958097945,27302.251084630687,36555.31580278893,Total,daily
2023-05-15,33015.452797285354,28196.355364356263,37729.584520693075,Total,daily
2023-05-16,33638.993911568796,28745.086644338415,38066.08237842517,Total,daily
2023-05-17,33801.78699556384,29239.572201175622,38689.3809625768,Total,daily
2023-05-18,33721.66153305005,29040.697241132333,38192.30131822148,Total,daily
2023-05-19,35592.72805923092,30476.42255183712,40496.44600117663,Total,daily
2023-05-20,36521.23116352081,31683.507288520446,41078.77858371863,Total,daily
2023-05-21,31135.70387363172,26426.15780114803,36030.159929275345,Total,daily
2023-05-22,32330.979735251385,27679.633617594976,36792.329570587855,Total,daily
2023-05-23,33069.02040912081,28081.695627089313,37783.857683372094,Total,daily
2023-05-24,33334.91419542212,28046.53871117361,37848.96727437453,Total,daily
2023-05-25,33345.07919494793,28779.09058001122,37954.22489923969,Total,daily
2023-05-26,35297.775191275374,30698.189173977556,40001.984280620585,Total,daily
2023-05-27,36290.74487715679,31539.638454622986,41341.66562901048,Total,daily
2023-05-28,30938.144054205095,25921.21131387186,35482.31354005208,Total,daily
2023-05-29,32168.072359488742,27416.529888620305,37131.9572213832,Total,daily
2023-05-30,32924.80761522428,28091.23219399798,37581.86859785927,Total,daily
2023-05-31,33194.34745742942,28674.172658112235,38190.623339386,Total,daily
2023-06-01,33195.03753750034,28166.12453073516,38173.015773236046,Total,daily
2023-06-02,35132.536044964385,30196.347020028417,39859.647703062714,Total,daily
2023-06-03,36099.146277724634,31127.37544108762,40907.55029346243,Total,daily
2023-06-04,30697.43280343138,25990.88519401954,35303.65208870222,Total,daily
2023-06-05,31891.19069122176,27191.818458505648,36273.283289838735,Total,daily
2023-06-06,32609.01855666037,27632.155932809015,37208.380449534816,Total,daily
2023-06-07,32839.349305829004,27816.81528360909,38029.38555165868,Total,daily
2023-06-08,32803.464993709196,28239.29548609579,37151.41214732475,Total,daily
2023-06-09,34714.892254852646,29725.481425419384,39267.91016563521,Total,daily
2023-06-10,35660.42165984016,31093.535279309956,40295.61178532351,Total,daily
2023-06-11,30230.422444455544,25154.21523055629,35034.35549421206,Total,daily
2023-06-12,31423.279473141938,26707.257581168535,36068.77604613926,Total,daily
2023-06-13,32150.34976905518,27632.44541350296,37146.60109972473,Total,daily
2023-06-14,32400.541191243698,27359.918531610063,37344.6905399414,Total,daily
2023-06-15,32395.7848302283,27440.437090774438,37080.297727740275,Total,daily
2023-06-16,34354.941957780204,29445.039471548822,38978.45614296143,Total,daily
2023-06-17,35356.59788596135,30588.93958779419,39995.83298654785,Total,daily
2023-06-18,29976.167249062542,25375.943905316097,34452.8041408662,Total,daily
2023-06-19,31243.891992707006,26534.425729260685,36170.00311519906,Total,daily
2023-06-20,32051.273002699614,27417.8187099283,36701.1434671148,Total,daily
2023-06-21,32385.283721395353,27541.54717048475,37108.90337338805,Total,daily
2023-06-22,32466.37970601654,28051.99472992748,37412.05051254606,Total,daily
2023-06-23,34516.986808646725,29629.203580925547,39145.90246681749,Total,daily
2023-06-24,35606.12711918381,31037.227566249323,40107.70077862005,Total,daily
2023-06-25,30293.358423377285,25592.431319371528,35027.79006459854,Total,daily
2023-06-26,31640.361498380706,26938.081078556243,36324.13177386214,Total,daily
2023-06-27,32518.85888036,27944.720517672493,37373.88197381179,Total,daily
2023-06-28,32914.45883666286,27982.007261735343,37871.79063478498,Total,daily
2023-06-29,33047.18102318719,28344.74031431198,37910.40474107648,Total,daily
2023-06-30,35144.48901802859,30447.170141033228,39568.472209641826,Total,daily
2023-07-01,36267.696826634456,31700.768501178998,40875.353432951866,Total,daily
2023-07-02,30962.67798576291,26588.307069761297,35869.19494086084,Total,daily
2023-07-03,32324.966677966364,27505.402348885207,36966.402425921835,Total,daily
2023-07-04,33209.079600280456,28497.395079659964,37690.50433934812,Total,daily
2023-07-05,33601.900386978145,29000.296307117365,38225.77470264987,Total,daily
2023-07-06,33725.6284763277,29077.33504328253,38589.77382043017,Total,daily
2023-07-07,35815.26311041098,31289.778336167943,40593.00649181022,Total,daily
2023-07-08,36926.70052346356,32315.280470126574,41779.479851190816,Total,daily
2023-07-09,31594.128743291632,26627.976251462336,36522.213882435324,Total,daily
2023-07-10,32948.56726339002,28289.46136693785,37594.196242340615,Total,daily
2023-07-11,33828.52793921226,29130.72046009602,38324.3728710796,Total,daily
2023-07-12,34222.88913920331,29538.939697256003,39127.92447902484,Total,daily
2023-07-13,34356.232214020085,29780.185958568276,39217.92297160359,Total,daily
2023-07-14,36470.75777373929,31777.233024025252,41319.69215823275,Total,daily
2023-07-15,37616.071588728984,33164.56157415679,42324.626626786645,Total,daily
2023-07-16,32313.280608624515,27656.255419764584,36805.03555886847,Total,daily
2023-07-17,33727.00393257219,28912.033612392643,38360.7976703315,Total,daily
2023-07-18,34677.42188843714,29745.874206373486,39410.11036067472,Total,daily
2023-07-19,35152.70416176829,30647.49115382616,39456.38544973745,Total,daily
2023-07-20,35376.811413273994,30649.218258858735,39963.56088053787,Total,daily
2023-07-21,37595.93245159416,33228.17056168088,42093.98253573781,Total,daily
2023-07-22,38850.05595201312,33872.89168035863,43202.56946108668,Total,daily
2023-07-23,33643.87041543178,28602.88152974145,38160.72875635212,Total,daily
2023-07-24,35172.35170719638,30594.769976820557,40050.739414241616,Total,daily
2023-07-25,36234.30495913721,31550.99167054354,41012.07973699135,Total,daily
2023-07-26,36814.447495744906,31838.803329383867,41674.07026957105,Total,daily
2023-07-27,37133.769490435225,32164.20248519582,41180.03426736847,Total,daily
2023-07-28,39440.576065398796,34428.546299149224,44224.31367648318,Total,daily
2023-07-29,40763.91633686738,35964.191271636606,45582.49542751871,Total,daily
2023-07-30,35591.343984110594,31008.693426199578,40494.27083487028,Total,daily
2023-07-31,37148.12129188948,32573.872005360525,41647.79206962343,Total,daily
2023-08-01,38212.27565888772,33574.170488423166,42928.73219145168,Total,daily
2023-08-02,38766.34006053914,33816.89448291018,43241.98833878565,Total,daily
2023-08-03,39030.25610181593,34374.590490699484,43275.65177907007,Total,daily
2023-08-04,41256.98525070214,36377.52804167205,45422.71443298607,Total,daily
2023-08-05,42467.74106056569,37820.33843850856,47012.445239958506,Total,daily
2023-08-06,37136.53918455643,32315.96791247862,41628.51722294402,Total,daily
2023-08-07,38522.931590610366,33805.13599089651,43381.734704049326,Total,daily
2023-08-08,39388.478485731066,34978.03886579376,44146.90341063883,Total,daily
2023-08-09,39718.0369635515,35239.03332362786,44922.72278637598,Total,daily
2023-08-10,39735.08996285872,34790.437805902504,44406.95636205234,Total,daily
2023-08-11,41701.806206422356,37079.192896146946,46643.677619984206,Total,daily
2023-08-12,42635.95469092809,37939.67490528546,47067.77237007976,Total,daily
2023-08-13,37002.1260892408,32637.340216684835,41651.43109841526,Total,daily
2023-08-14,38097.88534984417,33309.77832515587,42803.852911320355,Total,daily
2023-08-15,38671.55662879919,34230.99417814187,43847.83885007156,Total,daily
2023-08-16,38712.97013075468,33910.05000459077,43221.65370192534,Total,daily
2023-08-17,38451.14190794226,33598.057666629524,43434.82483932635,Total,daily
2023-08-18,40158.7246599224,35687.05947528597,45069.37359064063,Total,daily
2023-08-19,40850.565386854614,36042.45964474567,45391.39181312584,Total,daily
2023-08-20,34981.579177872714,30148.192129908264,39487.77318337415,Total,daily
2023-08-21,35886.32180597353,31355.165079589307,40451.04937428064,Total,daily
2023-08-22,36298.10988452494,31832.43682958004,41177.97301581839,Total,daily
2023-08-23,36209.26824574566,31817.775092006217,40971.06613438453,Total,daily
2023-08-24,35851.22184642229,31243.444085632116,40623.492990114886,Total,daily
2023-08-25,37503.41593311778,32826.80038189617,42336.08512583621,Total,daily
2023-08-26,38173.61051317822,33486.21144335054,42902.90486046228,Total,daily
2023-08-27,32302.51265608637,27454.339285113296,37041.669554415304,Total,daily
2023-08-28,33256.8847773315,28384.165499545215,37838.656370628916,Total,daily
2023-08-29,33750.122055988104,29105.996919840287,38653.977439734896,Total,daily
2023-08-30,33772.12533916884,28864.30905322938,38233.056032781504,Total,daily
2023-08-31,33551.929626975536,28964.59712762005,38311.76007471031,Total,daily
2023-09-01,35371.214114044684,31023.46690002357,40182.39146991423,Total,daily
2023-09-02,36226.446703971254,31234.379501908476,41002.90864875577,Total,daily
2023-09-03,30540.37765849008,25902.061597646887,35384.98225724277,Total,daily
2023-09-04,31708.773215491336,27066.826685539756,36453.067644941686,Total,daily
2023-09-05,32422.524310465447,27887.60373650968,37131.45910365088,Total,daily
2023-09-06,32667.2014911962,27797.298394679518,37481.92732284302,Total,daily
2023-09-07,32668.257460625526,27788.29946357994,37248.77162568018,Total,daily
2023-09-08,34709.14457211757,29941.812407600995,39547.522065546036,Total,daily
2023-09-09,35775.30674151746,31270.644736419083,40425.12926404325,Total,daily
2023-09-10,30272.511833927314,25686.61987219063,34842.67629443088,Total,daily
2023-09-11,31627.1688714517,27209.047813219415,36473.61404731487,Total,daily
2023-09-12,32509.908553636655,27940.302675222276,37182.2289149069,Total,daily
2023-09-13,32904.74479179653,27995.941079109758,37696.219982627845,Total,daily
2023-09-14,33036.76235216341,28079.044770530105,37855.00534595003,Total,daily
2023-09-15,35194.74197222325,30506.926243693113,39757.66554372219,Total,daily
2023-09-16,36356.89194714793,31533.951420813915,40936.53244084317,Total,daily
2023-09-17,30915.906828370913,26249.606176733494,35352.20630672431,Total,daily
2023-09-18,32332.754388445555,27420.330099949177,36954.58470572693,Total,daily
2023-09-19,33261.61600844278,28327.66602360265,37977.20042954433,Total,daily
2023-09-20,33688.548020248236,28808.198193130644,38178.441761755,Total,daily
2023-09-21,33841.55579772738,29429.524061801796,38155.39565794477,Total,daily
2023-09-22,36017.63877135852,31409.05418817772,40590.82278914786,Total,daily
2023-09-23,37190.1873129663,32701.78066508144,41831.89791092749,Total,daily
2023-09-24,31740.70871907295,26953.1623876965,36564.740248847775,Total,daily
2023-09-25,33166.04177733731,28801.209114985177,37812.57904285732,Total,daily
2023-09-26,34104.632746873845,29429.313855492594,39029.55199409041,Total,daily
2023-09-27,34544.69057601032,29523.407748612546,38879.53233351622,Total,daily
2023-09-28,34716.659763977776,29961.26968959768,39334.795785524126,Total,daily
2023-09-29,36924.715212448384,32441.429473573273,41753.147103346564,Total,daily
2023-09-30,38135.87080992059,33414.23085372019,42982.930344917106,Total,daily
2023-10-01,32718.433916503865,28117.433769866853,37414.53367621371,Total,daily
2023-10-02,34202.72149513282,29255.6999741134,38692.80268872593,Total,daily
2023-10-03,35208.755959214184,30520.971776924147,39762.41710320013,Total,daily
2023-10-04,35724.006126823595,31040.89129584242,40469.47622599298,Total,daily
2023-10-05,35978.35537841398,31459.771981100446,40632.957590481645,Total,daily
2023-10-06,38280.14450095182,33672.02993947361,42845.06420709181,Total,daily
2023-10-07,39587.088704592396,35248.41780103283,44479.39037356013,Total,daily
2023-10-08,34251.552946911506,29542.816191962123,38886.87596679649,Total,daily
2023-10-09,35834.85476475136,30850.117367187893,40826.364447415894,Total,daily
2023-10-10,36936.4553713742,31997.416573550985,41537.570621403844,Total,daily
2023-10-11,37541.3497532742,32806.80007132768,42445.17536374398,Total,daily
2023-10-12,37877.57973015197,33335.635568984195,42553.33452052444,Total,daily
2023-10-13,40256.85922423161,35552.912962480965,45061.88411630122,Total,daily
2023-10-14,41627.31808604519,36784.16335715175,46137.70508621827,Total,daily
2023-10-15,36325.600211784964,31645.30471255547,40968.19476392878,Total,daily
2023-10-16,37944.738762641704,33185.86796853646,42940.73370287152,Total,daily
2023-10-17,39064.81260268122,34639.33480024381,43848.454417411565,Total,daily
2023-10-18,39669.941196278385,35041.98512563143,44491.477335798,Total,daily
2023-10-19,39988.28540817424,35318.861844430925,44550.66005927803,Total,daily
2023-10-20,42337.187226988426,37517.404990835734,47017.364535652734,Total,daily
2023-10-21,43657.66396256246,38561.791301125086,47917.64141210548,Total,daily
2023-10-22,38273.24685009563,33646.34663522906,43060.541974166066,Total,daily
2023-10-23,39811.343250840786,35384.315122122316,44685.15142706813,Total,daily
2023-10-24,40835.27277430282,36110.11369428933,45228.327799967614,Total,daily
2023-10-25,41330.783909798105,36823.74496775119,45963.63071707638,Total,daily
2023-10-26,41528.46482692818,36805.50300190389,45964.387006990844,Total,daily
2023-10-27,43753.32768765403,39073.10271058898,48593.95001679067,Total,daily
2023-10-28,44940.99349765835,40162.503544072155,49866.25146077108,Total,daily
2023-10-29,39403.22355602078,34753.984941206385,44365.69303920539,Total,daily
2023-10-30,40802.734591031556,36172.23359197811,45497.63955321067,Total,daily
2023-10-31,41686.59517679064,36581.25646914184,46183.660929611826,Total,daily
2023-11-01,42042.25993207216,37507.093710351925,46495.34503077211,Total,daily
2023-11-02,42101.88807321563,37282.70180665452,46623.98937770386,Total,daily
2023-11-03,44197.887569188584,39393.83245262384,49153.15602735086,Total,daily
2023-11-04,45259.42972438709,40564.97886071384,49837.24963587386,Total,daily
2023-11-05,39585.42814937836,34854.80091667856,44272.445342669576,Total,daily
2023-11-06,40871.68816009523,36091.64720810035,45623.075135146464,Total,daily
2023-11-07,41647.51815833438,37002.9901282369,46762.92002809305,Total,daily
2023-11-08,41900.20641461656,37234.78088900916,46264.6081215377,Total,daily
2023-11-09,41862.60280927131,37343.23707522536,47014.30960660364,Total,daily
2023-11-10,43871.506094264434,39325.20045750109,48696.8983265591,Total,daily
2023-11-11,44848.173773536866,40256.261910624824,49274.218905461144,Total,daily
2023-11-12,39077.37232125083,34387.38178364282,43638.114148806526,Total,daily
2023-11-13,40286.228175457945,35466.7376918049,44705.049420817726,Total,daily
2023-11-14,40985.782914593816,36314.85418683874,45736.36648159812,Total,daily
2023-11-15,41162.66375799814,36039.433906165315,45645.055028224124,Total,daily
2023-11-16,41049.80778765894,36100.21537867459,45634.76686325496,Total,daily
2023-11-17,42989.25233557063,38242.81293071738,47685.48046653193,Total,daily
2023-11-18,43895.08727391398,39452.094397180845,48547.405372402274,Total,daily
2023-11-19,38039.06293867298,32901.757428288634,42913.92802959409,Total,daily
2023-11-20,39181.10448420755,34251.33364634062,44122.46792963725,Total,daily
2023-11-21,39815.75752801073,35314.733773813045,44789.38568933351,Total,daily
2023-11-22,39930.98543498614,35117.84905303127,44598.294813692046,Total,daily
2023-11-23,39761.95746171089,34711.97556970429,44780.517545267474,Total,daily
2023-11-24,41658.15450787048,37252.51517833695,46401.78395489764,Total,daily
2023-11-25,42528.66964222359,38084.0644811584,47012.88806675274,Total,daily
2023-11-26,36634.27622177898,31841.098788027954,41225.68771725967,Total,daily
2023-11-27,37769.50803189824,33369.22240908666,42397.86200574974,Total,daily
2023-11-28,38413.90112176923,33743.991384670124,43212.996929276705,Total,daily
2023-11-29,38557.83024242831,34082.951654904304,43350.87886759016,Total,daily
2023-11-30,38439.28316128181,33677.986552708215,43124.845092467775,Total,daily
2023-12-01,40415.21690807441,35599.35019430756,45042.43494080266,Total,daily
2023-12-02,41389.157228970806,36764.273145646264,46064.31556349883,Total,daily
2023-12-03,35609.69541784979,30886.255524512977,40260.16840040412,Total,daily
2023-12-04,36904.122346227094,32186.120444935204,41309.839065005755,Total,daily
2023-12-05,37734.47537960538,32978.408833792906,42319.00778954648,Total,daily
2023-12-06,38090.44422699015,33362.96863530962,42880.77484624628,Total,daily
2023-12-07,38209.18298296991,33470.52319191705,42756.50011520814,Total,daily
2023-12-08,40450.988992800754,36172.85089458381,45159.61917059223,Total,daily
2023-12-09,41709.29253637415,36885.005993440995,46346.20600814704,Total,daily
2023-12-10,36215.69082784751,31209.448271499172,41327.106568492396,Total,daily
2023-12-11,37825.258936441365,33433.635516105576,42854.597742463586,Total,daily
2023-12-12,38977.53619681051,34462.1553665341,43655.62346841463,Total,daily
2023-12-13,39656.6437203415,35125.97725062185,44409.20004012732,Total,daily
2023-12-14,40091.44510955356,35492.716773102366,44812.21089788232,Total,daily
2023-12-15,42643.84008790957,38205.64325227053,47334.50336908029,Total,daily
2023-12-16,44193.711881758165,39328.640814882856,48715.78953971741,Total,daily
2023-12-17,38954.529267741505,34324.18381506852,43483.90934337027,Total,daily
2023-12-18,40803.50612258675,36109.784724305864,45188.834792443435,Total,daily
2023-12-19,42158.11960724003,37568.49388241351,46926.90141663473,Total,daily
2023-12-20,42996.74744346641,38315.293846708315,47591.631764570964,Total,daily
2023-12-21,43546.36952913385,38646.18683586534,48074.48374848189,Total,daily
2023-12-22,46165.9331293093,41535.37122659618,51054.152728340494,Total,daily
2023-12-23,47726.03726842261,43399.29343058549,52438.836003256394,Total,daily
2023-12-24,42427.02766494978,37860.958180168076,47236.425039493086,Total,daily
2023-12-25,44169.85539709334,38956.11213513141,48979.254996205615,Total,daily
2023-12-26,45357.89935070275,40445.16560744532,49678.43104869525,Total,daily
2023-12-27,45970.43107498566,41294.12976674264,50952.267375927724,Total,daily
2023-12-28,46237.043257290155,41144.10251155716,50586.43631666584,Total,daily
2023-12-29,48524.42988257021,43859.06455764793,53289.170599506084,Total,daily
2023-12-30,49702.19730191123,45045.564305667496,54296.43130856421,Total,daily
2023-12-31,43966.020765064684,39349.07306163375,48708.10611151593,Total,daily
2024-01-01,45249.00290125153,40522.72370275432,50156.150690718954,Total,daily
2024-01-02,45948.59618600854,41848.04892795808,50818.74613425458,Total,daily
2024-01-03,46052.691421403375,41127.81754039874,50493.02695122165,Total,daily
2024-01-04,45800.5747408322,40860.86977337336,50625.48336697696,Total,daily
2024-01-05,47572.93532617583,42976.416566289474,52466.47039823433,Total,daily
2024-01-06,48243.631766924686,43704.377455401285,52654.17796323775,Total,daily
2024-01-07,42007.75960597691,37353.79860940429,46763.5001904592,Total,daily
2024-01-08,42833.38416547852,38017.44394673858,47716.93702120051,Total,daily
2024-01-09,43113.46640163581,38432.30627563665,48001.770224374304,Total,daily
2024-01-10,42844.5102453037,38285.55005776529,47603.06120660334,Total,daily
2024-01-11,42274.01747873028,37426.16611707722,46991.21654771887,Total,daily
2024-01-12,43793.727837776634,39376.43151124378,48782.66557025833,Total,daily
2024-01-13,44277.381445524086,39757.96209164187,49194.19932889298,Total,daily
2024-01-14,37913.77365126852,33293.28353405299,42901.92254488981,Total,daily
2024-01-15,38698.97258409476,33776.04161666648,43557.646754201305,Total,daily
2024-01-16,39013.39058450252,34573.82963965941,43480.658542041325,Total,daily
2024-01-17,38853.161247893026,34033.50288460963,43586.343195609,Total,daily
2024-01-18,38464.287739026295,33751.11114252358,43243.795815527905,Total,daily
2024-01-19,40239.33095362471,35236.41045075305,44947.21909807382,Total,daily
2024-01-20,41041.39862824852,36318.11267278441,45361.706332894144,Total,daily
2024-01-21,35042.42738470257,30269.405695230354,40263.606377203345,Total,daily
2024-01-22,36256.12832656618,31697.435440059922,41095.10849391547,Total,daily
2024-01-23,37040.444721192085,32367.207243586105,41419.75340997986,Total,daily
2024-01-24,37378.42618083719,32370.12852913214,41969.79271293159,Total,daily
2024-01-25,37509.65845154334,32571.519566685238,42272.694793346884,Total,daily
2024-01-26,39819.64413333232,35012.71716442379,44464.06071817804,Total,daily
2024-01-27,41155.40673110227,36428.886694075416,46109.87995129214,Total,daily
2024-01-28,35670.38943114753,30725.119037377277,40156.69477353138,Total,daily
2024-01-29,37386.94643344592,32361.277423813586,41813.15170820297,Total,daily
2024-01-30,38642.00382985143,33368.174189238125,42799.57957116354,Total,daily
2024-01-31,39412.70687167359,34678.24601625062,44031.552305940066,Total,daily
2024-02-01,39927.00955634349,35456.033492825525,44425.4682756364,Total,daily
2024-02-02,42565.735819883135,37758.10553190657,47079.42180276677,Total,daily
2024-02-03,44166.127160074706,39374.78818343684,48772.90920001285,Total,daily
2024-02-04,38870.14787006674,34005.08150980987,43788.60814564294,Total,daily
2024-02-05,40713.0366645283,36174.36239665466,45737.08781525707,Total,daily
2024-02-06,42021.19482434072,37148.90837141903,46889.32196594562,Total,daily
2024-02-07,42771.61131868112,38094.55108130081,47559.84392909044,Total,daily
2024-02-08,43193.930105082945,38672.02293087836,47742.64829341617,Total,daily
2024-02-09,45674.646547917415,40880.64066116628,50333.24979609944,Total,daily
2024-02-10,47051.716804038064,42183.85388071128,51726.08375904051,Total,daily
2024-02-11,41466.024021954225,36499.46141600807,46112.96440058288,Total,daily
2024-02-12,42975.74920400528,38310.11738087435,47589.38385230894,Total,daily
2024-02-13,43906.25599862512,39285.678027996844,48326.063208261796,Total,daily
2024-02-14,44243.0792004989,39469.76661782418,48617.32805005617,Total,daily
2024-02-15,44225.276683406875,39334.03822693829,48799.387527045605,Total,daily
2024-02-16,46251.59402646768,41751.36641082967,51044.54142644864,Total,daily
2024-02-17,47165.99866627772,42548.392018197585,52360.55172269172,Total,daily
2024-02-18,41112.20323994337,36593.72539467154,45709.417736116455,Total,daily
2024-02-19,42173.787302814104,37213.38965486269,46487.29476439082,Total,daily
2024-02-20,42676.047154859974,37785.016328695936,47637.74321678549,Total,daily
2024-02-21,42612.55323025193,37894.95133879536,47747.99726215782,Total,daily
2024-02-22,42229.828685576744,37517.09811969225,46944.98019100752,Total,daily
2024-02-23,43935.559207050384,38915.38106877009,48473.490931880064,Total,daily
2024-02-24,44575.161394426184,39580.20991531774,49500.005136944244,Total,daily
2024-02-25,38289.50192273763,33857.86800197495,42805.190044280214,Total,daily
2024-02-26,39180.93398769086,34126.35747530972,43802.345569363,Total,daily
2024-02-27,39567.29660914226,34844.13083814046,44489.97103540595,Total,daily
2024-02-28,39442.24081244576,34604.31018282701,44006.2338096134,Total,daily
2024-02-29,39051.444780192425,34500.10131931046,43826.025034588296,Total,daily
2024-03-01,40803.08310884537,36107.06342850273,45166.136541867214,Total,daily
2024-03-02,41535.642370913425,36699.869623049235,46040.45729634938,Total,daily
2024-03-03,35379.04215410775,30911.15903591429,40060.978810230736,Total,daily
2024-03-04,36446.78010632743,31642.4523494851,41262.15000003831,Total,daily
2024-03-05,37042.25750999251,32301.143215627737,41574.963628013924,Total,daily
2024-03-06,37151.07013500799,32513.917024319755,41554.34389267928,Total,daily
2024-03-07,37014.78341927931,32199.351461077968,41677.08746245117,Total,daily
2024-03-08,39037.513676635404,34358.519381194696,43905.16241704506,Total,daily
2024-03-09,40048.04749970365,35233.34327533731,44767.57668677821,Total,daily
2024-03-10,34165.1189763333,29674.842260758196,38941.5858678404,Total,daily
2024-03-11,35509.201773839704,30326.630832055274,40309.681557961914,Total,daily
2024-03-12,36371.30338410664,31797.23863392009,40527.69605373169,Total,daily
2024-03-13,36734.3890114098,31843.260203033245,41224.463024254765,Total,daily
2024-03-14,36834.35133521129,31947.35531827262,41710.63535947844,Total,daily
2024-03-15,39074.02144581698,34604.34869705005,43843.503636847374,Total,daily
2024-03-16,40277.41333450965,35806.49333740263,45403.21073650328,Total,daily
2024-03-17,34557.239113976124,29701.13261616099,39420.98529572817,Total,daily
2024-03-18,36044.278221741595,31078.936255974917,40585.813587597746,Total,daily
2024-03-19,37023.74613119904,32200.2002254025,41841.93403171486,Total,daily
2024-03-20,37479.523601563866,32909.15886838617,42135.15928734788,Total,daily
2024-03-21,37649.28926246545,32793.761982346834,42425.5905376382,Total,daily
2024-03-22,39939.917951905954,35532.589942782426,44118.36108575773,Total,daily
2024-03-23,41175.62247201316,36910.26790283489,46061.79205730585,Total,daily
2024-03-24,35467.571258213684,30884.627067624784,40161.1428841766,Total,daily
2024-03-25,36960.71787600305,32289.127908041653,41801.83552630183,Total,daily
2024-03-26,37937.64909971714,33258.28616342561,42840.82776435249,Total,daily
2024-03-27,38385.54846611655,33835.98324016767,42983.61107240544,Total,daily
2024-03-28,38545.446234126386,33818.276045666455,42847.265977100236,Total,daily
2024-03-29,40828.9860858247,36377.54004199589,45629.90818770097,Total,daily
2024-03-30,42060.47152336331,37662.41582788444,47100.96589056628,Total,daily
2024-03-31,36348.61900786166,31602.178904898203,41150.063060281725,Total,daily
2024-04-01,37850.90490210035,33162.433266850945,42836.93706769575,Total,daily
2024-04-02,38844.97199895853,34260.15775208393,43685.0405505685,Total,daily
2024-04-03,39318.42557132061,34696.749591493484,44293.46608655172,Total,daily
2024-04-04,39512.3146686761,34740.97173720811,44256.08250682182,Total,daily
2024-04-05,41839.39315033903,37081.20474925654,46843.55545921325,Total,daily
2024-04-06,43120.20463680086,38182.01682068873,47685.688356857616,Total,daily
2024-04-07,37457.10873321207,32348.605668072563,41908.74497301789,Total,daily
2024-04-08,39016.282441964395,33983.86716642953,43953.9517150664,Total,daily
2024-04-09,40066.817357610285,35489.70725173699,44788.91703138266,Total,daily
2024-04-10,40593.471609164735,35995.5415649249,45444.1882143978,Total,daily
2024-04-11,40834.49337263837,35811.25870162986,45612.46384990273,Total,daily
2024-04-12,43201.471327952364,38328.613675159206,48377.439705722405,Total,daily
2024-04-13,44509.53471532707,39853.93817643739,49097.938456001706,Total,daily
2024-04-14,38853.70849364209,34092.39834169497,43782.49979440234,Total,daily
2024-04-15,40408.60286613817,35633.89506690215,45000.0826089675,Total,daily
2024-04-16,41435.211760913524,36763.36973444829,46342.546310465375,Total,daily
2024-04-17,41916.60810230833,37334.61116277843,46645.201094240954,Total,daily
2024-04-18,42090.07463450984,37466.54785798863,46915.88503284016,Total,daily
2024-04-19,44368.48733027892,39512.85758517479,49207.23879402207,Total,daily
2024-04-20,45564.55494946178,40980.55538950128,50167.30865391084,Total,daily
2024-04-21,39769.41059599448,34996.73000520991,44151.633960534746,Total,daily
2024-04-22,41169.882751092475,36776.91287132115,45841.474653769816,Total,daily
2024-04-23,42022.87826645579,37061.292379893304,46481.67340094197,Total,daily
2024-04-24,42313.89703223305,37837.28738602647,47067.85912696117,Total,daily
2024-04-25,42283.34292989443,37458.956280903134,46750.70919156103,Total,daily
2024-04-26,44349.314421765004,39527.422830842246,48877.9738842368,Total,daily
2024-04-27,45325.762213454735,40302.581147470126,50021.4944838567,Total,daily
2024-04-28,39303.20421774755,34634.45594610255,44067.16378759688,Total,daily
2024-04-29,40483.476890385136,35744.66160179256,45146.87022049969,Total,daily
2024-04-30,41121.616500083706,36584.41758665142,46159.17791314807,Total,daily
2024-05-01,41207.124054681844,36517.38159492624,45951.72831796426,Total,daily
2024-05-02,40984.40693129187,36598.400097224316,45486.297457058645,Total,daily
2024-05-03,42876.947651680384,38493.80997563525,47538.49641118112,Total,daily
2024-05-04,43699.37240117674,38912.61614356287,48270.347483467885,Total,daily
2024-05-05,37540.3037773703,32962.99545592317,42458.56868494969,Total,daily
2024-05-06,38614.627944812215,34088.04658392219,43056.06861759764,Total,daily
2024-05-07,39172.92966858569,34483.89227447768,44020.096863196806,Total,daily
2024-05-08,39205.58119295669,34729.276194193175,43783.83206592921,Total,daily
2024-05-09,38957.40415150151,34372.660901458825,43588.394738031646,Total,daily
2024-05-10,40853.31927550389,35837.827924940946,45724.29962475045,Total,daily
2024-05-11,41704.438519096046,37149.18335302625,46411.08866875634,Total,daily
2024-05-12,35593.17492273408,30722.761430049777,40377.18108701547,Total,daily
2024-05-13,36743.14789804884,31821.526230605134,41386.60709761234,Total,daily
2024-05-14,37396.29365288924,32714.346151788275,42039.82726734747,Total,daily
2024-05-15,37539.89534619784,33083.44584160697,42155.96056136477,Total,daily
2024-05-16,37415.574830966776,33087.30979190455,42116.54288382181,Total,daily
2024-05-17,39446.52186686992,34553.12144341959,44382.9562391665,Total,daily
2024-05-18,40437.69458327929,36018.54340893644,45261.89479901508,Total,daily
2024-05-19,34463.25492709961,29817.191906113112,39362.53340106552,Total,daily
2024-05-20,35754.16236927065,31320.47209852923,40905.39322844392,Total,daily
2024-05-21,36542.99047956399,31690.571650361533,41189.44084271485,Total,daily
2024-05-22,36813.90882561544,32212.28535620337,41263.85803183287,Total,daily
2024-05-23,36805.99458639532,32112.149513551765,41665.032722625794,Total,daily
2024-05-24,38942.01135448713,34439.50175249167,43568.53786653602,Total,daily
2024-05-25,40022.669146491535,35127.4669952982,44709.63427252032,Total,daily
2024-05-26,34116.31940803778,29324.624450924992,38763.09486576785,Total,daily
2024-05-27,35464.1560271616,30764.768112496906,40054.644610621464,Total,daily
2024-05-28,36292.64444516492,31419.783026160705,41051.31232205354,Total,daily
2024-05-29,36586.35213339557,31980.884192552974,40993.55981200154,Total,daily
2024-05-30,36585.47059160236,31531.157668736174,41496.20786526994,Total,daily
2024-05-31,38716.03128393646,33712.79222891382,43210.33594022537,Total,daily
2024-06-01,39778.11325735291,35157.98075689434,44587.511416276546,Total,daily
2024-06-02,33837.68966723202,28743.392900065228,38183.34738949205,Total,daily
2024-06-03,35149.33521610853,30382.758952307577,40013.86525443725,Total,daily
2024-06-04,35936.177135869155,31338.68793729788,40848.560651513864,Total,daily
2024-06-05,36185.49642212289,31498.00643701072,40492.68372176818,Total,daily
2024-06-06,36140.397520488536,31167.554723299203,41057.61949402651,Total,daily
2024-06-07,38231.41565953167,33697.94177394301,42804.79422101566,Total,daily
2024-06-08,39258.64448866495,34264.16323881337,43783.16948320044,Total,daily
2024-06-09,33285.725389508705,28795.172545698755,37666.33054465034,Total,daily
2024-06-10,34580.07155063023,29750.20899587682,39324.928724389,Total,daily
2024-06-11,35360.36949624801,30376.35496108995,40324.79084698033,Total,daily
2024-06-12,35614.997118458785,30932.162331802345,40850.30053970281,Total,daily
2024-06-13,35587.90290324392,30809.98607739927,40420.79122000225,Total,daily
2024-06-14,37711.68019442061,32691.571837513435,42562.49768126312,Total,daily
2024-06-15,38783.70160717796,34125.96554371922,43631.77764237277,Total,daily
2024-06-16,32862.34625093406,28390.749087057084,37746.63442171487,Total,daily
2024-06-17,34224.84085676644,29588.125588266266,39050.40473999539,Total,daily
2024-06-18,35082.41432474668,30640.793264229742,39592.64348319019,Total,daily
2024-06-19,35421.633797721785,31015.39722153922,40346.28296046123,Total,daily
2024-06-20,35484.5902077761,30495.25962354739,39840.8951409363,Total,daily
2024-06-21,37703.52870797887,32714.437663080866,41988.00282417887,Total,daily
2024-06-22,38871.068719885014,34360.58172242426,43502.69298075916,Total,daily
2024-06-23,33038.73504915662,28218.419259906197,37690.15404668935,Total,daily
2024-06-24,34492.467082917276,29605.438712336934,39184.77039144713,Total,daily
2024-06-25,35435.460800066016,30948.458665896655,40555.1760409696,Total,daily
2024-06-26,35852.439674560635,31149.312079529398,40740.10836738713,Total,daily
2024-06-27,35984.14515163967,31282.942889316007,40971.29191196676,Total,daily
2024-06-28,38263.50373097265,33506.841777553826,42884.94843911363,Total,daily
2024-06-29,39479.895634395536,35030.19749810304,44159.42888549095,Total,daily
2024-06-30,33679.93648606844,28954.195144742087,38407.487267859455,Total,daily
2024-07-01,35160.58663901228,30522.33448095838,40147.1163228189,Total,daily
2024-07-02,36119.60026323281,31518.162792507283,40692.66507449632,Total,daily
2024-07-03,36542.64081606548,31840.909372769715,41274.81449429592,Total,daily
2024-07-04,36671.97919604181,31929.79145668579,41159.0983847656,Total,daily
2024-07-05,38944.09635373086,34205.49544286266,43609.126961794005,Total,daily
2024-07-06,40147.89883673708,35262.37038450546,45010.24173460305,Total,daily
2024-07-07,34327.65195845311,29364.048066050127,38957.76873634417,Total,daily
2024-07-08,35793.596062656216,31317.961024368953,40211.625471914915,Total,daily
2024-07-09,36739.91843178185,31967.663025259244,41493.81330383061,Total,daily
2024-07-10,37154.64078617403,32386.36469249435,41657.516725561894,Total,daily
2024-07-11,37282.466731733904,32605.45317099152,41972.537865748505,Total,daily
2024-07-12,39563.77767404673,34848.307061669984,44378.95172901186,Total,daily
2024-07-13,40786.77069277625,36091.806421803485,45725.605245171486,Total,daily
2024-07-14,34992.5373002925,30721.70224273358,39885.511182589566,Total,daily
2024-07-15,36503.19979523274,31928.62480282793,41456.40830934184,Total,daily
2024-07-16,37507.438005366006,32782.99179594143,42498.515093781825,Total,daily
2024-07-17,37993.19891589558,32938.27822133758,42315.87266586595,Total,daily
2024-07-18,38204.76025685509,33572.01171070108,42571.8470639367,Total,daily
2024-07-19,40583.20144608478,36104.361232802796,45281.27547675721,Total,daily
2024-07-20,41912.558051432345,37018.196359804555,46829.36721084418,Total,daily
2024-07-21,36227.150182981444,31567.079022907754,40944.32880521824,Total,daily
2024-07-22,37857.34969013829,33330.472589272365,42705.361590380526,Total,daily
2024-07-23,38982.77589818588,33922.35302664069,43497.7365680979,Total,daily
2024-07-24,39587.94148470634,35115.291025834464,44052.558498771345,Total,daily
2024-07-25,39913.64281428058,35580.99207591315,44457.35753928381,Total,daily
2024-07-26,42399.009602415455,37715.14487660205,47336.01622956627,Total,daily
2024-07-27,43821.769518759145,38916.28073101123,48627.935516988444,Total,daily
2024-07-28,38207.90667452067,33648.53152007507,42606.63717374248,Total,daily
2024-07-29,39895.12444522843,35373.525499487645,44293.99050020487,Total,daily
2024-07-30,41053.75715977955,36321.907375401315,46013.596470498414,Total,daily
2024-07-31,41665.37972637524,37147.35893763918,46253.3079590423,Total,daily
2024-08-01,41968.53168742873,37148.98089634202,46628.63039191751,Total,daily
2024-08-02,44402.331575170414,39631.65565409577,49166.49321204517,Total,daily
2024-08-03,45740.81676587707,40671.00170711195,50057.57914468579,Total,daily
2024-08-04,40004.8770680003,34973.41780745005,44505.31761781385,Total,daily
2024-08-05,41543.339424390644,36756.24325673091,46666.43685668841,Total,daily
2024-08-06,42521.504966823224,37680.7638403632,47219.88330622717,Total,daily
2024-08-07,42922.61738214259,37966.15259769468,47661.07252511275,Total,daily
2024-08-08,42987.80411078335,38336.86714665695,47553.79120011386,Total,daily
2024-08-09,45161.13046193868,40386.491713097486,49724.074754721616,Total,daily
2024-08-10,46217.88490666832,41853.7761691546,50844.41877293928,Total,daily
2024-08-11,40178.6567136092,35486.74706727275,44515.199545667005,Total,daily
2024-08-12,41407.91393278148,37164.78292374887,46398.60104774797,Total,daily
2024-08-13,42070.04332068757,37493.0797887746,46888.96385845527,Total,daily
2024-08-14,42153.564545304806,37460.40253023954,46640.82574106688,Total,daily
2024-08-15,41905.18845411196,37167.465027700164,46693.27598455194,Total,daily
2024-08-16,43776.22658210116,38876.41485323577,48343.990034571136,Total,daily
2024-08-17,44544.755668064565,39803.05493464884,49182.300524156555,Total,daily
2024-08-18,38231.79320734044,33322.57696086364,42845.243043306145,Total,daily
2024-08-19,39217.34404004914,34457.49201581807,43732.47263592237,Total,daily
2024-08-20,39663.9406847271,34932.36763443272,44521.47650658952,Total,daily
2024-08-21,39563.62326451628,35052.02288007457,44032.325847449516,Total,daily
2024-08-22,39166.15657330525,34435.7945744761,43956.947521409136,Total,daily
2024-08-23,40926.8574237415,36555.11936341559,45934.924244539725,Total,daily
2024-08-24,41622.719842484585,36950.611781577245,45968.520711733574,Total,daily
2024-08-25,35270.7867537911,30700.236336620976,39995.52540047816,Total,daily
2024-08-26,36261.777421194056,31533.867494830636,41153.65286106175,Total,daily
2024-08-27,36751.25134478416,31596.002687086162,41475.23416959861,Total,daily
2024-08-28,36729.48455957223,32065.081924549624,41142.88111103694,Total,daily
2024-08-29,36443.97999648712,31310.01297067868,41340.68084843848,Total,daily
2024-08-30,38348.84729277722,33165.78695249084,43060.76057003355,Total,daily
2024-08-31,39215.019681292804,34639.379075979145,44011.35365189975,Total,daily
2024-09-01,33050.94560208097,28521.132747695465,37821.30114511981,Total,daily
2024-09-02,34253.910180165716,29949.441203272745,39179.763155680936,Total,daily
2024-09-03,34968.922175077,30256.861076344387,39836.18282573086,Total,daily
2024-09-04,35181.569768257286,30853.556546148375,40173.48382046526,Total,daily
2024-09-05,35134.888769442,30635.954481244462,39889.276691851366,Total,daily
2024-09-06,37280.33921234616,32676.379527542544,41977.194961079746,Total,daily
2024-09-07,38382.13696510195,33629.66106919691,43014.186930532385,Total,daily
2024-09-08,32440.26654509768,27731.24613604206,37148.36639455474,Total,daily
2024-09-09,33859.476325632146,29428.81254762826,38685.47814967372,Total,daily
2024-09-10,34775.847435417345,29962.804591061802,39672.114223994045,Total,daily
2024-09-11,35172.56851477677,30549.844652168165,39913.05165130248,Total,daily
2024-09-12,35291.08375578691,30678.927247319665,39907.03103346955,Total,daily
2024-09-13,37583.57319362133,32826.40755001384,41945.72095399582,Total,daily
2024-09-14,38811.29370000148,33903.90014183023,43613.84792029497,Total,daily
2024-09-15,32969.79857317966,28146.957065184877,37752.72912426986,Total,daily
2024-09-16,34475.486349539955,29630.73806434985,39059.43718147292,Total,daily
2024-09-17,35459.729360474324,30958.861487565347,40304.12693531985,Total,daily
2024-09-18,35907.44655417082,31217.783216242166,40164.80720868137,Total,daily
2024-09-19,36062.415336162434,31456.967347880858,40876.63339738397,Total,daily
2024-09-20,38381.14769765603,33791.87142627663,43217.26351918521,Total,daily
2024-09-21,39625.14393740869,34967.450101741,44277.159857529965,Total,daily
2024-09-22,33788.23624466416,28970.200745071947,38731.754515224835,Total,daily
2024-09-23,35300.62443679318,30608.352891053964,39994.469992779654,Total,daily
2024-09-24,36290.5153271332,31152.424824732276,40945.18554201483,Total,daily
2024-09-25,36745.463780186634,32321.65494536757,41444.88798191922,Total,daily
2024-09-26,36911.838137048464,32157.347831704836,41493.45863484418,Total,daily
2024-09-27,39250.10159169816,34290.47087984612,43903.71131835272,Total,daily
2024-09-28,40521.007101615454,35880.571739950115,45316.389038205656,Total,daily
2024-09-29,34715.111330294036,30235.76460702854,40009.24763227102,Total,daily
2024-09-30,36274.35991457072,31755.772118965062,41103.92808629115,Total,daily
2024-10-01,37321.31453398612,32545.24626152912,41639.52524103471,Total,daily
2024-10-02,37843.349890786114,32965.37319304671,42584.008578102206,Total,daily
2024-10-03,38086.37021941085,33667.33938109547,42705.22840254867,Total,daily
2024-10-04,40511.59831937415,36016.01145288476,45319.34230010114,Total,daily
2024-10-05,41875.816410221036,37129.54836870082,46436.940832442175,Total,daily
2024-10-06,36163.154373901314,31357.914945505017,40973.20686332503,Total,daily
2024-10-07,37824.32519629965,33011.118323208495,42424.236626675396,Total,daily
2024-10-08,38973.53088289141,34654.711246869825,43674.29266805267,Total,daily
2024-10-09,39595.600119373616,34970.18854823675,44416.09653055356,Total,daily
2024-10-10,39934.02501323398,34989.29665291937,44601.10244068635,Total,daily
2024-10-11,42449.314199770204,37649.784922546896,47073.94220024041,Total,daily
2024-10-12,43893.3195845131,39507.371094985654,48728.06739400625,Total,daily
2024-10-13,38243.322123917394,33451.53663430191,43072.42994126312,Total,daily
2024-10-14,39958.923095820006,35147.594777705475,44603.54948450059,Total,daily
2024-10-15,41146.61690178257,36138.023065445566,46339.86473617423,Total,daily
2024-10-16,41789.8404445774,36990.78413545375,46760.27187662168,Total,daily
2024-10-17,42131.2862425815,37505.15956939034,46680.50888896126,Total,daily
2024-10-18,44632.76106959325,39729.50488539966,49471.33495378387,Total,daily
2024-10-19,46043.528258028186,41348.719659820636,50817.71466278889,Total,daily
2024-10-20,40336.61116414035,35564.30586619877,44919.30722819585,Total,daily
2024-10-21,41983.25360917927,37175.78046612047,46630.9808056482,Total,daily
2024-10-22,43085.0690282272,38125.613607037405,47649.553836785024,Total,daily
2024-10-23,43626.910167059454,38863.649543303254,48232.79376273054,Total,daily
2024-10-24,43853.36934690038,39099.797039643134,48330.16488947031,Total,daily
2024-10-25,46230.058530241906,41208.167073305915,50884.928945347114,Total,daily
2024-10-26,47505.89094594353,42838.48140695164,51991.579230976655,Total,daily
2024-10-27,41651.53634758901,36817.3076068954,46151.17556354901,Total,daily
2024-10-28,43151.397205531786,38767.919581996546,47631.30756882668,Total,daily
2024-10-29,44103.29495434033,39428.88127695891,48829.247083401584,Total,daily
2024-10-30,44494.136154600004,39843.2897567332,49100.89183406908,Total,daily
2024-10-31,44570.59215036224,39909.59319385649,49313.601181078186,Total,daily
2024-11-01,46801.80906115159,42375.03645521676,51443.03779409655,Total,daily
2024-11-02,47935.65310025219,43232.26543695255,52372.68430060658,Total,daily
2024-11-03,41939.35694591816,37056.206886533604,46657.54178025186,Total,daily
2024-11-04,43309.06452248564,38528.81610762199,47991.309722121645,Total,daily
2024-11-05,44137.11881051918,39496.348198984655,48619.1147384907,Total,daily
2024-11-06,44410.59827090662,39709.21821380288,48980.959258579285,Total,daily
2024-11-07,44376.25640391071,39606.18070519519,49182.04684592874,Total,daily
2024-11-08,46504.74602429176,42008.78647410566,51138.87466074237,Total,daily
2024-11-09,47540.913464114,42927.25871151709,51901.664037729395,Total,daily
2024-11-10,41446.71901730423,36594.19597362686,46343.65984884138,Total,daily
2024-11-11,42728.42802522513,38226.53339950425,47665.21340989088,Total,daily
2024-11-12,43475.222625146154,38924.52503777852,47972.36614125219,Total,daily
2024-11-13,43669.740284256484,38862.41789067913,48376.60962748321,Total,daily
2024-11-14,43558.137729654496,38514.56989630894,48262.805278253436,Total,daily
2024-11-15,45613.146770518084,40694.069990133896,50026.0738676501,Total,daily
2024-11-16,46576.025386313995,41817.79960278211,51521.73421626649,Total,daily
2024-11-17,40400.828739254,35631.97298364724,45363.619202321,Total,daily
2024-11-18,41611.781190838556,37013.60611560975,46353.6355206119,Total,daily
2024-11-19,42285.61402069919,37829.10363030819,47104.48797122729,Total,daily
2024-11-20,42409.4218979128,37696.71972381427,46913.14518811502,Total,daily
2024-11-21,42231.044357839106,37788.62524176465,46924.47628728193,Total,daily
2024-11-22,44228.22573162862,39746.68353591659,48889.00312857585,Total,daily
2024-11-23,45139.86115471261,40629.462124869904,50019.44775218175,Total,daily
2024-11-24,38914.17446428137,34051.821278489246,43450.85448120139,Total,daily
2024-11-25,40097.337637658595,35461.166786355214,45027.08281478959,Total,daily
2024-11-26,40758.06183444217,35985.92881072602,45504.05025388768,Total,daily
2024-11-27,40886.06950894324,36265.11864581026,45760.86189590276,Total,daily
2024-11-28,40732.124102188005,35863.38253474776,44993.45862277302,Total,daily
2024-11-29,42779.72615221853,37655.19103494871,47337.61638535812,Total,daily
2024-11-30,43765.58259219647,39261.986042748475,48754.90391022644,Total,daily
2024-12-01,37631.63572434628,32760.592278026383,42234.79570597644,Total,daily
2024-12-02,38944.8925785809,34439.2741716385,43567.284718217255,Total,daily
2024-12-03,39764.252058072554,34926.21069843787,44521.15768538326,Total,daily
2024-12-04,40079.59714853468,35147.66399571279,44792.63473294984,Total,daily
2024-12-05,40141.499708751595,35708.55544815408,44855.863423620656,Total,daily
2024-12-06,42435.50214699608,37746.28490825473,46962.17122433417,Total,daily
2024-12-07,43691.8812720232,38738.14680935555,48428.97275836137,Total,daily
2024-12-08,37841.62016461178,33047.36616620194,42405.166960729315,Total,daily
2024-12-09,39467.55784187355,34618.021608390285,44169.49076988792,Total,daily
2024-12-10,40613.578833815605,36068.82271593056,45256.574530349906,Total,daily
2024-12-11,41264.46457022661,36408.190673441015,46048.94347593452,Total,daily
2024-12-12,41665.421431082155,36584.00945496538,46461.106582738954,Total,daily
2024-12-13,44299.10117202619,39712.80023052351,48602.87822594331,Total,daily
2024-12-14,45884.813198230266,41161.90488388698,50778.8022422736,Total,daily
2024-12-15,40338.589403129925,35558.66694135499,45187.955756099276,Total,daily
2024-12-16,42255.795894427734,37752.3132025407,46869.71041192151,Total,daily
2024-12-17,43662.81403820356,38909.75826233129,48302.44332770489,Total,daily
2024-12-18,44537.76317232965,39887.12496982229,49116.99326426152,Total,daily
2024-12-19,45119.94337480669,40530.50719433773,49718.3619517027,Total,daily
2024-12-20,47889.662085604316,43182.92446342511,53073.62657987762,Total,daily
2024-12-21,49556.93551057132,45137.297936229064,54060.58570020769,Total,daily
2024-12-22,44025.65834682629,39268.21157426695,48901.028566221976,Total,daily
2024-12-23,45907.65941150564,41118.140414637804,50468.72878313699,Total,daily
2024-12-24,47216.82543387774,42155.168598882316,51876.61682195727,Total,daily
2024-12-25,47930.61617482247,43157.49413021148,52714.37044789093,Total,daily
2024-12-26,48289.313999838894,43672.08836939509,52832.34240488874,Total,daily
2024-12-27,50778.52183224986,46155.82675859532,55318.146163925965,Total,daily
2024-12-28,52107.1947041813,47171.928998589945,56956.402662551,Total,daily
2024-12-29,46175.73483147285,41509.4945165943,50995.7005436679,Total,daily
2024-12-30,47621.29526222028,42799.870202060374,52312.6660249755,Total,daily
2024-12-31,48454.138938133496,43651.73713494981,53091.263518156426,Total,daily
2025-01-01,48659.732314869056,43873.94532786554,53473.43953359926,Total,daily
2025-01-02,48487.586862925025,43781.20491786891,53001.141627424295,Total,daily
2025-01-03,50436.218099325044,45599.087499431735,54943.28747449057,Total,daily
2025-01-04,51220.30724225925,46569.330258150185,55850.855318367125,Total,daily
2025-01-05,44742.53722441516,40034.848364172365,49404.489485129976,Total,daily
2025-01-06,45669.980692461075,41139.1141385512,50316.190984071196,Total,daily
2025-01-07,46012.55606480889,41599.745875639055,51013.65844883995,Total,daily
2025-01-08,45765.59083954512,41037.30089005626,50548.40590116914,Total,daily
2025-01-09,45188.179025971236,40197.94989528626,49844.14839080355,Total,daily
2025-01-10,46790.5606204386,42090.01849352112,51604.48840630907,Total,daily
2025-01-11,47290.409752637206,42471.649628781706,52125.126295083784,Total,daily
2025-01-12,40588.445761958865,36041.5348878255,45669.45067441725,Total,daily
2025-01-13,41375.97714816185,36859.16052808711,46331.91162736033,Total,daily
2025-01-14,41655.562459149696,37226.21140403259,46640.870622043825,Total,daily
2025-01-15,41424.18515293493,36659.031366871786,46443.138495168954,Total,daily
2025-01-16,40941.299746445235,36291.46844399462,45751.7877180045,Total,daily
2025-01-17,42718.83149244692,38204.10698450075,47392.19541956643,Total,daily
2025-01-18,43466.81305253274,38620.07556517105,47883.9727681926,Total,daily
2025-01-19,37073.0096326839,32227.56726374092,42009.482564225225,Total,daily
2025-01-20,38241.86903711588,33564.37175281235,43091.91127048129,Total,daily
2025-01-21,38957.64254639989,34534.42686235399,44039.89117383591,Total,daily
2025-01-22,39208.425175902245,34264.91290543651,43703.61582129646,Total,daily
2025-01-23,39244.13672340644,34583.16503404856,43904.48647707096,Total,daily
2025-01-24,41569.37397719683,36560.69065551887,46337.27219658487,Total,daily
2025-01-25,42878.608518686495,38093.800116140046,47690.66705803454,Total,daily
2025-01-26,37040.01338974727,31965.548956624327,41561.212640676065,Total,daily
2025-01-27,38765.97680335441,33947.38507703923,43148.69297646988,Total,daily
2025-01-28,40018.80660478637,35388.04566512829,44733.23508736988,Total,daily
2025-01-29,40775.722368029,36004.89415549751,45703.81969888779,Total,daily
2025-01-30,41276.81838404507,36550.11167274297,45895.45178719371,Total,daily
2025-01-31,44020.77479521233,39301.009995099164,48817.844620587624,Total,daily
2025-02-01,45689.58206668291,41057.341315324986,50366.802528465545,Total,daily
2025-02-02,40136.49470406625,35551.74750594384,44967.7746938805,Total,daily
2025-02-03,42087.995978469844,37322.90765641924,46790.23818661808,Total,daily
2025-02-04,43491.938004363416,38869.71421570803,48365.29888801444,Total,daily
2025-02-05,44323.30612211966,39580.84597863384,49142.24077384489,Total,daily
2025-02-06,44821.95723388705,40096.97838078028,49904.63090376453,Total,daily
2025-02-07,47490.96145838059,43025.12844668749,52334.71525831479,Total,daily
2025-02-08,49010.60882762868,43836.48293488276,53794.92791569409,Total,daily
2025-02-09,43230.23574410549,38328.091471908985,48226.678367378874,Total,daily
2025-02-10,44901.38294369831,40011.73046315234,49586.84166475761,Total,daily
2025-02-11,45968.11641197834,41355.33663003347,50791.715347836136,Total,daily
2025-02-12,46413.318630680755,41719.43192193246,51300.58700265008,Total,daily
2025-02-13,46485.97227734608,41462.85909746676,50887.55956127728,Total,daily
2025-02-14,48701.923504951694,43909.36494375053,53413.99108174114,Total,daily
2025-02-15,49746.98812630797,45278.08042537222,54439.045711130544,Total,daily
2025-02-16,43472.4985892089,38708.25526195469,47722.5165748119,Total,daily
2025-02-17,44659.53700824611,40232.36020219248,49453.07545239005,Total,daily
2025-02-18,45251.35542838828,40474.195307395086,50152.42537365796,Total,daily
2025-02-19,45240.15077286732,40527.018665037926,49851.02782925857,Total,daily
2025-02-20,44883.8897118826,40228.39825937111,49720.77037391469,Total,daily
2025-02-21,46709.52795796996,41720.714220429916,51619.48383701128,Total,daily
2025-02-22,47405.28752924294,42549.81226467421,52204.430204739125,Total,daily
2025-02-23,40820.03068990269,36135.88260092105,45411.67324296781,Total,daily
2025-02-24,41758.706123716154,36981.830503154386,46679.06485080441,Total,daily
2025-02-25,42157.03421803211,37370.803850915385,46879.43702834858,Total,daily
2025-02-26,42008.95428381809,37201.082095774575,46856.62345019142,Total,daily
2025-02-27,41573.196813656745,37201.60383922066,46393.24605223883,Total,daily
2025-02-28,43379.177015017354,38485.13542397686,48222.513946041334,Total,daily
2025-03-01,44108.667486276485,39239.16438019518,48845.8024190457,Total,daily
2025-03-02,37599.223597483986,32800.190284609,42154.92854400449,Total,daily
2025-03-03,38671.06153094682,34192.46285197081,43602.23197552059,Total,daily
2025-03-04,39244.215911529915,34384.15579265666,44071.68737329249,Total,daily
2025-03-05,39306.84996610018,34817.86913170243,44091.69518889568,Total,daily
2025-03-06,39111.744448559395,34247.30907404967,43605.989807824044,Total,daily
2025-03-07,41185.009221170876,36368.291814004326,45970.26543815796,Total,daily
2025-03-08,42197.266362641196,37413.56091814057,46715.79777617376,Total,daily
2025-03-09,35971.21073080444,31382.154606131142,40654.302757971665,Total,daily
2025-03-10,37339.97074215698,32311.16852376037,41746.044847666475,Total,daily
2025-03-11,38206.755684805015,33478.17091346119,42514.68847207406,Total,daily
2025-03-12,38554.01288403614,33584.32578192464,42788.91234414955,Total,daily
2025-03-13,38629.785270373504,33996.441404994555,43432.13866173917,Total,daily
2025-03-14,40959.16293936941,36320.779842940465,45630.54475779351,Total,daily
2025-03-15,42204.87141970776,37756.02783307706,47143.3044759194,Total,daily
2025-03-16,36178.83849372816,31990.16131885114,40782.11583184844,Total,daily
2025-03-17,37731.88928718301,32731.860706090385,42416.59799314924,Total,daily
2025-03-18,38755.71995207026,33970.47116994076,43903.46410862735,Total,daily
2025-03-19,39232.72859672996,34465.139849319276,43890.430067734145,Total,daily
2025-03-20,39412.06347317697,34848.06452308678,44143.03389875966,Total,daily
2025-03-21,41823.636897330296,37066.59570234528,46973.62729006617,Total,daily
2025-03-22,43127.94654724874,38378.46532742894,47999.30044768621,Total,daily
2025-03-23,37131.486732677695,32588.79463894906,41647.205508065075,Total,daily
2025-03-24,38707.630756486906,33999.26902782611,43459.53819156337,Total,daily
2025-03-25,39740.802642831666,35164.624299297444,44250.42309661313,Total,daily
2025-03-26,40216.87555324933,35429.14898693025,45129.97084766823,Total,daily
2025-03-27,40388.82899410057,35597.87610878602,45218.385999542195,Total,daily
2025-03-28,42793.27004644184,38349.27150630953,47542.66060667715,Total,daily
2025-03-29,44089.4602525567,39157.01363427134,48599.778014068586,Total,daily
2025-03-30,38078.57173505691,33489.85855023795,43122.32346540951,Total,daily
2025-03-31,39655.78448459532,34836.273956782185,44165.474884205454,Total,daily
2025-04-01,40696.70965849046,35875.8914321427,45551.70543026156,Total,daily
2025-04-02,41188.43275395954,36783.53906652223,45933.83716136971,Total,daily
2025-04-03,41384.87805676176,36801.15472338658,45833.54656784417,Total,daily
2025-04-04,43825.95297716699,39206.56886221043,48375.97546682699,Total,daily
2025-04-05,45165.9100497662,40233.3763628851,49617.49209285025,Total,daily
2025-04-06,39196.58695585858,34835.90777808812,44100.81432635109,Total,daily
2025-04-07,40830.862895751394,36273.844473833786,45424.542297472144,Total,daily
2025-04-08,41931.47820674495,37136.02201381974,46428.414627009835,Total,daily
2025-04-09,42482.86316273329,37813.591364087806,47448.16419026277,Total,daily
2025-04-10,42736.34236041461,38337.69637616827,47579.87169345306,Total,daily
2025-04-11,45232.02269384327,40640.31699417882,50104.3326579655,Total,daily
2025-04-12,46616.595262379065,41865.44803810941,51257.62394847789,Total,daily
2025-04-13,40670.64529989103,35764.57789512983,45546.7636775592,Total,daily
2025-04-14,42323.532394224145,37754.321174581906,47170.79146124123,Total,daily
2025-04-15,43424.648169066,38575.3082440776,47897.55502350767,Total,daily
2025-04-16,43956.04837589616,39488.455301126174,49029.82690068652,Total,daily
2025-04-17,44167.490487973395,39289.45930761064,48983.097354596524,Total,daily
2025-04-18,46601.034613855896,42126.092262480735,51291.49853440293,Total,daily
2025-04-19,47898.23179484744,43255.59146370361,52502.22906867942,Total,daily
2025-04-20,41831.42933620467,36989.71259672221,46407.47155181659,Total,daily
2025-04-21,43349.98183799901,38807.75946058812,48070.34792910428,Total,daily
2025-04-22,44293.838369543664,39355.629083704596,49029.57035759941,Total,daily
2025-04-23,44646.85719151425,39956.88103620244,49242.85536889858,Total,daily
2025-04-24,44661.54758677668,39686.48139010293,49203.056256115575,Total,daily
2025-04-25,46886.2504399279,42303.715690982266,51359.54328292335,Total,daily
2025-04-26,47961.57945549833,43208.13179166422,52795.293043752856,Total,daily
2025-04-27,41655.592309729196,37122.21338015118,46296.43831838553,Total,daily
2025-04-28,42941.21073433654,38341.79919142061,47635.64416334638,Total,daily
2025-04-29,43652.02692069944,38943.467168798146,48214.856491128536,Total,daily
2025-04-30,43776.20540393316,39035.26563569267,48214.1983294535,Total,daily
2025-05-01,43570.85128773547,38990.0662915125,48107.04040825838,Total,daily
2025-05-02,45591.71255126392,40871.43880763503,50666.04749220144,Total,daily
2025-05-03,46478.837817365624,41713.07834032654,51162.899347143,Total,daily
2025-05-04,39995.599523611934,35504.624372811486,44849.31080583338,Total,daily
2025-05-05,41137.33214179699,36530.910845293925,45800.572596795755,Total,daily
2025-05-06,41729.38940146798,37160.73466553299,46349.80792486995,Total,daily
2025-05-07,41761.68637858905,37631.125809091514,46377.388472093284,Total,daily
2025-05-08,41492.76691710699,36806.6855474316,46156.73808496122,Total,daily
2025-05-09,43482.117947917955,38732.849390350646,47911.1789793836,Total,daily
2025-05-10,44365.14878366638,39946.53436264032,49157.88560201121,Total,daily
2025-05-11,37896.18276268835,33077.80741474747,42343.997628529854,Total,daily
2025-05-12,39088.43799483879,34114.228573713786,43817.88285508736,Total,daily
2025-05-13,39754.463974564336,35106.45762256542,44445.9046033241,Total,daily
2025-05-14,39881.45276594345,34856.84330062413,44726.84607884605,Total,daily
2025-05-15,39725.13098975324,35188.201058434934,44234.28483468738,Total,daily
2025-05-16,41844.804287515144,37629.80225654714,46576.46438365457,Total,daily
2025-05-17,42867.76556874802,38195.73345154183,47454.071644694064,Total,daily
2025-05-18,36536.34871969306,31851.326486930673,41551.33019775673,Total,daily
2025-05-19,37879.328944459645,32961.841518434805,42858.54238878024,Total,daily
2025-05-20,38694.79713982818,33891.35932309617,43369.07416596398,Total,daily
2025-05-21,38966.278255942634,34255.54949203922,43362.81682947121,Total,daily
2025-05-22,38946.464661992235,34417.16963200856,43407.596889993816,Total,daily
2025-05-23,41194.985976709104,36457.436466803156,45876.461690654854,Total,daily
2025-05-24,42332.22022591879,37533.16531948624,47548.645465929345,Total,daily
2025-05-25,36090.36327859763,31983.21826995523,41078.58374257083,Total,daily
2025-05-26,37516.18372446068,32862.595851557075,42157.28846145824,Total,daily
2025-05-27,38396.25335994894,33470.44987835548,42854.46399185004,Total,daily
2025-05-28,38713.777097978586,33716.74375554317,43366.06358141035,Total,daily
2025-05-29,38722.06113031914,34197.84984748536,43724.74954320034,Total,daily
2025-05-30,40984.89391769985,36632.4976223948,45968.196414969956,Total,daily
2025-05-31,42119.64196337194,37358.87298401645,46611.453853118444,Total,daily
2025-06-01,35852.21623032855,31279.015510670815,40440.82391090473,Total,daily
2025-06-02,37251.06597901962,32593.828106706726,41895.07508376157,Total,daily
2025-06-03,38094.65645649004,33497.27121724907,43081.04162877404,Total,daily
2025-06-04,38368.911383205595,33785.06933325966,42731.837735778136,Total,daily
2025-06-05,38330.32981593969,33582.14370452076,43213.92505009262,Total,daily
2025-06-06,40548.90759992109,36151.51207314092,44796.11645106609,Total,daily
2025-06-07,41640.464490374,37131.54819170508,46506.02369038352,Total,daily
2025-06-08,35325.47319182232,30312.20030589865,39703.894831581594,Total,daily
2025-06-09,36694.2775920162,32264.466319680898,41471.27433253421,Total,daily
2025-06-10,37516.82315209264,33134.96165769192,42167.1914962645,Total,daily
2025-06-11,37780.73717490775,32809.638973915324,42828.583861142004,Total,daily
2025-06-12,37744.13831349949,33130.85605545961,42180.48391038086,Total,daily
2025-06-13,39981.15962868142,35216.53573577828,44573.527247609556,Total,daily
2025-06-14,41103.583331174545,35940.796162223945,46036.02171088345,Total,daily
2025-06-15,34823.62131523802,30196.66165344497,39778.881066416085,Total,daily
2025-06-16,36250.45634969847,31654.554390457135,40536.61267782709,Total,daily
2025-06-17,37142.33022002572,32585.039012357407,41723.639032552186,Total,daily
2025-06-18,37485.369930217224,32828.91082018773,42544.82997970246,Total,daily
2025-06-19,37536.19763932256,32576.760434550928,42326.65085873985,Total,daily
2025-06-20,39870.159290802054,35049.77412346144,44361.92104454356,Total,daily
2025-06-21,41092.3638115037,36424.85903114287,45692.720482436416,Total,daily
2025-06-22,34904.50176637237,30454.178501537317,39913.56881715741,Total,daily
2025-06-23,36432.783175106844,31615.962247214804,41212.59692941176,Total,daily
2025-06-24,37422.44178275976,33004.3463932112,42162.31922394571,Total,daily
2025-06-25,37857.3484342422,33260.90080966764,42824.98906434868,Total,daily
2025-06-26,37992.444238915115,33155.666610183165,42817.78386348204,Total,daily
2025-06-27,40404.6784167969,35533.569474382675,45043.570565316986,Total,daily
2025-06-28,41693.43633514466,37232.55973433289,46348.10678048474,Total,daily
2025-06-29,35551.36190247393,30713.729315696717,40271.9726609165,Total,daily
2025-06-30,37123.63996349354,32491.173511465968,41990.36569212914,Total,daily
2025-07-01,38144.848643145786,33371.79546375964,42839.112976133714,Total,daily
2025-07-02,38599.27800041637,33982.53426577562,43116.50743945918,Total,daily
2025-07-03,38743.09330135958,34385.4601186418,43779.06730450348,Total,daily
2025-07-04,41157.88071200433,36325.559817201705,45623.732420377535,Total,daily
2025-07-05,42440.3577985681,37705.20046761753,46958.98012202603,Total,daily
2025-07-06,36277.09170032886,31246.422023440675,41014.62911813831,Total,daily
2025-07-07,37835.020038373244,33436.60376806455,42237.016984982,Total,daily
2025-07-08,38840.55060446919,34290.75175878175,43609.92339921161,Total,daily
2025-07-09,39280.49319042934,34958.38006461137,44058.73758293805,Total,daily
2025-07-10,39413.872528171625,34847.20882539797,43801.33609549641,Total,daily
2025-07-11,41828.01573932275,36925.21104956339,46431.42769729528,Total,daily
2025-07-12,43117.49581748141,38580.84808960892,47787.31595134944,Total,daily
2025-07-13,36962.7144597106,32169.57543378677,41860.22582135518,Total,daily
2025-07-14,38551.649921908676,33682.17393305619,43163.121674038324,Total,daily
2025-07-15,39601.212630742324,34918.659173476604,44305.58269632291,Total,daily
2025-07-16,40098.8188812547,35518.71022488729,44969.83057806839,Total,daily
2025-07-17,40303.90159769246,35670.67511021044,44977.505959261965,Total,daily
2025-07-18,42806.60589157635,37875.870236783274,47619.85071614387,Total,daily
2025-07-19,44196.04824112085,39672.046109627336,48761.13275483271,Total,daily
2025-07-20,38142.860704113074,33481.75592045844,43116.77274488526,Total,daily
2025-07-21,39852.27364340607,35621.31673223138,44445.50444063543,Total,daily
2025-07-22,41027.84320911941,36645.21157926627,45493.030991142215,Total,daily
2025-07-23,41653.78742475951,36663.671415978926,46250.201037578096,Total,daily
2025-07-24,41986.31623708785,37255.49992698649,47162.27588721129,Total,daily
2025-07-25,44615.05391205499,40335.19895881054,49283.968768257415,Total,daily
2025-07-26,46120.726260448326,41196.53156813469,50720.41533004913,Total,daily
2025-07-27,40161.76871694605,35499.470089195005,44789.71796838613,Total,daily
2025-07-28,41958.83333531014,37506.50372833426,46455.445238213826,Total,daily
2025-07-29,43200.96159444063,38431.8579379135,47928.4677254497,Total,daily
2025-07-30,43868.737969477144,38833.89888871298,48578.49486983629,Total,daily
2025-07-31,44215.47412258379,39675.25670572132,48826.89586548405,Total,daily
2025-08-01,46831.37143974232,42565.52208769611,51750.482952363556,Total,daily
2025-08-02,48290.627379118654,43684.65089186968,53112.39010110922,Total,daily
2025-08-03,42242.07623801449,37395.72048598757,46769.21813761096,Total,daily
2025-08-04,43925.0676112292,39335.94953197592,48897.842684684154,Total,daily
2025-08-05,45018.01135345538,39879.56041305088,49545.03869820672,Total,daily
2025-08-06,45502.25697973363,40775.66832287446,50440.91029423747,Total,daily
2025-08-07,45633.02428150889,40873.4251056141,49973.15301412907,Total,daily
2025-08-08,48006.18514291788,43262.97811731875,52776.2940928594,Total,daily
2025-08-09,49194.658321880976,44665.01185421634,54226.987988809604,Total,daily
2025-08-10,42842.94601248141,37979.35866386472,47896.49425203197,Total,daily
2025-08-11,44214.2445000208,39555.512803014375,48644.798695230136,Total,daily
2025-08-12,44981.22356155861,40288.98596421487,49933.24246733993,Total,daily
2025-08-13,45130.49942562408,40573.91979288509,50074.74734066509,Total,daily
2025-08-14,44923.18875737944,39865.479082330494,49539.32823868727,Total,daily
2025-08-15,46964.19943230604,42416.504289201206,51928.484585308855,Total,daily
2025-08-16,47827.81933456883,43272.4265853968,52431.947622310676,Total,daily
2025-08-17,41156.07293689989,36233.11525228137,46300.655434095504,Total,daily
2025-08-18,42237.00922261959,37457.17737805551,47035.32654030971,Total,daily
2025-08-19,42737.6830645971,37898.61394907102,47559.0827087004,Total,daily
2025-08-20,42649.21274408881,37583.533482263956,47351.985366544715,Total,daily
2025-08-21,42236.97208700631,37578.10587217914,46886.5225334437,Total,daily
2025-08-22,44112.428408421314,39501.11371455017,48694.72512004199,Total,daily
2025-08-23,44847.98595590293,39897.29406404917,49806.678227035554,Total,daily
2025-08-24,38079.24389564711,33211.01621195328,42658.31270778453,Total,daily
2025-08-25,39114.56140765543,34546.25063326334,43631.068939883786,Total,daily
2025-08-26,39610.35669998298,34764.2409717202,44442.71156503794,Total,daily
2025-08-27,39556.8772807207,35035.342725011265,44739.539521198,Total,daily
2025-08-28,39218.16741261812,34594.48343378815,43420.86926282452,Total,daily
2025-08-29,41206.59555461332,36592.047012995085,45654.25729864067,Total,daily
2025-08-30,42087.09598328397,37468.55536961603,46705.24794319449,Total,daily
2025-08-31,35483.468947681926,31087.114795069112,40412.896485631696,Total,daily
2025-09-01,36719.357042494354,31902.84080289234,41916.785479236685,Total,daily
2025-09-02,37435.98561939221,32841.88705584908,41893.210544080044,Total,daily
2025-09-03,37618.75585332935,32827.04802226551,42432.092670793754,Total,daily
2025-09-04,37527.08086294531,33152.971499772604,42381.64215222813,Total,daily
2025-09-05,39771.676818415806,34958.1247453096,44471.02533494762,Total,daily
2025-09-06,40908.255806607805,36408.19581422877,45593.26950222361,Total,daily
2025-09-07,34547.89880387907,30177.71916320992,39491.070745949626,Total,daily
2025-09-08,36029.45089535198,31256.92111740344,40741.10350444048,Total,daily
2025-09-09,36979.68756928482,32385.106270065196,41642.52535589997,Total,daily
2025-09-10,37380.692642753485,32487.17222243715,41764.82798790944,Total,daily
2025-09-11,37489.50399061328,32447.822988519954,42116.54602396588,Total,daily
2025-09-12,39918.09003725397,35141.2014449459,44614.079568200104,Total,daily
2025-09-13,41216.39879340243,36188.3251384559,46083.34076118844,Total,daily
2025-09-14,34986.69468473271,30609.36396190529,39305.66916346131,Total,daily
2025-09-15,36587.253042720986,31479.465581520442,41191.043508444345,Total,daily
2025-09-16,37634.825650624574,32878.48321484555,42403.89149631469,Total,daily
2025-09-17,38112.67356859462,33609.0925958755,42503.366234879715,Total,daily
2025-09-18,38279.89297322274,33515.05090657942,42771.71211591956,Total,daily
2025-09-19,40753.951737502495,36542.79830702416,45602.58302905272,Total,daily
2025-09-20,42082.97712605247,37403.9652323952,46659.2529915992,Total,daily
2025-09-21,35863.9500653054,30843.18282828024,40443.84525179199,Total,daily
2025-09-22,37477.60654502679,33053.453873565835,42357.57540145381,Total,daily
2025-09-23,38533.12661893304,33731.87942126409,43242.317858408765,Total,daily
2025-09-24,39016.76488863055,34406.48297255618,43749.07416695894,Total,daily
2025-09-25,39190.8191909289,34491.709144942404,43588.23407372148,Total,daily
2025-09-26,41678.71079204,36814.24430406889,46608.390555938335,Total,daily
2025-09-27,43026.51523845975,38394.80798237944,48069.741990140166,Total,daily
2025-09-28,36825.03908976874,32007.864198188443,41607.38316369093,Total,daily
2025-09-29,38475.97271759683,33861.621128695595,43532.49517579141,Total,daily
2025-09-30,39578.86508164208,34758.26828675666,44346.89315722791,Total,daily
2025-10-01,40120.42987485778,35372.178311847485,44880.14874038813,Total,daily
2025-10-02,40363.24814125185,35663.13727247343,45209.9292717968,Total,daily
2025-10-03,42933.4932772323,38277.78277198389,47479.09326041909,Total,daily
2025-10-04,44371.81309760077,39484.30203728069,48998.22336897699,Total,daily
2025-10-05,38259.40054002095,33726.23002831286,42612.247380181376,Total,daily
2025-10-06,40015.50933697455,35642.62100323158,44817.3161850405,Total,daily
2025-10-07,41226.82256506959,36449.09074243829,46203.193908313435,Total,daily
2025-10-08,41877.5356754589,37166.280403659184,46438.88446144778,Total,daily
2025-10-09,42227.884440356975,37412.42167529053,46863.84683191211,Total,daily
2025-10-10,44904.593622549306,40414.58554835607,49648.66792131606,Total,daily
2025-10-11,46441.17428838634,41606.89979788201,51021.31188201402,Total,daily
2025-10-12,40408.035883292585,35996.95222301595,45147.76818298576,Total,daily
2025-10-13,42241.394280640256,37641.066427290796,47161.165534629006,Total,daily
2025-10-14,43515.0450271201,38494.98551725714,48214.104357374184,Total,daily
2025-10-15,44211.21550738792,39406.06655026459,48887.19973547213,Total,daily
2025-10-16,44588.892295144244,39970.90746849986,49297.75881981854,Total,daily
2025-10-17,47276.95046716831,42626.1759292808,51805.89955037314,Total,daily
2025-10-18,48803.80764917484,44475.61996114825,53542.95579657785,Total,daily
2025-10-19,42731.50554879073,38031.38605910348,47452.24530069593,Total,daily
2025-10-20,44515.92757091358,39925.64243542405,49421.61677127184,Total,daily
2025-10-21,45720.88588550233,41079.88579420668,50924.09125881383,Total,daily
2025-10-22,46329.64686108701,41470.92549655166,50456.0454744257,Total,daily
2025-10-23,46602.96017376216,41886.59095130493,51360.23059159065,Total,daily
2025-10-24,49174.77258318862,44652.39385887174,53967.63303724704,Total,daily
2025-10-25,50571.14716885088,46033.95019117232,55369.63088382063,Total,daily
2025-10-26,44348.2304216723,39828.36062019035,48624.19705961319,Total,daily
2025-10-27,45983.7059064105,40867.18502062412,50780.607205981214,Total,daily
2025-10-28,47033.13438930932,42409.60793227617,51807.163748922714,Total,daily
2025-10-29,47482.10647938328,42948.20719721742,52335.44749149683,Total,daily
2025-10-30,47593.94358291551,42577.1861874289,52029.18346525032,Total,daily
2025-10-31,50007.983280918575,44989.721308809916,54676.72611116013,Total,daily
2025-11-01,51247.768276123104,46634.437877528784,56052.04721540507,Total,daily
2025-11-02,44862.92068833307,40544.57801055431,49573.60178978351,Total,daily
2025-11-03,46351.86969863936,41585.13560286137,51168.514167199544,Total,daily
2025-11-04,47260.497574903966,42751.62959318797,51981.48888903217,Total,daily
2025-11-05,47574.985366323795,42956.69693460096,52229.27043589887,Total,daily
2025-11-06,47559.262213055285,42913.40137091391,52204.62244812011,Total,daily
2025-11-07,49855.94678237822,44932.79159705944,54413.12307265038,Total,daily
2025-11-08,50983.89532979658,46088.74530059127,55904.89138447436,Total,daily
2025-11-09,44484.07435808731,39716.774882654114,49135.696960493675,Total,daily
2025-11-10,45873.65188673597,41436.55032613728,50799.07848631401,Total,daily
2025-11-11,46687.03425333983,41748.43581844855,51467.46986039261,Total,daily
2025-11-12,46909.4818567605,41959.63491234477,51694.98083647904,Total,daily
2025-11-13,46804.37305424851,42073.17557825956,51980.422556600344,Total,daily
2025-11-14,49016.85457911451,44171.17851400628,53795.60752511261,Total,daily
2025-11-15,50060.78620590801,45378.53760861019,54712.84119769127,Total,daily
2025-11-16,43468.63220469493,39038.09478163732,48042.78067022936,Total,daily
2025-11-17,44776.91854219989,39839.89642674604,49241.2323335409,Total,daily
2025-11-18,45509.64417526642,40868.68418169636,50414.58200143525,Total,daily
2025-11-19,45652.63213019375,40732.174819608925,50247.15521180258,Total,daily
2025-11-20,45470.555638248064,40665.398006386575,50358.915497220674,Total,daily
2025-11-21,47613.22895781301,42595.40972893754,52225.95630269852,Total,daily
2025-11-22,48591.865827323236,43573.56096478111,53269.54061475516,Total,daily
2025-11-23,41932.89517410548,36964.63204856086,47041.0097128082,Total,daily
2025-11-24,43194.68095326969,38629.46406980711,47753.27956519347,Total,daily
2025-11-25,43893.199222457406,38785.62676894102,48411.67567498386,Total,daily
2025-11-26,44017.0140356464,39661.30832502932,48856.863189881915,Total,daily
2025-11-27,43833.95724579477,39185.37937053008,48574.887297840476,Total,daily
2025-11-28,45999.9569123984,41920.169227355014,50930.84185007438,Total,daily
2025-11-29,47024.5161960438,42034.2458185294,51519.87263406274,Total,daily
2025-11-30,40428.372969092175,35372.40111453012,45273.96049443711,Total,daily
2025-12-01,41791.41813528221,36945.5061720753,46340.91913262893,Total,daily
2025-12-02,42620.59330354203,38225.85278115118,47484.89543652681,Total,daily
2025-12-03,42905.46754335568,38173.70943085028,47340.142644125575,Total,daily
2025-12-04,42914.569781654616,38357.577792348806,47607.92140171792,Total,daily
2025-12-05,45306.777581557784,40649.05381749096,50012.423168011876,Total,daily
2025-12-06,46586.06338374607,42071.778801261746,51036.38362694359,Total,daily
2025-12-07,40263.06856103821,35689.15097992864,44493.170371287764,Total,daily
2025-12-08,41934.313167181535,37106.211468188405,46500.60784418668,Total,daily
2025-12-09,43092.42760697111,38436.74643274715,47730.27794370267,Total,daily
2025-12-10,43722.46145363828,39078.883815916684,48765.12371479035,Total,daily
2025-12-11,44088.01417531557,39321.92681194583,49206.292047632036,Total,daily
2025-12-12,46845.3407448243,42370.10796065504,51337.831990665734,Total,daily
2025-12-13,48487.52816205483,43608.34317219277,53102.38906836661,Total,daily
2025-12-14,42510.148785536774,37787.58164345413,46945.301159398776,Total,daily
2025-12-15,44521.92347066674,39857.635216150105,49311.14567740046,Total,daily
2025-12-16,45997.441489693025,41406.57509973144,50435.67553272121,Total,daily
2025-12-17,46914.3432048438,41829.24426440701,51394.16342142174,Total,daily
2025-12-18,47529.37392416123,42928.34883859398,52236.4880816793,Total,daily
2025-12-19,50495.30997255813,45825.24575931127,55326.45849711274,Total,daily
2025-12-20,52294.64426662689,47669.00916492077,56736.11197364418,Total,daily
2025-12-21,46409.369751564445,41790.54543371791,51249.0423322118,Total,daily
2025-12-22,48463.11643660781,43737.898428045904,53014.595012037025,Total,daily
2025-12-23,49916.34816613844,44925.26157625828,54853.5884769429,Total,daily
2025-12-24,50744.375110930785,46003.80892456868,55449.20164503777,Total,daily
2025-12-25,51203.254238139365,46369.185985030635,56018.16167427497,Total,daily
2025-12-26,53949.42792013852,49216.324944291024,58482.33933152865,Total,daily
2025-12-27,55462.78119681704,50816.19974627336,60257.20768614664,Total,daily
2025-12-28,49220.391338238944,44364.13352494814,54052.3354742889,Total,daily
2025-12-29,50869.951810345876,46395.05607179873,55754.59127208936,Total,daily
2025-12-30,51867.24028295344,47688.31037257258,56452.0753271505,Total,daily
2025-12-31,52194.74162612375,47346.06924605841,56927.040530430815,Total,daily
2026-01-01,52117.16741344872,46844.02806846151,56889.296516794464,Total,daily
2026-01-02,54303.576991920745,49309.758235844936,58765.41965470226,Total,daily
2026-01-03,55239.57982038763,50461.91684653571,59751.24126064563,Total,daily
2026-01-04,48404.8340032214,43837.982718023646,53277.106245121395,Total,daily
2026-01-05,49477.55534441188,44435.64621387041,54169.05147111191,Total,daily
2026-01-06,49914.07562468607,44844.88186916595,54473.80497805987,Total,daily
2026-01-07,49707.921119644365,45022.38718724229,54386.2383571963,Total,daily
2026-01-08,49134.826649809904,44399.70084576702,54116.0329322287,Total,daily
2026-01-09,50877.24890777419,46050.28807485227,55655.36969928712,Total,daily
2026-01-10,51425.660897019654,46851.42103667884,55928.155043660365,Total,daily
2026-01-11,44259.78570269634,39674.5238196088,48838.4493364314,Total,daily
2026-01-12,45084.21715865267,40163.01653218827,49645.32530824118,Total,daily
2026-01-13,45350.13515573359,40408.35155408079,50096.23235451398,Total,daily
2026-01-14,45054.94560958125,40112.30676751053,49586.74274767589,Total,daily
2026-01-15,44476.93204662649,39916.61446646141,49413.30955240551,Total,daily
2026-01-16,46302.33814442492,41403.51923633824,50996.37290369674,Total,daily
2026-01-17,47015.96118142788,42133.64401571698,51434.91704312082,Total,daily
2026-01-18,40086.35307766474,35558.58955243096,44723.10848403943,Total,daily
2026-01-19,41232.80429624671,36425.74966634474,45877.70168719874,Total,daily
2026-01-20,41889.48130005949,37243.84292322939,46758.68493635252,Total,daily
2026-01-21,42045.90008398012,37008.293387666425,46478.28616267531,Total,daily
2026-01-22,41971.487676073215,37015.37898995239,46633.89000595848,Total,daily
2026-01-23,44345.49974077232,39691.57369171908,48894.08410731943,Total,daily
2026-01-24,45637.165684727515,40853.531122054024,50359.04115056105,Total,daily
2026-01-25,39295.09002742389,34385.8422288046,43961.638590465765,Total,daily
2026-01-26,41045.80709601672,36455.68143173444,46136.491355055536,Total,daily
2026-01-27,42300.517394175,37603.661326910136,46763.68739836883,Total,daily
2026-01-28,43036.53613742965,38212.675933926344,47922.73111674665,Total,daily
2026-01-29,43511.86713949934,38941.34052678272,48068.36012725878,Total,daily
2026-01-30,46398.01632114589,41586.932897795516,51236.01687958636,Total,daily
2026-01-31,48149.70608657726,43382.937261033156,52784.761818685445,Total,daily
2026-02-01,42198.450911667795,37443.79333080064,46981.6535570479,Total,daily
2026-02-02,44282.61361293171,39547.669034593906,49040.5469485103,Total,daily
2026-02-03,45796.630024314436,41013.90762988564,50695.04805325024,Total,daily
2026-02-04,46713.28332926578,42110.64875802999,51630.26064921926,Total,daily
2026-02-05,47288.10629185501,42519.35377106529,52175.56725022953,Total,daily
2026-02-06,50194.87645397539,45672.29822055618,55276.164305626,Total,daily
2026-02-07,51884.660810618705,47295.697447283,56654.923253987785,Total,daily
2026-02-08,45783.307934361655,41361.448325799196,50726.41788768404,Total,daily
2026-02-09,47652.73593496927,42876.12664759358,52262.51172160301,Total,daily
2026-02-10,48882.37015776293,44182.74103215242,53873.911007932955,Total,daily
2026-02-11,49451.969533446994,44811.5571690057,54305.00085580289,Total,daily
2026-02-12,49625.59172298378,45236.68987550293,54169.23041073283,Total,daily
2026-02-13,52089.51951072699,46984.06280892495,56486.75455984836,Total,daily
2026-02-14,53300.40639257488,48971.289847552725,58046.62955483438,Total,daily
2026-02-15,46686.48254273198,42090.10309038051,51341.76220201351,Total,daily
2026-02-16,48039.90331901188,43451.680760469564,52867.57012871162,Total,daily
2026-02-17,48750.2643933117,44179.902322567905,53731.88022414905,Total,daily
2026-02-18,48807.88313757406,44261.82314681382,53567.09056001256,Total,daily
2026-02-19,48487.270334736284,44077.98912303381,53209.76201364206,Total,daily
2026-02-20,50487.47300485656,45894.06280229308,55212.02618913755,Total,daily
2026-02-21,51269.34758752431,46472.91172840423,56044.911903713175,Total,daily
2026-02-22,44260.54665576031,39702.04316573008,49069.493510806766,Total,daily
2026-02-23,45279.03283702926,40417.18895518663,49796.27204110829,Total,daily
2026-02-24,45708.81098101604,40865.96869266328,50626.86712644638,Total,daily
2026-02-25,45543.8348197644,40789.534689310305,50035.31094750913,Total,daily
2026-02-26,45061.1812539555,40815.65216879112,49768.90622389305,Total,daily
2026-02-27,46964.02591308053,42388.42085681816,51703.82378454924,Total,daily
2026-02-28,47708.27457864848,43043.42116592593,52114.91297303156,Total,daily
2026-03-01,40711.56939036009,35929.45536675574,44962.503618004586,Total,daily
2026-03-02,41808.20864941448,37101.56816428401,46344.87395445666,Total,daily
2026-03-03,42367.33187997493,37534.14313504908,47226.85176584787,Total,daily
2026-03-04,42377.67689210758,37659.36933013179,47099.90893547738,Total,daily
2026-03-05,42110.665306767485,37154.25344817371,47148.00775685895,Total,daily
2026-03-06,44266.19784030648,39629.95245615394,48999.58181203816,Total,daily
2026-03-07,45288.804744819856,40234.43260497301,50179.68745885551,Total,daily
2026-03-08,38580.80230942954,33906.66096594527,43417.91993183256,Total,daily
2026-03-09,39988.716491229694,35319.119550973825,44283.39816648517,Total,daily
2026-03-10,40863.984017250674,35987.930931988456,45107.70983759444,Total,daily
2026-03-11,41188.58724117047,36724.82177280748,46358.39561297201,Total,daily
2026-03-12,41228.04258269874,36702.92809820886,45799.70770905052,Total,daily
2026-03-13,43679.97251954293,38925.686777231786,48252.71670118742,Total,daily
2026-03-14,44979.69929883142,40321.19648369588,49514.051234390376,Total,daily
2026-03-15,38517.44609490273,33825.14360990621,43315.15221236838,Total,daily
2026-03-16,40156.13255464372,35411.17445545626,44671.07915938409,Total,daily
2026-03-17,41234.43803830792,36709.234814008945,46000.093749179505,Total,daily
2026-03-18,41733.14320654415,37323.17667722958,46625.44024423751,Total,daily
2026-03-19,41917.838369441706,37513.55639457861,46700.27324361854,Total,daily
2026-03-20,44490.08270381257,39779.60643226651,48925.33432596772,Total,daily
2026-03-21,45882.25082375558,40807.103148258604,50556.09548188183,Total,daily
2026-03-22,39478.59272557871,34842.80763273923,44347.99517860493,Total,daily
2026-03-23,41164.22516462376,36415.08957271479,46109.21314193499,Total,daily
2026-03-24,42270.395606048616,37571.4877972064,46952.33129471613,Total,daily
2026-03-25,42781.38812517845,38131.22581945508,47474.005957283385,Total,daily
2026-03-26,42966.83199199137,38274.600372452645,48228.232042442774,Total,daily
2026-03-27,45535.35418734612,40876.608244487004,50176.30226618377,Total,daily
2026-03-28,46918.61285720982,41984.798379913256,51459.095899400156,Total,daily
2026-03-29,40496.17936958652,35911.496229231525,44988.46439164609,Total,daily
2026-03-30,42175.71861537838,37432.146340782725,46922.743137086174,Total,daily
2026-03-31,43280.47611550205,38657.11816321113,47778.44110270879,Total,daily
2026-04-01,43796.79876188933,39299.73363524654,48411.49966018045,Total,daily
2026-04-02,43996.12016462249,39076.80807929256,48822.45500007755,Total,daily
2026-04-03,46591.20617556109,41954.6202271679,51261.34883698305,Total,daily
2026-04-04,48009.494653242335,43487.81525114713,52787.36637123111,Total,daily
2026-04-05,41621.93478063864,36864.335804508315,46531.96609132526,Total,daily
2026-04-06,43354.5027542054,38584.227342731974,48334.90201238371,Total,daily
2026-04-07,44518.06514715291,39829.65671466099,49448.85078706785,Total,daily
2026-04-08,45096.66941387092,40492.07104389568,49985.09814894099,Total,daily
2026-04-09,45359.35794562003,40391.96935662389,49875.563179214056,Total,daily
2026-04-10,48019.150924984286,43085.839839571534,52852.80309424419,Total,daily
2026-04-11,49495.824747297986,44713.04993621416,54273.15732378708,Total,daily
2026-04-12,43148.82502915222,38431.91265803207,47837.15000334539,Total,daily
2026-04-13,44920.214792164006,40413.52833990171,49659.038349185634,Total,daily
2026-04-14,46106.98908132094,41182.64922930404,50818.96714093409,Total,daily
2026-04-15,46690.186044078444,41768.001408097196,51437.68701727265,Total,daily
2026-04-16,46936.55499299027,42080.862967293986,52010.47134979928,Total,daily
2026-04-17,49560.27584058642,44721.04098827618,54328.94108919526,Total,daily
2026-04-18,50975.149638640345,46121.00936926283,55703.41194868311,Total,daily
2026-04-19,44531.533992173754,39939.55386155634,48870.04152884891,Total,daily
2026-04-20,46190.649488867864,41185.89445421801,50868.47740806455,Total,daily
2026-04-21,47239.250825769646,42625.49475098522,52124.47929582514,Total,daily
2026-04-22,47659.44628434565,43058.50290079612,52660.00495615728,Total,daily
2026-04-23,47720.093760417374,43276.73464748605,52616.07570896766,Total,daily
2026-04-24,50141.120840750445,45479.36281774765,54832.900615857754,Total,daily
2026-04-25,51334.985854612314,46484.261733836895,56108.554160765205,Total,daily
2026-04-26,44647.492792495614,39872.05103541248,49145.91390100212,Total,daily
2026-04-27,46063.316164347256,41431.41277138613,50798.78929717111,Total,daily
2026-04-28,46862.89615593014,41967.71804348743,51567.029585951015,Total,daily
2026-04-29,47032.84536207095,42361.383689602284,51629.81982611698,Total,daily
2026-04-30,46846.96661865801,42407.36846787918,51794.12344280826,Total,daily
2026-05-01,49033.085683751204,44038.10493749518,53715.52979494989,Total,daily
2026-05-02,50003.71547815486,45482.785772376075,55086.9775611581,Total,daily
2026-05-03,43100.70584372593,38364.439582109655,47965.86856969922,Total,daily
2026-05-04,44331.966071013856,39741.668280636324,48672.255679915994,Total,daily
2026-05-05,44970.58774928356,40083.60482566631,49763.19348372548,Total,daily
2026-05-06,45005.86662450182,40233.70027011289,49989.79660175978,Total,daily
2026-05-07,44713.993352227306,39915.152177618475,49443.426351279835,Total,daily
2026-05-08,46827.47151011685,42103.90840823995,51671.927782335144,Total,daily
2026-05-09,47755.07707753462,43180.72176272754,52439.24065940295,Total,daily
2026-05-10,40830.45155376825,36452.59604428699,45555.71076940865,Total,daily
2026-05-11,42080.14381512703,37335.87363495425,46704.82383136222,Total,daily
2026-05-12,42765.09175366854,37859.611139822475,47599.766175785124,Total,daily
2026-05-13,42872.395823651386,38005.636237902174,47439.32819948566,Total,daily
2026-05-14,42675.82064313131,38037.70549178366,47407.31500269237,Total,daily
2026-05-15,44907.933509517105,39752.09233568247,50095.09588165006,Total,daily
2026-05-16,45969.48752323816,41309.97271537182,50546.77364464164,Total,daily
2026-05-17,39182.07592351383,34577.328060273525,44120.32776041316,Total,daily
2026-05-18,40587.59714617458,35546.50602873259,45379.25724410531,Total,daily
2026-05-19,41432.18214137607,37243.6364415279,46208.25063327964,Total,daily
2026-05-20,41698.78705371641,37048.67287848739,46613.659390012814,Total,daily
2026-05-21,41657.55181180801,37244.20063776421,46439.97599898181,Total,daily
2026-05-22,44040.682773191715,39293.88425786604,48961.59242401298,Total,daily
2026-05-23,45241.26008617172,40222.054347590245,49965.856628294285,Total,daily
2026-05-24,38569.93098382816,33845.24071532083,43489.58399463368,Total,daily
2026-05-25,40085.753797440375,35093.88093514705,44695.73580893589,Total,daily
2026-05-26,41022.506247805286,36555.1444567181,45915.97447400042,Total,daily
2026-05-27,41362.014226597305,36888.106400420605,45981.07257451251,Total,daily
2026-05-28,41374.268686694035,37005.219528910144,46301.09700940491,Total,daily
2026-05-29,43794.9412018964,39141.48342560673,48786.34834133894,Total,daily
2026-05-30,45013.49530866777,40396.474657655504,49942.543336015675,Total,daily
2026-05-31,38333.793189052296,33396.03980589026,43096.58439926952,Total,daily
2026-06-01,39836.1916261019,35036.062534330275,44362.85979716807,Total,daily
2026-06-02,40746.10669146578,36115.967090859005,45262.977849020215,Total,daily
2026-06-03,41047.96026545194,36330.64889876327,45757.44471873531,Total,daily
2026-06-04,41014.94663945216,36457.85207941529,45941.67185216263,Total,daily
2026-06-05,43389.08540947892,38806.55657011103,48272.61181383985,Total,daily
2026-06-06,44558.55703563836,40195.12224213936,49658.50074807904,Total,daily
2026-06-07,37822.161274677805,33308.608471378946,42430.333062576305,Total,daily
2026-06-08,39282.6232904291,34808.55564848747,44102.30667915225,Total,daily
2026-06-09,40157.39390840264,35513.1208075714,45277.27317818037,Total,daily
2026-06-10,40433.2144522582,35903.54909091599,45104.76927451074,Total,daily
2026-06-11,40385.55482668578,35588.03252043003,45285.62620138842,Total,daily
2026-06-12,42761.245831447864,37621.977198282075,47413.162133595295,Total,daily
2026-06-13,43945.09984452142,39192.89762222334,48875.18976391765,Total,daily
2026-06-14,37228.29865413615,32356.252596636376,41797.640693035915,Total,daily
2026-06-15,38733.00153111559,33910.875416061186,43668.63256427592,Total,daily
2026-06-16,39665.484000017,34820.501402186754,44017.395446510236,Total,daily
2026-06-17,40011.4317351903,35240.1305518922,44574.9536400029,Total,daily
2026-06-18,40045.16508457502,35103.68104526967,44648.38854588154,Total,daily
2026-06-19,42514.96628772607,37878.828674540404,47127.07972801117,Total,daily
2026-06-20,43799.09759387157,38999.52634588404,48829.25290491121,Total,daily
2026-06-21,37178.22404960577,32857.8150272215,42249.177515895724,Total,daily
2026-06-22,38791.418976851885,34192.48795377723,43625.37593873023,Total,daily
2026-06-23,39831.72356080053,35180.29445843082,44612.38062967408,Total,daily
2026-06-24,40282.236356101814,35480.41302930893,44939.87899642749,Total,daily
2026-06-25,40415.17294647253,35271.974531039676,45066.78326270434,Total,daily
2026-06-26,42979.917369771065,38322.778438153095,47708.514776855394,Total,daily
2026-06-27,44348.4466604298,39449.27812006944,48973.15527794845,Total,daily
2026-06-28,37791.77699158851,32975.56514091384,42253.09458154531,Total,daily
2026-06-29,39467.33474131134,35183.55487524266,44242.035517819335,Total,daily
2026-06-30,40556.8858810465,35551.64203631413,45112.06369551189,Total,daily
2026-07-01,41043.352502080415,36272.67119551307,45739.84478958311,Total,daily
2026-07-02,41199.62363422102,36583.157585825014,45810.498652648275,Total,daily
2026-07-03,43779.23419229039,39003.41482303522,48296.88452426306,Total,daily
2026-07-04,45151.08963716955,40347.044336245715,50339.844632426655,Total,daily
2026-07-05,38579.82294892082,33752.51753243457,43685.6646163219,Total,daily
2026-07-06,40244.41615248723,35532.544078962084,44943.25411897833,Total,daily
2026-07-07,41318.385482236146,36455.87384658104,45902.90545457327,Total,daily
2026-07-08,41787.21570062304,37071.910442278575,46796.83873589621,Total,daily
2026-07-09,41926.821204594395,37246.44827548979,46770.19594659599,Total,daily
2026-07-10,44496.76329563041,39738.12921221139,49655.685670100036,Total,daily
2026-07-11,45864.20040488358,41284.73706067032,50958.90806548521,Total,daily
2026-07-12,39288.09851614086,34693.73209893051,43934.448958213565,Total,daily
2026-07-13,40969.064952567824,36041.19635346346,45306.87071080259,Total,daily
2026-07-14,42071.77172523211,37033.79641841874,46912.411742098644,Total,daily
2026-07-15,42583.01145137463,37691.569216841825,47460.861900100484,Total,daily
2026-07-16,42779.83408733573,37778.182354181,47810.877322142645,Total,daily
2026-07-17,45425.34885812633,40631.63067061886,49962.495037114866,Total,daily
2026-07-18,46881.9661905128,41998.31696290025,51608.768723845074,Total,daily
2026-07-19,40399.54572525108,35614.11835990792,44957.39745977864,Total,daily
2026-07-20,42196.542118379686,37316.891558266565,47258.72356674897,Total,daily
2026-07-21,43424.77905720067,38840.41685465129,48060.54101158593,Total,daily
2026-07-22,44068.248691000976,39538.964867393945,48605.20154304721,Total,daily
2026-07-23,44401.05171295285,39955.00296777194,49017.88848047202,Total,daily
2026-07-24,47185.91364985347,42357.45479929206,52077.475401169875,Total,daily
2026-07-25,48776.846253215954,44197.41911619676,53401.298947619165,Total,daily
2026-07-26,42411.35499335059,37528.57274201701,47529.58595225939,Total,daily
2026-07-27,44323.0091405054,39721.6389796955,48987.7098119035,Total,daily
2026-07-28,45648.66557162122,41181.83071450464,50536.61367473287,Total,daily
2026-07-29,46368.09453852114,41273.86362373941,51125.07877758853,Total,daily
2026-07-30,46751.78692741174,41965.494262392254,51547.32042047278,Total,daily
2026-07-31,49562.22758278525,44670.146407400694,54504.62209657807,Total,daily
2026-08-01,51145.99612658179,46509.60920573201,56085.499506196415,Total,daily
2026-08-02,44730.03030901097,40061.07238146875,49563.735368287635,Total,daily
2026-08-03,46565.59294710247,41887.19966666379,51408.79807390379,Total,daily
2026-08-04,47777.89479959055,43058.61611807737,52441.04451907601,Total,daily
2026-08-05,48346.47383471098,44017.86129687899,53537.74339351521,Total,daily
2026-08-06,48542.77655804863,44114.8705600168,53574.45509153228,Total,daily
2026-08-07,51134.077439555265,46480.817135028614,56030.508182173966,Total,daily
2026-08-08,52464.89339641529,47807.72008453703,57026.84592984154,Total,daily
2026-08-09,45757.165844204625,41011.8906517112,50484.945515267835,Total,daily
2026-08-10,47285.479741275354,42581.08678508033,52118.49739358299,Total,daily
2026-08-11,48168.93722563508,43325.471296664415,52911.56257420434,Total,daily
2026-08-12,48392.14269268396,44024.52198493691,53456.324039463354,Total,daily
2026-08-13,48232.41529430589,43530.33342973279,52986.30901452061,Total,daily
2026-08-14,50466.22042796288,45637.07523657171,55184.75903280988,Total,daily
2026-08-15,51439.776527780115,46828.38193093909,56364.47507913525,Total,daily
2026-08-16,44373.0506313857,39691.11085887098,49184.72621451759,Total,daily
2026-08-17,45566.14355322659,40889.59398106096,50473.489177788244,Total,daily
2026-08-18,46133.350016207754,41518.35289213276,50811.13795815822,Total,daily
2026-08-19,46064.708872186486,41337.84191245776,50742.82212188772,Total,daily
2026-08-20,45642.830929998156,41009.57223200852,50449.744231361874,Total,daily
2026-08-21,47651.85201085259,42669.43645738471,51985.39539933282,Total,daily
2026-08-22,48437.26670112973,43452.50196534345,53151.65749462553,Total,daily
2026-08-23,41213.79632583949,36564.09689986734,46150.38034592699,Total,daily
2026-08-24,42303.021779444316,37476.78446703351,47174.379482635726,Total,daily
2026-08-25,42809.73207535806,38270.37143363495,47940.94560900591,Total,daily
2026-08-26,42724.15920586367,37870.88530042899,47458.95239467669,Total,daily
2026-08-27,42328.55505138255,37211.044211577115,47258.73512892313,Total,daily
2026-08-28,44408.81029120822,39733.5254678583,49405.28636391992,Total,daily
2026-08-29,45303.66593141838,40710.91016525602,49873.97206695651,Total,daily
2026-08-30,38216.6068328208,33391.552211101014,42733.04985844797,Total,daily
2026-08-31,39484.89343548603,34455.64965862784,44501.024666482495,Total,daily
2026-09-01,40198.343869979886,35335.39532277533,44629.05719083525,Total,daily
2026-09-02,40342.388514489394,35566.53465692866,45407.289149952274,Total,daily
2026-09-03,40194.517264250346,35100.19785565967,44940.88727741651,Total,daily
2026-09-04,42538.66851184111,37609.29328220878,47180.13952608728,Total,daily
2026-09-05,43703.90281416545,39000.69680021029,48580.5442021963,Total,daily
2026-09-06,36880.38428275918,32355.29287582011,41455.690564145785,Total,daily
2026-09-07,38419.84988805635,33499.42408393744,43064.052233277565,Total,daily
2026-09-08,39396.839315149366,34672.50137183759,44132.07363677221,Total,daily
2026-09-09,39792.558721736525,34746.32376610537,44853.29732981352,Total,daily
2026-09-10,39881.16372422427,35007.61191545668,44622.53338938988,Total,daily
2026-09-11,42446.86087776497,37827.19858127517,47351.89206599061,Total,daily
2026-09-12,43811.964856779065,38903.588159771396,48540.43675177797,Total,daily
2026-09-13,37156.870488287896,32357.19147486213,41804.94450738215,Total,daily
2026-09-14,38851.84680110592,34234.909361844875,43833.83734874762,Total,daily
2026-09-15,39960.58958054446,35149.231420929566,45287.39881073306,Total,daily
2026-09-16,40464.76079882972,35614.87041376827,45243.594779954416,Total,daily
2026-09-17,40639.969248136535,36036.87175765804,45404.749074887026,Total,daily
2026-09-18,43275.44594500892,38580.005281447804,47820.05352160789,Total,daily
2026-09-19,44691.34975605934,40339.42721026014,49500.218554071645,Total,daily
2026-09-20,38062.60238300761,33181.80057301417,42653.89129438895,Total,daily
2026-09-21,39781.8904576262,35076.98260655109,44544.97153426981,Total,daily
2026-09-22,40905.43834278134,36127.5499492041,45534.37668534773,Total,daily
2026-09-23,41418.137830407024,36831.461183402454,46438.161460515505,Total,daily
2026-09-24,41599.160330637205,36742.52133261042,46552.21203321638,Total,daily
2026-09-25,44244.161094480536,39702.92833227816,49165.80711657125,Total,daily
2026-09-26,45671.81019111692,40848.02274584447,50574.03042118262,Total,daily
2026-09-27,39051.48972385074,34341.865612322494,43802.183738318636,Total,daily
2026-09-28,40797.525311088415,35973.16957906683,45563.94185205732,Total,daily
2026-09-29,41957.22156419872,37195.95616556088,46981.88211542103,Total,daily
2026-09-30,42516.64398051733,37588.933882286,47299.21619727935,Total,daily
2026-10-01,42755.94194941676,38169.415192169,47461.026747125994,Total,daily
2026-10-02,45474.17572422699,40863.13585765636,50120.31420150804,Total,daily
2026-10-03,46985.17827415296,42218.59442868337,52073.1427105065,Total,daily
2026-10-04,40449.228450678784,35830.68677534278,45392.0049678951,Total,daily
2026-10-05,42298.630163250426,37821.36046060686,47184.5544899132,Total,daily
2026-10-06,43568.12972492123,38552.68622039838,48178.336327636716,Total,daily
2026-10-07,44241.46632204431,39202.69174501721,49176.46570999782,Total,daily
2026-10-08,44596.515845848415,39646.12918087467,49457.90302188322,Total,daily
2026-10-09,47432.84092255881,42560.91885416798,52330.93801156289,Total,daily
2026-10-10,49056.971260374536,44577.8805427043,53917.69142205219,Total,daily
2026-10-11,42618.125137787174,37980.37739837055,47620.85161731188,Total,daily
2026-10-12,44565.19133872008,39735.44314636386,49641.16559269415,Total,daily
2026-10-13,45919.5646327786,41308.07858920612,50778.48382293801,Total,daily
2026-10-14,46662.48140360527,42155.533463244974,51486.66202333421,Total,daily
2026-10-15,47069.98094867743,42224.64048450023,51716.327649870786,Total,daily
2026-10-16,49943.155649260414,45291.90572703571,54831.18137540352,Total,daily
2026-10-17,51582.8083296686,46990.38526145701,56079.23272989934,Total,daily
2026-10-18,45129.16359901297,40402.88713274036,50015.90421368296,Total,daily
2026-10-19,47050.179200019615,42697.24021501828,52093.82499386414,Total,daily
2026-10-20,48356.71396701126,43442.29894643865,53781.15620930478,Total,daily
2026-10-21,49030.55358748084,44165.23966053566,53710.0456337533,Total,daily
2026-10-22,49349.08819614381,44515.61131926973,54150.51377307618,Total,daily
2026-10-23,52118.158757852834,46965.64105401342,57038.14087587593,Total,daily
2026-10-24,53635.988219508996,48920.48027579917,58974.13546545838,Total,daily
2026-10-25,47036.783606316494,42000.24075824886,52246.86648996176,Total,daily
2026-10-26,48810.28506253567,44195.16940995749,53388.82254625633,Total,daily
2026-10-27,49959.18493783008,45095.73067792745,54998.47687760973,Total,daily
2026-10-28,50467.77534149525,45837.836367599695,55766.26491511215,Total,daily
2026-10-29,50616.28889229162,45578.191811318226,55380.85126272596,Total,daily
2026-10-30,53216.30505657831,48077.97546267749,57904.533432833465,Total,daily
2026-10-31,54563.936825491364,49364.45569647098,59103.62713842479,Total,daily
2026-11-01,47787.32379206866,42821.550301303105,52991.83648815103,Total,daily
2026-11-02,49397.43748578915,44464.01022748776,54331.12428886531,Total,daily
2026-11-03,50387.787825060084,45774.81482112921,55389.42080326349,Total,daily
2026-11-04,50743.74500185288,46004.756307022464,55794.52778175816,Total,daily
2026-11-05,50746.61033406205,45887.85998740854,55461.64680312812,Total,daily
2026-11-06,53211.66152814427,48538.77445798937,58191.3906210926,Total,daily
2026-11-07,54430.68306875456,49645.50275149142,59705.69540378692,Total,daily
2026-11-08,47523.444549558975,42803.55243916063,52465.787585722894,Total,daily
2026-11-09,49019.85930035625,44514.67567073712,53694.56493408299,Total,daily
2026-11-10,49902.07445425137,45322.72264374755,54887.99488138606,Total,daily
2026-11-11,50154.559182402874,45449.58428575337,55090.90434672255,Total,daily
2026-11-12,50057.99007251011,45315.84682522067,54563.681365171695,Total,daily
2026-11-13,52430.009002227176,47689.156376456354,57488.90174481512,Total,daily
2026-11-14,53557.15737990242,48713.95777016253,58407.4571705143,Total,daily
2026-11-15,46550.383937913146,41782.815922284135,51263.970270008394,Total,daily
2026-11-16,47958.58306171101,42842.67858942901,52611.83045742429,Total,daily
2026-11-17,48753.07579313459,43854.10105309567,53324.755837749006,Total,daily
2026-11-18,48918.45199117837,43478.85492731668,53877.904790371686,Total,daily
2026-11-19,48736.23807300117,44210.0240363371,53929.579367753024,Total,daily
2026-11-20,51028.31627361563,46387.473247697344,56122.41284317923,Total,daily
2026-11-21,52078.19379309243,47167.18311735897,56924.001100308386,Total,daily
2026-11-22,44990.45535848496,40523.583729996426,49715.031799480756,Total,daily
2026-11-23,46335.58335872023,41484.943762962546,51099.90672888914,Total,daily
2026-11-24,47076.72173872948,42337.55943721945,52039.56806538951,Total,daily
2026-11-25,47201.15735960364,42392.7703911248,52366.09719379907,Total,daily
2026-11-26,46993.65247527664,42281.14831599394,51779.512589350124,Total,daily
2026-11-27,49282.40882853956,44830.98813436052,54042.94149263078,Total,daily
2026-11-28,50349.56028315773,45193.44571125514,55104.72287922435,Total,daily
2026-11-29,43294.467858076736,37989.98779703555,47960.00346419953,Total,daily
2026-11-30,44709.732311402935,40115.578092149175,49502.34420452723,Total,daily
2026-12-01,45550.168014863055,40566.66734265615,50581.88000477614,Total,daily
2026-12-02,45804.870130209565,41092.9474321759,50422.42254732303,Total,daily
2026-12-03,45760.18051458437,40590.708111005864,50572.7987880696,Total,daily
2026-12-04,48248.18934666281,43090.013613243726,53015.27876384527,Total,daily
2026-12-05,49546.46916258383,44910.39121131824,54445.87709199944,Total,daily
2026-12-06,42745.25597639751,37919.852323171595,47543.68189791087,Total,daily
2026-12-07,44454.7233053686,39556.13123747097,49298.15908319978,Total,daily
2026-12-08,45616.25927974741,41117.110926750545,50516.85698658881,Total,daily
2026-12-09,46215.23525655625,41864.01982728827,51296.38207513667,Total,daily
2026-12-10,46533.74049837235,41654.50011867284,51292.35517520326,Total,daily
2026-12-11,49401.77307286398,44473.0484790793,54530.89502331716,Total,daily
2026-12-12,51086.37950955248,46132.30544402873,56271.95379194554,Total,daily
2026-12-13,44662.894274947656,39635.602161392315,49565.52434598125,Total,daily
2026-12-14,46753.65075906262,42107.152886300224,51651.56904909871,Total,daily
2026-12-15,48281.73534816678,43661.18562281598,53433.13353886804,Total,daily
2026-12-16,49224.62426564945,44417.61429240542,53569.28388882443,Total,daily
2026-12-17,49856.84177817916,44822.68158424336,54647.112695817734,Total,daily
2026-12-18,53003.97818696263,48194.74854318733,57604.41727695254,Total,daily
2026-12-19,54921.35143308316,50113.64672982623,60031.86925855647,Total,daily
2026-12-20,48669.39569599769,43660.31952426622,53472.99143496456,Total,daily
2026-12-21,50883.87109570653,46043.20405839684,55670.849740732854,Total,daily
2026-12-22,52472.1247427292,47713.75620611501,57212.536951275135,Total,daily
2026-12-23,53407.59217530166,48770.47672896803,58607.379874134465,Total,daily
2026-12-24,53962.34080884859,49117.79416567125,58518.34571729809,Total,daily
2026-12-25,56963.84201581492,52131.072890403055,62039.55126607785,Total,daily
2026-12-26,58663.04785796726,53842.636976972,64036.12646481995,Total,daily
2026-12-27,52113.79002911269,46908.30354364922,56765.746364760584,Total,daily
2026-12-28,53974.320327090216,49173.716938213394,59100.5860690943,Total,daily
2026-12-29,55145.885226866165,50102.41659708054,60080.142674218434,Total,daily
2026-12-30,55607.877397752985,50698.110785411955,60139.54817161045,Total,daily
2026-12-31,55640.03393821349,50697.305901993815,60915.037043556935,Total,daily
2022-01-03,31776.546144559175,29118.484710047233,34256.14852920272,Total,weekly
2022-01-10,31570.91457909093,29071.54005069863,34175.52978445707,Total,weekly
2022-01-17,31525.11282074761,28974.792016333602,34228.98455250786,Total,weekly
2022-01-24,31710.11150746191,29116.901703405652,34173.088734930934,Total,weekly
2022-01-31,32074.236272189704,29531.528133518306,34574.91848495474,Total,weekly
2022-02-07,32485.616011206854,29885.49424455704,35071.90634634181,Total,weekly
2022-02-14,32817.618520398624,30243.792396563334,35500.79971921034,Total,weekly
2022-02-21,33027.07209581036,30523.010204737184,35701.85582917197,Total,weekly
2022-02-28,33179.973058546864,30657.916194701607,35864.59821941966,Total,weekly
2022-03-07,33408.8114439071,30949.50615638394,36017.74746791066,Total,weekly
2022-03-14,33823.75400359123,31435.648716057287,36530.09801979577,Total,weekly
2022-03-21,34426.37819539158,31762.16925038459,37068.60274225923,Total,weekly
2022-03-28,32894.005474627214,30247.105545888182,35445.16083166667,Total,weekly
2022-04-04,27873.86894366327,25275.451242566556,30463.10087891453,Total,weekly
2022-04-11,27864.272495463596,25280.487408049703,30362.010140051265,Total,weekly
2022-04-18,27277.338438647108,24785.679539311066,30055.293783591893,Total,weekly
2022-04-25,28445.62972935487,25923.086047412475,31052.52342218578,Total,weekly
2022-05-02,35885.35375339694,33270.438615629886,38648.2992847085,Total,weekly
2022-05-09,31000.313501077577,28607.891882283137,33819.39527633277,Total,weekly
2022-05-16,29795.88376753568,27145.62243628459,32466.045827129197,Total,weekly
2022-05-23,28967.559638120736,26318.553615316618,31438.323992336173,Total,weekly
2022-05-30,28501.557535148713,25882.53664171979,31044.489744376933,Total,weekly
2022-06-06,28288.422025162094,25812.443451799318,30943.137745011216,Total,weekly
2022-06-13,28221.240152168626,25558.323572127876,30732.272941063587,Total,weekly
2022-06-20,28280.35628329684,25500.0320736941,30704.203936610418,Total,weekly
2022-06-27,28554.911291559365,26245.72854721594,31159.454786501694,Total,weekly
2022-07-04,33537.61490406922,31015.709008743248,36100.58956060719,Total,weekly
2022-07-11,31313.79339888018,28665.24226787899,33947.908383506234,Total,weekly
2022-07-18,31585.980129170865,28983.388213835195,34057.50322993515,Total,weekly
2022-07-25,32978.804197664715,30417.53761906264,35659.09457477744,Total,weekly
2022-08-01,33989.56104191083,31396.823254092444,36647.05558134963,Total,weekly
2022-08-08,34238.44248536637,31700.73319478122,36998.8888666778,Total,weekly
2022-08-15,33562.974185377025,31040.111608753814,35988.92337768669,Total,weekly
2022-08-22,32123.676247708794,29691.210352051898,34615.76243987729,Total,weekly
2022-08-29,30386.714022390355,27573.12443013421,32873.36247781465,Total,weekly
2022-09-05,28974.028601686947,26394.79622587594,31520.703406844925,Total,weekly
2022-09-12,28437.73342394748,25790.364780645126,30869.77885697662,Total,weekly
2022-09-19,29042.280513326965,26412.396244572694,31775.53046552031,Total,weekly
2022-09-26,30664.956786477003,28158.531064807594,33315.446218530444,Total,weekly
2022-10-03,32841.24441703755,30342.199993106096,35203.128494661425,Total,weekly
2022-10-10,34946.40578198667,32391.083975821646,37273.040444558785,Total,weekly
2022-10-17,36434.16465555618,33949.71982696244,39145.74893933915,Total,weekly
2022-10-24,37032.03651020581,34547.92126682945,39768.94549439943,Total,weekly
2022-10-31,34646.00008346244,32140.169432441573,37399.34927945192,Total,weekly
2022-11-07,36129.904498312666,33718.0594998192,38703.89398858835,Total,weekly
2022-11-14,36761.86119893125,34135.786383357,39456.69717581796,Total,weekly
2022-11-21,35050.92930736062,32484.604245574963,37597.5883168548,Total,weekly
2022-11-28,34608.91708043683,32017.93624210135,37093.049103102574,Total,weekly
2022-12-05,35538.00930521861,32987.27851718797,38168.05317731151,Total,weekly
2022-12-12,36024.43977026843,33239.36578917674,38721.03051523703,Total,weekly
2022-12-19,36336.868008308506,33812.9809390562,38879.98686871318,Total,weekly
2022-12-26,45102.89233753493,42504.85357465714,47734.79070496307,Total,weekly
2023-01-02,36152.60648392274,33579.34389843555,38730.89383209491,Total,weekly
2023-01-09,35901.4801397741,33305.21289387877,38421.34153117337,Total,weekly
2023-01-16,35804.090477991434,33183.210087935804,38439.955607606964,Total,weekly
2023-01-23,35964.91495271739,33415.425644489536,38569.56174371597,Total,weekly
2023-01-30,36348.65963526647,33960.30640919242,38985.40985523479,Total,weekly
2023-02-06,36815.37360992637,34317.06765508553,39436.56267843233,Total,weekly
2023-02-13,37212.616458628196,34614.39898987917,39914.496240165936,Total,weekly
2023-02-20,37470.116266623634,34706.912155311526,40032.47406089293,Total,weekly
2023-02-27,37642.11819191935,35149.41802244451,40287.5989828933,Total,weekly
2023-03-06,37872.09474593531,35227.897159888606,40541.76271571985,Total,weekly
2023-03-13,38297.71491174279,35539.2048583026,40893.225543939065,Total,weekly
2023-03-20,34009.79272441457,31322.62660849338,36691.34189715371,Total,weekly
2023-03-27,31028.03863421058,28418.483750605985,33682.22640359899,Total,weekly
2023-04-03,31579.144399075227,28916.896374263466,34132.93547477871,Total,weekly
2023-04-10,31671.72449595446,28840.248638178695,34313.23094266802,Total,weekly
2023-04-17,40040.05540612996,37331.91460248694,42529.33239694714,Total,weekly
2023-04-24,38687.90339301789,36118.04594620164,41133.29860496202,Total,weekly
2023-05-01,37113.26095807781,34551.04901556764,39695.84205960909,Total,weekly
2023-05-08,35451.57897870371,32906.99368930794,38159.61407265169,Total,weekly
2023-05-15,34017.46437767335,31368.474871747494,36820.42235326763,Total,weekly
2023-05-22,32995.60690804447,30460.94512181371,35615.91239663506,Total,weekly
2023-05-29,32398.40590914456,29821.74258009415,35010.73338324714,Total,weekly
2023-06-05,32113.477000314502,29477.159884181376,34734.22153942591,Total,weekly
2023-06-12,32010.5924185745,29443.168020130932,34630.18069923066,Total,weekly
2023-06-19,32045.4255890509,29468.006507171252,34713.66373419416,Total,weekly
2023-06-26,37227.09946879484,34658.05761329053,39893.07749033036,Total,weekly
2023-07-03,32921.248374735034,30272.685356063663,35554.4068172853,Total,weekly
2023-07-10,34016.23934373975,31320.822039677096,36581.57001628235,Total,weekly
2023-07-17,35512.24544455932,32914.10718141883,37982.06445400705,Total,weekly
2023-07-24,37113.40519232475,34539.35125671616,39730.25944010789,Total,weekly
2023-07-31,38363.49755578081,35878.07296957622,41030.748281067215,Total,weekly
2023-08-07,38813.56563692327,36463.81181679753,41606.26631221468,Total,weekly
2023-08-14,38224.4996134563,35529.30501505216,40768.313315614345,Total,weekly
2023-08-21,36710.273598401654,34160.099550002895,39162.22375501342,Total,weekly
2023-08-28,34746.0436089074,32290.341916551457,37285.787229991445,Total,weekly
2023-09-04,33022.17463269964,30353.643614285003,35771.07134554526,Total,weekly
2023-09-11,32195.13444325476,29501.17349850501,34777.189268142625,Total,weekly
2023-09-18,32636.30854933234,30001.736238994403,35213.20137723362,Total,weekly
2023-09-25,34285.64350497948,31755.398248197806,36861.86621689416,Total,weekly
2023-10-02,34248.35706091878,31637.677090096484,36746.33925613332,Total,weekly
2023-10-09,39108.80294568507,36350.92538376202,41361.37727658401,Total,weekly
2023-10-16,40936.70117586937,38383.13314031185,43657.749550974186,Total,weekly
2023-10-23,41784.8093192547,39201.376280140685,44182.67840116046,Total,weekly
2023-10-30,41663.15579741967,39194.99538929762,44265.04624355512,Total,weekly
2023-11-06,40929.855012987566,38479.35876901786,43591.94587796189,Total,weekly
2023-11-13,40087.197675129006,37456.80778546108,42815.54331112327,Total,weekly
2023-11-20,41072.2344467459,38616.77567216439,43791.0075442692,Total,weekly
2023-11-27,38667.59009697772,36027.81310937833,41212.992384169534,Total,weekly
2023-12-04,39941.23880335171,37532.98832551084,42578.36619444615,Total,weekly
2023-12-11,40469.461049413025,37850.690351402875,42977.0501341813,Total,weekly
2023-12-18,40843.525432520095,38169.980510752146,43399.03673763183,Total,weekly
2023-12-25,45813.11972010227,43185.92786575396,48396.98058338922,Total,weekly
2024-01-01,45595.09621095446,43104.953235916066,48155.021692594004,Total,weekly
2024-01-08,40355.033087207776,37548.31618601129,42819.79580172171,Total,weekly
2024-01-15,40175.07137165625,37643.05945079436,42789.16606759378,Total,weekly
2024-01-22,40263.32758227764,37676.68239266514,43026.3673786589,Total,weekly
2024-01-29,40619.087848552525,37872.44535173822,43352.28604721162,Total,weekly
2024-02-05,41099.49992092207,38439.89308211081,43619.808282211125,Total,weekly
2024-02-12,41527.722263040785,39097.99857056332,44138.72843767962,Total,weekly
2024-02-19,41803.264281404976,38939.27725736825,44319.808717013955,Total,weekly
2024-02-26,41962.64919934589,39394.15954933919,44490.92505839088,Total,weekly
2024-03-04,42144.22553200652,39504.1489835353,44729.978909439575,Total,weekly
2024-03-11,32930.27475840931,30473.357154041107,35680.306780892424,Total,weekly
2024-03-18,33552.320221088165,30897.163210907678,36141.32604020777,Total,weekly
2024-03-25,34314.33845229931,31838.715945517546,36999.24364603214,Total,weekly
2024-04-01,34943.52599697033,32273.628333016226,37535.914427051655,Total,weekly
2024-04-08,49150.69564800105,46486.99602809515,51834.973633384594,Total,weekly
2024-04-15,44243.31351877251,41541.41441513858,46902.59560120551,Total,weekly
2024-04-22,43020.13173021448,40507.07804110182,45662.21303565406,Total,weekly
2024-04-29,41285.278039722805,38797.57865286448,43772.19915081035,Total,weekly
2024-05-06,39390.95879349855,36695.11104382059,41958.5893070188,Total,weekly
2024-05-13,37697.80152459763,35128.28922951522,40225.87819785535,Total,weekly
2024-05-20,36439.85525628213,33900.83067581006,39164.80707141651,Total,weekly
2024-05-27,35661.73689613275,32962.04694792041,38249.868906726275,Total,weekly
2024-06-03,35255.326636024285,32773.81187652093,37982.54221013778,Total,weekly
2024-06-10,37756.438193832444,35313.73557274338,40376.976134486606,Total,weekly
2024-06-17,37724.37750193821,35049.279684842775,40568.057165347476,Total,weekly
2024-06-24,35214.969628067665,32517.91732529142,37804.98855440264,Total,weekly
2024-07-01,35767.60246146548,33165.3431446984,38516.902015347965,Total,weekly
2024-07-08,36824.21830556739,34211.382181392604,39602.72449358886,Total,weekly
2024-07-15,38346.56173814231,35719.32352981121,40758.10834642165,Total,weekly
2024-07-22,40053.6068859883,37386.660270686916,42468.305795500666,Total,weekly
2024-07-29,41469.55833747132,38917.99020073822,44226.04039482611,Total,weekly
2024-08-05,42090.80015466536,39577.405346596344,44843.82125800787,Total,weekly
2024-08-12,41606.02796229708,38971.44538259623,44320.62633358392,Total,weekly
2024-08-19,40068.774032629284,37480.360635498415,42586.00194816755,Total,weekly
2024-08-26,37933.70177459612,35293.19420480985,40399.904642082736,Total,weekly
2024-09-02,35924.4035745513,33292.30511475852,38514.96384208007,Total,weekly
2024-09-09,34776.13779446115,32109.92807097911,37143.08267210313,Total,weekly
2024-09-16,34956.691370627486,32256.2114467105,37775.40585822681,Total,weekly
2024-09-23,36483.43419636645,33816.620176221,39198.4838178969,Total,weekly
2024-09-30,38916.21295174341,36408.258402710984,41438.8416739116,Total,weekly
2024-10-07,41530.55341683424,38990.774891964385,44415.75878494746,Total,weekly
2024-10-14,43597.72479145945,41114.33791794948,46190.1605981098,Total,weekly
2024-10-21,44653.13371033811,42095.19191945857,47305.102811574776,Total,weekly
2024-10-28,44642.59834101125,42207.28538565685,47372.457297175446,Total,weekly
2024-11-04,41274.00136371744,38762.52008658662,43899.34844980269,Total,weekly
2024-11-11,42931.529691491705,40342.534832498975,45427.50583450583,Total,weekly
2024-11-18,42245.116915143226,39647.33414600402,44837.91005970623,Total,weekly
2024-11-25,42085.75121407071,39588.30247513443,44624.41495775522,Total,weekly
2024-12-02,43395.34905968891,40874.18935167996,45979.462398719974,Total,weekly
2024-12-09,42934.234795022894,40157.238241942396,45445.78769516046,Total,weekly
2024-12-16,43347.97350434274,40836.695387601976,45952.403378131785,Total,weekly
2024-12-23,43439.857287842206,40955.6713092807,46304.11279814401,Total,weekly
2024-12-30,53650.69231896299,51267.557915990335,56403.78319121855,Total,weekly
2025-01-06,42840.1697138133,40234.83091063191,45515.692087840594,Total,weekly
2025-01-13,42577.30452365274,39986.21173576092,45280.234083941155,Total,weekly
2025-01-20,42595.81572587364,39927.2227822889,45211.15864970949,Total,weekly
2025-01-27,42912.00037555433,40189.42772135616,45386.94854997051,Total,weekly
2025-02-03,43393.01110135219,40831.05921721365,45909.76569949207,Total,weekly
2025-02-10,43848.95318035883,41307.356651851085,46718.7244200654,Total,weekly
2025-02-17,44152.24759018749,41386.39346487587,46803.349341098554,Total,weekly
2025-02-24,41426.71012657793,38839.55557215104,44230.82748466214,Total,weekly
2025-03-03,34360.12866607965,31748.250898470153,37050.556773915996,Total,weekly
2025-03-10,34695.216773737346,32078.37413205473,37248.122170193354,Total,weekly
2025-03-17,35301.52229759492,32875.33145359427,37810.80497175466,Total,weekly
2025-03-24,40554.34699392843,37762.05610566739,43086.43724334367,Total,weekly
2025-03-31,49976.63602265691,47382.23924239473,52556.21729346187,Total,weekly
2025-04-07,47255.50498050404,44737.591720843346,49872.607012729284,Total,weekly
2025-04-14,46854.21705280329,44126.538555419174,49504.23600341799,Total,weekly
2025-04-21,45685.87986832055,43083.807799215174,48224.46888900576,Total,weekly
2025-04-28,43924.308545620144,41249.105539577795,46515.603058758796,Total,weekly
2025-05-05,41922.944379144166,39262.583535249236,44766.008928359246,Total,weekly
2025-05-12,40072.50242735892,37526.19566189811,42559.175706204114,Total,weekly
2025-05-19,38651.53044070639,35995.283387779746,41174.431891360706,Total,weekly
2025-05-26,37742.88227135622,35158.88064879635,40530.953125837106,Total,weekly
2025-06-02,42914.751045283025,40488.42551266785,45571.229348897345,Total,weekly
2025-06-09,37024.71398082542,34432.038009675474,39602.23590654512,Total,weekly
2025-06-16,36956.86491408151,34200.422940310935,39540.15245748363,Total,weekly
2025-06-23,37092.773679823,34410.32960248356,39835.42761831768,Total,weekly
2025-06-30,37590.313698231934,35058.59800762948,40096.491593914936,Total,weekly
2025-07-07,38604.07010762521,35982.52799444982,41154.99414684756,Total,weekly
2025-07-14,40134.18850805328,37466.85026494413,42610.48159656825,Total,weekly
2025-07-21,41930.26533940895,39273.402839059316,44343.10528979686,Total,weekly
2025-07-28,43517.26327434039,40815.813763294944,46182.62506120177,Total,weekly
2025-08-04,44352.62471522029,41677.99465624601,46747.321393289916,Total,weekly
2025-08-11,44055.73776314609,41391.93933172139,46447.49847017455,Total,weekly
2025-08-18,42606.70608503762,39888.472326476935,45090.705631700315,Total,weekly
2025-08-25,40414.84725890377,37972.698587831015,43004.80248198001,Total,weekly
2025-09-01,38209.84834716101,35565.426734118126,40808.520417760155,Total,weekly
2025-09-08,36787.33308374283,34421.48309822804,39384.07000363201,Total,weekly
2025-09-15,36709.24209141874,34008.662135409584,39475.235008953154,Total,weekly
2025-09-22,38084.925602970754,35409.182762965735,40624.121816221166,Total,weekly
2025-09-29,40527.77379949285,37770.421917776155,43132.36488619095,Total,weekly
2025-10-06,43307.5566298884,40848.78525127449,45893.38279258458,Total,weekly
2025-10-13,45634.0714337033,43018.6904302392,48199.184577494605,Total,weekly
2025-10-20,46951.79624209692,44301.200242193045,49504.904486122,Total,weekly
2025-10-27,47123.355789068366,44461.94118428613,49767.661455996335,Total,weekly
2025-11-03,43672.44018271776,41120.404183284714,46315.09538471533,Total,weekly
2025-11-10,45414.07731469287,42861.2829927747,47768.25531606814,Total,weekly
2025-11-17,44608.21840744026,42132.86816560554,47291.51415493104,Total,weekly
2025-11-24,44333.65499071773,41498.322811789236,46995.148974733434,Total,weekly
2025-12-01,45636.99510111979,42906.12609814951,48183.003955185566,Total,weekly
2025-12-08,45135.68623926678,42671.01116943634,47932.75610052408,Total,weekly
2025-12-15,45612.29029598042,42957.1033212244,48178.624107494456,Total,weekly
2025-12-22,45773.88246952584,43123.499325860466,48494.69305865548,Total,weekly
2025-12-29,56576.68675455248,54026.268738774415,59271.43505139418,Total,weekly
2026-01-05,45195.43627019356,42653.57492074778,47816.98129317226,Total,weekly
2026-01-12,44878.73400462454,42238.52283231199,47586.505301387675,Total,weekly
2026-01-19,44836.44908727544,42389.119980607415,47349.91255337705,Total,weekly
2026-01-26,45117.784930533555,42634.90890410095,47901.30383863339,Total,weekly
2026-02-02,45605.67056263524,43124.39688147959,48351.66052762123,Total,weekly
2026-02-09,46101.44329885854,43584.79806317236,48700.71268896802,Total,weekly
2026-02-16,40375.16923480177,37559.587866987145,42889.11818335016,Total,weekly
2026-02-23,35995.60434406667,33402.94960276127,38490.287595501686,Total,weekly
2026-03-02,36141.2951067756,33598.34037559145,38759.00635396874,Total,weekly
2026-03-09,36446.92417271993,33994.28378526415,39167.249438493294,Total,weekly
2026-03-16,46360.166333685665,43859.59992554114,48775.071193879776,Total,weekly
2026-03-23,48528.120639135755,45960.70303332329,51138.388886844965,Total,weekly
2026-03-30,49324.048717397374,46838.177122740795,51927.83027946028,Total,weekly
2026-04-06,49737.02363820292,47374.28565880701,52430.08937033794,Total,weekly
2026-04-13,49455.78911351735,46902.186066090464,51979.50980585491,Total,weekly
2026-04-20,48361.45211673467,45977.503306330436,51199.691035469725,Total,weekly
2026-04-27,46592.92984538619,44130.27824772885,49167.192879788316,Total,weekly
2026-05-04,44498.01473363385,41990.32960757315,47053.37590889026,Total,weekly
2026-05-11,42493.37245393889,39831.991424336,45202.58610406838,Total,weekly
2026-05-18,40902.4704145163,38331.982810152,43369.080754332914,Total,weekly
2026-05-25,45800.60433324235,43193.151085353784,48620.937487949945,Total,weekly
2026-06-01,39267.909853007885,36591.179117880834,41854.906926376476,Total,weekly
2026-06-08,38986.89211199787,36279.944599807575,41398.277324153154,Total,weekly
2026-06-15,38884.54421161778,36392.68021328752,41488.756062740664,Total,weekly
2026-06-22,38977.46227272721,36343.416491853524,41617.95202409089,Total,weekly
2026-06-29,39416.873180428964,36821.25174495215,42159.83705107369,Total,weekly
2026-07-06,40377.82789134974,37731.810021913734,42782.23368013688,Total,weekly
2026-07-13,41899.67384904468,39311.98891225833,44515.56417907453,Total,weekly
2026-07-20,43768.24006210938,41312.870364048555,46387.399510230476,Total,weekly
2026-07-27,45517.43308434076,42979.6675242545,48170.85729413076,Total,weekly
2026-08-03,46572.5166319799,43801.52399636498,49278.02159385459,Total,weekly
2026-08-10,46485.06382906446,43712.06373625775,49050.62719524943,Total,weekly
2026-08-17,45156.26204714455,42617.96850394402,47782.33891772339,Total,weekly
2026-08-24,42939.10635683859,40395.264547336075,45536.75920430148,Total,weekly
2026-08-31,40557.16504544642,37985.608346862704,43326.9998317662,Total,weekly
2026-09-07,38858.18469026361,36449.769734753885,41672.95598051805,Total,weekly
2026-09-14,38497.79088959101,35682.57556131307,41073.56964621639,Total,weekly
2026-09-21,39685.20882855343,37280.803893320306,42271.53991792739,Total,weekly
2026-09-28,42100.62248198286,39306.10612945957,44487.18778797125,Total,weekly
2026-10-05,45021.30242839098,42547.01595923617,47387.797326607644,Total,weekly
2026-10-12,47603.482170132665,44905.19354831746,49973.927235941555,Total,weekly
2026-10-19,49200.257658035174,46678.35197875069,51910.422721486306,Total,weekly
2026-10-26,49582.85075319724,47019.886586567416,52240.00667006677,Total,weekly
2026-11-02,46078.64901343421,43548.028908978275,48484.3751492865,Total,weekly
2026-11-09,47922.7983617528,45353.386816365266,50575.63847087596,Total,weekly
2026-11-16,47000.25350250768,44493.363420951384,49876.8054089171,Total,weekly
2026-11-23,46599.80217931432,44024.135567314464,49108.19109552286,Total,weekly
2026-11-30,47880.33831217537,45253.20626695292,50376.52668404625,Total,weekly
2026-12-07,47325.38041644472,44755.55146398779,49966.36786357649,Total,weekly
2026-12-14,47860.53269672338,45370.243796351344,50553.68039064182,Total,weekly
2026-12-21,48097.33242995371,45413.62219589223,51063.424030825634,Total,weekly
2026-12-28,59503.07766698282,56684.20071680634,62268.89772844936,Total,weekly
2022-01-01,33131.80342085,30003.895832774353,36247.55355237635,Total,monthly
2022-02-01,33452.240232767974,30404.925223822294,36321.61473065104,Total,monthly
2022-03-01,31147.743918042397,28184.082339415458,34379.90556351996,Total,monthly
2022-04-01,31443.546841647065,28553.831800186304,34268.10928435151,Total,monthly
2022-05-01,31729.80773538614,28442.113294804552,34729.35266191727,Total,monthly
2022-06-01,30848.15707054146,27725.381182974743,33646.03867413776,Total,monthly
2022-07-01,31123.893296104416,27827.763536272658,34005.19447638318,Total,monthly
2022-08-01,31408.820729186154,28587.002889605174,34492.057070831346,Total,monthly
2022-09-01,33291.73053172776,30357.630293587703,36428.59632527088,Total,monthly
2022-10-01,33581.36923503401,30633.800068812878,36645.67001273068,Total,monthly
2022-11-01,33880.66256191027,30648.434566234046,37008.16653171766,Total,monthly
2022-12-01,36584.25164884518,33338.444642877934,39807.785076139146,Total,monthly
2023-01-01,36904.688460461126,33759.26410430371,39887.147479567,Total,monthly
2023-02-01,37225.125271975165,34279.067523131685,40138.75750903096,Total,monthly
2023-03-01,34630.58478989993,31505.409649355828,37697.0522328177,Total,monthly
2023-04-01,34926.387713011696,31889.18833841153,38042.31438039074,Total,monthly
2023-05-01,35212.64860623779,32157.78687190738,38203.18784224886,Total,monthly
2023-06-01,34202.92539629788,31138.54052306504,37136.58449348804,Total,monthly
2023-07-01,34478.63992553903,31167.84765556177,37251.105076451204,Total,monthly
2023-08-01,34763.54478604447,31778.85118509053,37827.13637673374,Total,monthly
2023-09-01,36815.574327533475,33792.70033475515,39743.994065047285,Total,monthly
2023-10-01,37104.87254213825,33821.69086842348,40055.86155103379,Total,monthly
2023-11-01,37403.24810807306,34227.53154920039,40353.90043463633,Total,monthly
2023-12-01,40354.413098798155,37333.89051727767,43396.186517628295,Total,monthly
2024-01-01,40673.53131027245,37584.38439107537,43611.61498037978,Total,monthly
2024-02-01,40992.42138383723,38070.78433545185,44125.71839460232,Total,monthly
2024-03-01,38115.964471071464,34966.25346105225,41260.104997984985,Total,monthly
2024-04-01,38409.474745050815,35433.59855475277,41371.86892234652,Total,monthly
2024-05-01,38693.51694567598,35617.63311540435,41991.54092838418,Total,monthly
2024-06-01,37553.299563960856,34369.11258530723,40567.202296694195,Total,monthly
2024-07-01,37826.57870516992,34783.16000705686,40983.72570906683,Total,monthly
2024-08-01,38108.96715107991,35167.84994581059,41136.47944649994,Total,monthly
2024-09-01,40327.027864836884,37156.088852343804,43310.53928327754,Total,monthly
2024-10-01,40614.08559861783,37438.82947357775,43742.69049703544,Total,monthly
2024-11-01,40910.711923505994,37853.53568410335,43700.04962354712,Total,monthly
2024-12-01,44108.17337573536,40853.43987617568,47215.20664769468,Total,monthly
2025-01-01,44425.75477576792,41533.07934658812,47301.1293142633,Total,monthly
2025-02-01,44743.33617580049,41676.77327087906,47770.75553449435,Total,monthly
2025-03-01,41568.445186227684,38444.64295269797,44361.76493680495,Total,monthly
2025-04-01,41861.61221061944,38691.88070078674,44944.57018152704,Total,monthly
2025-05-01,42145.32223422436,38891.784881208856,45292.28639822646,Total,monthly
2025-06-01,40878.19578005439,37690.56977899547,43762.924214619394,Total,monthly
2025-07-01,41151.47492104858,38201.93502618445,44158.13961918103,Total,monthly
2025-08-01,41433.86336674258,38314.56596055732,44341.02490208948,Total,monthly
2025-09-01,43819.56362563512,40832.46590907803,47035.950092048435,Total,monthly
2025-10-01,44106.621359397854,41245.762595518885,46969.73688147592,Total,monthly
2025-11-01,44403.24768428603,41333.334887031204,47368.71975212184,Total,monthly
2025-12-01,47847.43824708652,44550.60315642058,51181.83051145268,Total,monthly
2026-01-01,48165.01964711909,45138.051937906996,51249.071422375324,Total,monthly
2026-02-01,48482.60104715164,45247.84955720712,51474.057528988385,Total,monthly
2026-03-01,45020.250473420914,42054.876325399135,48102.204028920794,Total,monthly
2026-04-01,45313.41749781267,42332.04603003988,48367.511285790206,Total,monthly
2026-05-01,45597.12752141759,42838.10837352163,48575.77768781312,Total,monthly
2026-06-01,44203.091995483745,41032.48399388369,46957.735485597754,Total,monthly
2026-07-01,44476.37113647793,41353.52361033129,47638.706253586904,Total,monthly
2026-08-01,44758.75958217194,41747.99314867913,47953.02513258548,Total,monthly
2026-09-01,47312.09938641516,44234.710495537445,50446.59975018309,Total,monthly
2026-10-01,47599.1571201779,44556.502111497204,50753.34887712373,Total,monthly
2026-11-01,47895.78344506607,45040.39374120831,50876.701878190914,Total,monthly
2026-12-01,51586.70311843768,48584.298314455205,54614.32589996764,Total,monthly
2022-01-01,13364.449503704796,10791.183137184149,15798.908984060858,International,daily
2022-01-02,13019.528863856347,10497.735531150638,15499.921681560205,International,daily
2022-01-03,13124.45555170534,10660.072033090762,15589.286112168142,International,daily
2022-01-04,13246.229440245368,10716.001135219092,15827.981037718222,International,daily
2022-01-05,13262.682705007466,10631.027911512243,15626.912964329795,International,daily
2022-01-06,13293.115018444112,10688.007113712923,15876.128657624029,International,daily
2022-01-07,13189.535848895815,10845.696519268877,15622.393741817674,International,daily
2022-01-08,12771.839124916234,10385.485936097582,15265.088919074658,International,daily
2022-01-09,12224.788692733639,9787.993319491457,14769.796260997246,International,daily
2022-01-10,12149.752696829093,9624.101543247985,14448.497234913933,International,daily
2022-01-11,12112.339768819651,9555.275638783314,14788.464855489916,International,daily
2022-01-12,11992.212940796919,9390.7795343729,14726.562145787848,International,daily
2022-01-13,11912.820759541486,9386.57173698422,14373.938059794194,International,daily
2022-01-14,11726.713884883007,9302.389732276546,14278.712854556436,International,daily
2022-01-15,11253.38159712945,8806.485996025827,13903.711459124926,International,daily
2022-01-16,10680.73538717127,8086.920163452413,13325.029674210817,International,daily
2022-01-17,10617.370946021425,8233.32745210128,13385.30269623494,International,daily
2022-01-18,10623.603042105831,8263.325002563228,13288.3632239652,International,daily
2022-01-19,10576.733514690326,8236.880815513705,13136.28563623114,International,daily
2022-01-20,10599.972971974084,8132.953447021221,13243.439256355914,International,daily
2022-01-21,10541.932147665555,8004.151854656437,12993.032942742851,International,daily
2022-01-22,10217.224030962252,7799.083338417338,12520.292439202327,International,daily
2022-01-23,9812.550104954142,7483.379601133307,12243.572489430304,International,daily
2022-01-24,9939.592569975102,7491.167902201399,12383.715042913705,International,daily
2022-01-25,10149.54604313891,7620.337332041476,12592.03118575159,International,daily
2022-01-26,10313.930770489582,7821.0097941129,12803.836006349306,International,daily
2022-01-27,10552.786711358414,8040.002460926236,12958.115612912463,International,daily
2022-01-28,10708.410004521678,8313.561725057245,13054.583457769288,International,daily
2022-01-29,10588.777790078451,8125.82195416913,13013.020332957994,International,daily
2022-01-30,10378.279386376642,7779.824055506417,12823.514860763771,International,daily
2022-01-31,10691.265136473678,8165.018339821121,13275.87599466455,International,daily
2022-02-01,11070.084703264245,8552.595636923486,13492.377116999216,International,daily
2022-02-02,11381.438370235976,8903.154364281138,14015.205594682757,International,daily
2022-02-03,11743.819627616329,9228.901133799814,14473.285258064328,International,daily
2022-02-04,11995.456692636975,9501.457902756416,14527.390391878858,International,daily
2022-02-05,11940.504800070445,9564.631717254131,14263.079986323108,International,daily
2022-02-06,11764.353324252665,9143.682826619714,14246.78233739232,International,daily
2022-02-07,12087.75024063679,9497.282693322519,14507.954921243136,International,daily
2022-02-08,12448.2560614351,9932.14928225623,14915.626804591533,International,daily
2022-02-09,12712.034647748282,10362.047625868614,15094.414404712854,International,daily
2022-02-10,13000.440618802975,10576.700708360439,15480.260703403561,International,daily
2022-02-11,13152.059795647625,10590.585442634847,15602.832708975342,International,daily
2022-02-12,12971.563085525446,10399.390619980715,15506.396354458988,International,daily
2022-02-13,12649.486623030509,10112.98734622722,15106.438235281224,International,daily
2022-02-14,12816.834483508173,10264.994767478192,15254.940636759431,International,daily
2022-02-15,13009.858901917662,10602.023957870846,15550.289335444675,International,daily
2022-02-16,13097.211489284391,10467.435977448476,15627.855057691919,International,daily
2022-02-17,13205.608557517631,10832.359887758896,15757.335360883913,International,daily
2022-02-18,13175.917404284233,10544.586604671262,15736.357550432744,International,daily
2022-02-19,12814.633785209382,10189.391066597753,15302.106943458344,International,daily
2022-02-20,12318.112992967877,9827.495063703076,14819.039730690447,International,daily
2022-02-21,12327.645076510375,9861.350060140334,14866.240352008705,International,daily
2022-02-22,12377.571939781692,10075.797747430055,14760.39441129782,International,daily
2022-02-23,12337.825430180896,9832.348090690613,14796.555350880322,International,daily
2022-02-24,12338.712065532194,9945.245875082977,14751.059938398439,International,daily
2022-02-25,12221.100404170678,9714.16109933237,14799.314301081167,International,daily
2022-02-26,11790.589491874183,9345.106613976415,14319.442738790327,International,daily
2022-02-27,11246.268483610036,8758.891914577602,13675.334469697404,International,daily
2022-02-28,11236.35001629203,8743.198279292661,13715.059775726626,International,daily
2022-03-01,11289.7154924594,8700.326463889704,13647.943331179922,International,daily
2022-03-02,11273.934511205758,8831.955521708522,13873.2373242104,International,daily
2022-03-03,11319.264065650787,8790.738769211644,13886.418278697543,International,daily
2022-03-04,11263.03011513038,8742.84042521384,13831.953066590977,International,daily
2022-03-05,10906.575703439306,8310.067912692964,13375.507521363688,International,daily
2022-03-06,10448.631079410032,7827.846077917848,12853.048035104064,International,daily
2022-03-07,10541.578330295022,7998.682970109957,13103.954819041503,International,daily
2022-03-08,10706.487267558865,8129.292358507181,13221.755968090138,International,daily
2022-03-09,10806.66640310919,8282.912637420433,13322.160040607361,International,daily
2022-03-10,10970.91343708468,8555.344811469262,13592.720229916424,International,daily
2022-03-11,11032.113685379274,8541.78701716,13532.278753463197,International,daily
2022-03-12,10786.97597537324,8345.901229125631,13115.715595256625,International,daily
2022-03-13,10434.006853966326,8115.366338468631,12924.07982716684,International,daily
2022-03-14,10630.385987261836,8125.166006874551,13043.477284092582,International,daily
2022-03-15,10890.458894673751,8479.730303591006,13368.3175074071,International,daily
2022-03-16,11074.773642517948,8489.005287145603,13635.651294910713,International,daily
2022-03-17,11312.526230060552,8852.921474292722,13803.062784894255,International,daily
2022-03-18,11434.310704950118,8871.266806169067,13870.636644501028,International,daily
2022-03-19,11234.570907553993,8892.819532688369,13854.200369581979,International,daily
2022-03-20,10914.102255560629,8547.956860898987,13390.911594238582,International,daily
2022-03-21,11137.45909832944,8626.643215184631,13724.61278030038,International,daily
2022-03-22,11414.82550372769,9068.55054002667,13810.879266996932,International,daily
2022-03-23,11606.461175156832,9166.969957100819,14103.759698969114,International,daily
2022-03-24,11844.269732755301,9278.134798110754,14369.847168169967,International,daily
2022-03-25,11958.635035134292,9490.749897688242,14312.932224962113,International,daily
2022-03-26,11743.531627381451,9414.701038933556,14197.009128289557,International,daily
2022-03-27,11403.50684340429,8878.460145120116,13781.16262108385,International,daily
2022-03-28,11611.583983379021,9052.310086108871,13988.934414230966,International,daily
2022-03-29,11874.487049527474,9400.164673736941,14451.076547128807,International,daily
2022-03-30,12052.484346390243,9474.44612279038,14568.5587102544,International,daily
2022-03-31,12280.080840705983,9774.996510707555,14638.325044694302,International,daily
2022-04-01,12386.954379106142,9958.29829090818,14758.477573823337,International,daily
2022-04-02,12165.750450510785,9708.350116390726,14658.280998768158,International,daily
2022-04-03,11823.581205638895,9150.018630881563,14329.786226321547,International,daily
2022-04-04,12040.470796954214,9386.37314668858,14584.991976762527,International,daily
2022-04-05,12317.988615627037,9763.884925501026,14756.816846186637,International,daily
2022-04-06,12514.551584517416,10116.852159586851,15089.225373279136,International,daily
2022-04-07,12765.306130078483,10255.556808232226,15172.237695079859,International,daily
2022-04-08,12897.232302646496,10640.750855115128,15469.148179848715,International,daily
2022-04-09,12699.691225999793,10189.924109786469,15006.871612864517,International,daily
2022-04-10,12380.507672352895,9844.428890334142,14963.459565114134,International,daily
2022-04-11,12625.020436397075,10102.003383735026,15166.730496335338,International,daily
2022-04-12,12928.181275151954,10602.429028757146,15415.456658602576,International,daily
2022-04-13,13145.365705562775,10612.595776661165,15648.700661296161,International,daily
2022-04-14,13411.48552517346,10882.170938156403,16087.2618868076,International,daily
2022-04-15,13550.291687646763,10884.328324039514,16099.909896636962,International,daily
2022-04-16,13347.694310044337,10970.5901548882,15749.445140179636,International,daily
2022-04-17,13012.437129548369,10443.19015378624,15680.062934413947,International,daily
2022-04-18,13235.749482030744,10692.656583511774,15864.21731621881,International,daily
2022-04-19,13506.895902856282,10918.809378260432,15999.78834836527,International,daily
2022-04-20,13679.469267115915,11194.055151022549,16249.56750022289,International,daily
2022-04-21,13889.69740186081,11412.978487542661,16478.165069971496,International,daily
2022-04-22,13959.899095355568,11600.019981222638,16432.944098830012,International,daily
2022-04-23,13674.523278389452,11081.869428559798,16082.079838142106,International,daily
2022-04-24,13245.355846964409,10658.868501352432,15650.273579906403,International,daily
2022-04-25,13371.70940621302,10960.235866260873,15686.201633579925,International,daily
2022-04-26,13539.357301980543,11295.068893599806,15971.5602974007,International,daily
2022-04-27,13602.242480899835,11044.271690695687,16149.980719795014,International,daily
2022-04-28,13699.913183033173,11336.31203671914,16128.717713664566,International,daily
2022-04-29,13655.070636098717,11070.831131557725,16130.590866429919,International,daily
2022-04-30,13252.27136368174,10970.879356666457,15675.229242604712,International,daily
2022-05-01,12707.617401913683,10330.299093379299,15133.14239105991,International,daily
2022-05-02,12729.443370536292,10344.30890227207,15126.486453642803,International,daily
2022-05-03,12800.604232122563,10293.654009284877,15429.602299477268,International,daily
2022-05-04,12775.579812889006,10332.275651175696,15250.821912580586,International,daily
2022-05-05,12797.030751671618,10255.158985978404,15250.249534336428,International,daily
2022-05-06,12687.440546471535,10424.772246860624,15188.975363571246,International,daily
2022-05-07,12230.495062980835,9720.507931534734,14933.949732765443,International,daily
2022-05-08,11645.28120764723,9251.854361335287,13974.890408666335,International,daily
2022-05-09,11647.506622663226,9088.82139431553,14306.124217761355,International,daily
2022-05-10,11715.185668779526,9017.39967244039,14290.417539378315,International,daily
2022-05-11,11701.191982882927,9282.569197721734,14255.84627126085,International,daily
2022-05-12,11748.99339927307,9263.080118104383,14295.702339619234,International,daily
2022-05-13,11678.451681439921,9304.620283335782,14166.295504105172,International,daily
2022-05-14,11269.94532875363,8816.92666715954,13703.868151830287,International,daily
2022-05-15,10743.143631730401,8183.570436116472,13162.571135636319,International,daily
2022-05-16,10818.824818981135,8352.156599470394,13485.593526509021,International,daily
2022-05-17,10968.023070362766,8331.392317134794,13480.605305674475,International,daily
2022-05-18,11040.087096411966,8526.321082180122,13611.973091277421,International,daily
2022-05-19,11177.64553702362,8617.259464834757,13609.601424930255,International,daily
2022-05-20,11196.6079421965,8769.218238035932,13773.727873880982,International,daily
2022-05-21,10873.065277908994,8413.922440738153,13390.231744820698,International,daily
2022-05-22,10426.663661833878,8158.090434995978,13076.774634528829,International,daily
2022-05-23,10583.034504989693,8177.7066056280355,13079.269023178176,International,daily
2022-05-24,10806.405028032867,8324.273955386023,13165.028217694802,International,daily
2022-05-25,10943.154264028262,8319.97419509096,13438.414289917411,International,daily
2022-05-26,11135.98959430602,8769.57479537924,13749.24036711855,International,daily
2022-05-27,11198.119538632915,8760.730655646117,13724.864046373108,International,daily
2022-05-28,10902.893356750023,8450.272309245287,13368.618598663117,International,daily
2022-05-29,10471.727895650241,8058.817145391175,12922.71609292107,International,daily
2022-05-30,10637.096616472018,8198.12392116702,13196.598240980236,International,daily
2022-05-31,10858.545570969556,8485.647962397099,13311.354156735846,International,daily
2022-06-01,10981.685591516858,8352.67258596937,13573.961730029823,International,daily
2022-06-02,11151.51735571694,8736.855730583455,13880.377533714249,International,daily
2022-06-03,11180.713851733815,8687.541013212558,13577.068857709966,International,daily
2022-06-04,10841.939231970831,8296.50459370028,13505.420191341207,International,daily
2022-06-05,10360.272951812325,7900.830989574598,12836.005048891777,International,daily
2022-06-06,10476.707482328839,7862.008478120978,12857.331621395157,International,daily
2022-06-07,10647.526583059805,8062.914626950951,13325.564649239273,International,daily
2022-06-08,10718.698742137223,8367.935137228349,13235.54921673269,International,daily
2022-06-09,10838.324992568902,8486.122035360599,13354.428221120525,International,daily
2022-06-10,10819.015084630033,8404.180619807923,13192.34098693538,International,daily
2022-06-11,10432.879779729501,7946.227464836427,12910.060753247724,International,daily
2022-06-12,9908.456661734299,7359.353367576256,12506.245861000536,International,daily
2022-06-13,9994.730837648996,7436.051514435381,12590.265601073987,International,daily
2022-06-14,10143.89915922108,7552.528827082823,12816.511127247255,International,daily
2022-06-15,10201.197066497927,7739.915037686175,12653.7596476953,International,daily
2022-06-16,10316.5087091684,7736.696016908676,12808.676398336118,International,daily
2022-06-17,10300.8824632086,7752.9361172336985,12783.177574493295,International,daily
2022-06-18,9924.246898566447,7459.7849528631305,12361.585348026036,International,daily
2022-06-19,9416.8914626466,7055.346529527427,11962.735106538907,International,daily
2022-06-20,9534.064670020613,7063.377036847302,12061.68505894441,International,daily
2022-06-21,9722.17832839244,7388.093528342494,12122.07593033306,International,daily
2022-06-22,9824.119726874831,7547.842255168928,12382.874559288643,International,daily
2022-06-23,9990.07228001071,7444.067619802097,12472.783705828899,International,daily
2022-06-24,10028.213408093136,7526.035515458258,12658.338165115376,International,daily
2022-06-25,9705.19069953948,7264.942069369104,12276.347311306548,International,daily
2022-06-26,9252.186434754536,6766.2513766892025,11756.461746088537,International,daily
2022-06-27,9430.11378889574,6925.897901797375,11794.108891894728,International,daily
2022-06-28,9679.272638309058,7352.2086289122335,12304.193425810623,International,daily
2022-06-29,9840.149429505538,7479.864298441026,12388.757922696486,International,daily
2022-06-30,10063.441465326741,7655.48327283974,12450.715974456052,International,daily
2022-07-01,10154.921375971982,7654.452186305085,12828.969234457829,International,daily
2022-07-02,9878.649418174962,7338.977525740019,12192.730950994131,International,daily
2022-07-03,9467.590349115655,6816.131357207584,11894.791005847464,International,daily
2022-07-04,9689.369850944506,7144.805709568927,12204.568816499526,International,daily
2022-07-05,9979.339099657027,7454.879110209483,12389.635358890322,International,daily
2022-07-06,10176.815944662545,7536.467963444242,12651.319503404791,International,daily
2022-07-07,10434.2644840198,7797.813534737728,12942.20660763182,International,daily
2022-07-08,10556.27742344598,8087.490294355172,13220.076760498028,International,daily
2022-07-09,10305.47710249851,7855.507281953998,12983.155873593088,International,daily
2022-07-10,9917.640201261434,7548.579187157338,12320.57924180274,International,daily
2022-07-11,10167.974267576057,7552.611900455839,12779.625765726432,International,daily
2022-07-12,10487.556691058871,8054.562305304175,12883.063633752789,International,daily
2022-07-13,10714.989775685464,8119.347115044912,13145.179825507927,International,daily
2022-07-14,11004.71608041758,8628.300379197675,13512.80496163345,International,daily
2022-07-15,11160.107736032545,8734.02895012219,13881.638168286092,International,daily
2022-07-16,10942.054283552776,8349.253066843543,13570.183404535397,International,daily
2022-07-17,10588.602444144852,8082.095808433341,13015.887843845157,International,daily
2022-07-18,10881.768956992133,8387.552163403272,13409.532453258787,International,daily
2022-07-19,11247.378682909477,8683.130889712078,13724.181901884385,International,daily
2022-07-20,11522.166069546472,8994.134647601995,14084.728319909495,International,daily
2022-07-21,11861.265532756206,9453.53417500521,14485.94185623135,International,daily
2022-07-22,12065.452554912546,9487.354317646044,14376.615346727252,International,daily
2022-07-23,11892.46728962359,9439.752962470564,14546.273238785763,International,daily
2022-07-24,11581.22091443515,9169.813987650095,14230.57562055762,International,daily
2022-07-25,11919.19720117079,9571.952638174704,14457.343917073846,International,daily
2022-07-26,12325.741363133719,9891.987537596557,14744.712889011866,International,daily
2022-07-27,12634.657015754985,10299.516516283695,15152.615695707482,International,daily
2022-07-28,13000.916547388062,10592.181796446006,15273.513477293513,International,daily
2022-07-29,13222.093263049908,10558.100763572571,15544.114671020478,International,daily
2022-07-30,13052.452964811839,10589.522876380517,15499.284337830171,International,daily
2022-07-31,12731.750880749096,10225.32142275707,15380.072715852886,International,daily
2022-08-01,13053.236820126831,10606.453674287706,15478.4752969447,International,daily
2022-08-02,13430.39983507375,10997.190910958734,16064.442418105482,International,daily
2022-08-03,13695.05561469768,11129.692637884595,16033.75547132325,International,daily
2022-08-04,14003.261613569905,11460.917195892107,16427.453124127725,International,daily
2022-08-05,14150.915116938906,11789.314318633911,16593.56863975855,International,daily
2022-08-06,13890.578368224824,11396.022172503957,16390.332746958622,International,daily
2022-08-07,13464.823217729703,10897.29423390958,16089.426665402278,International,daily
2022-08-08,13674.789740353111,11268.08441068134,15961.219349356976,International,daily
2022-08-09,13930.33070383177,11333.687004935142,16444.83355196282,International,daily
2022-08-10,14063.52909447406,11630.079634265792,16647.992131545398,International,daily
2022-08-11,14233.755147060765,11733.23499066993,16702.494218993812,International,daily
2022-08-12,14237.366759735423,11635.523993045279,16666.759295828982,International,daily
2022-08-13,13827.205765502147,11466.690834478606,16315.976369027583,International,daily
2022-08-14,13250.430942486539,10901.20684475065,15793.917947001753,International,daily
2022-08-15,13317.575581650239,10687.771872019475,15666.431478206814,International,daily
2022-08-16,13436.043782533816,10946.983224152724,15845.24317904516,International,daily
2022-08-17,13439.018170945701,10910.099075833583,15728.36653224776,International,daily
2022-08-18,13489.628217477735,11109.73547047173,15893.222945652606,International,daily
2022-08-19,13384.732741171641,10962.519881055925,15836.330854074236,International,daily
2022-08-20,12877.078146304595,10411.486610640506,15319.054215014754,International,daily
2022-08-21,12217.62210877865,9885.059137200904,14588.036050047787,International,daily
2022-08-22,12225.10397886816,9728.841707236215,14671.421558980035,International,daily
2022-08-23,12302.918097926762,9921.152346365523,14809.616746495318,International,daily
2022-08-24,12283.447614149098,9693.65691509407,14726.238823327149,International,daily
2022-08-25,12331.389793627912,9949.63280993003,14701.688458781637,International,daily
2022-08-26,12241.674905724956,9718.499632166877,14761.844100625543,International,daily
2022-08-27,11764.347837604271,9356.813716508434,14264.178038519176,International,daily
2022-08-28,11151.449300396735,8713.645555801264,13551.860117709075,International,daily
2022-08-29,11227.169482758281,8699.360676356717,13663.234033585657,International,daily
2022-08-30,11388.170400567797,8849.688402858168,13972.382106745277,International,daily
2022-08-31,11463.417383463604,8896.725185204541,13867.465426036704,International,daily
2022-09-01,11616.730476372097,9013.583011373521,14164.843501761205,International,daily
2022-09-02,11638.904353960708,9267.785202765283,14207.51274501541,International,daily
2022-09-03,11275.3716521271,8910.569073448343,13756.912382993609,International,daily
2022-09-04,10777.692040489801,8398.732898306314,13171.300520678295,International,daily
2022-09-05,10974.330019577688,8399.452024781092,13289.078180174762,International,daily
2022-09-06,11254.456548722788,8952.00264669233,13801.428784760881,International,daily
2022-09-07,11443.296910304409,9178.950524067692,14056.601688046238,International,daily
2022-09-08,11703.914810351987,9307.435469465234,14180.048995835206,International,daily
2022-09-09,11823.52762026315,9366.968100077302,14212.884138781152,International,daily
2022-09-10,11543.933556992037,9199.76961578138,14012.640485835813,International,daily
2022-09-11,11117.579079874935,8717.098750657755,13772.533990647064,International,daily
2022-09-12,11378.920456069618,8758.614494859918,13739.932804221558,International,daily
2022-09-13,11711.654600784294,9348.751741237851,14185.614779681264,International,daily
2022-09-14,11939.524998002338,9517.294474164644,14365.949256448845,International,daily
2022-09-15,12227.273594527414,9801.20353243589,14621.180809130754,International,daily
2022-09-16,12361.081742681115,9748.556693586499,14861.479112780711,International,daily
2022-09-17,12081.688882921202,9674.992558917247,14624.2905944921,International,daily
2022-09-18,11644.965284935757,9104.987050130603,14246.452463723354,International,daily
2022-09-19,11893.785853250678,9456.4440290466,14405.243630049423,International,daily
2022-09-20,12208.622169879904,9609.263631312126,14772.906155170547,International,daily
2022-09-21,12413.743925273871,9753.200469880006,14912.449524974485,International,daily
2022-09-22,12677.283311002779,10118.090979805873,15144.843421502106,International,daily
2022-09-23,12785.755194682419,10336.413002535588,15101.453562575303,International,daily
2022-09-24,12479.830976148989,10039.798179863908,15015.35927313124,International,daily
2022-09-25,12019.391494248173,9505.40998873438,14547.00119029195,International,daily
2022-09-26,12255.899734881717,9824.524450132058,14776.124630603284,International,daily
2022-09-27,12566.352908470884,9985.113989535887,15089.931997700169,International,daily
2022-09-28,12774.890373117001,10362.963528623099,15259.765220600104,International,daily
2022-09-29,13051.993275793644,10383.456655608945,15606.157720566835,International,daily
2022-09-30,13183.117750374306,10664.17281447854,15511.463109434359,International,daily
2022-10-01,12907.167728648157,10345.928166706979,15441.784063005936,International,daily
2022-10-02,12486.080442187278,10328.381584366225,14810.881965691135,International,daily
2022-10-03,12777.757516737987,10356.73599715455,15216.694338370296,International,daily
2022-10-04,13153.441826313505,10591.787838933244,15817.14666731857,International,daily
2022-10-05,13434.799962736968,10915.352784406195,16054.29083237628,International,daily
2022-10-06,13792.32645617972,11330.323398616925,16286.236388760062,International,daily
2022-10-07,14008.158539127558,11550.499052009696,16575.347500080155,International,daily
2022-10-08,13817.313635862885,11288.912966509992,16296.676263045272,International,daily
2022-10-09,13481.86842697006,11138.679339849194,15937.426102173034,International,daily
2022-10-10,13864.5027576069,11522.950661194312,16469.50544589712,International,daily
2022-10-11,14329.347577923989,11746.555740924798,16820.84746685473,International,daily
2022-10-12,14694.578826922874,12183.513712945049,17374.529732214305,International,daily
2022-10-13,15130.052627581246,12587.228433178158,17649.637757535693,International,daily
2022-10-14,15414.316832352908,12866.0760685768,18003.596583334856,International,daily
2022-10-15,15278.616864559317,12883.610803739215,17703.170252156448,International,daily
2022-10-16,14985.66046913467,12545.413029407806,17537.032531084456,International,daily
2022-10-17,15403.755354731335,12953.855411936556,17960.282444564193,International,daily
2022-10-18,15891.098625664346,13468.647020771188,18310.81060350479,International,daily
2022-10-19,16263.842979577215,13801.010459821624,18716.727622763043,International,daily
2022-10-20,16692.915568666405,14267.016387283451,19136.24749828446,International,daily
2022-10-21,16955.172355452098,14467.206077628323,19449.770617205795,International,daily
2022-10-22,16778.92244653701,14547.119747016799,19323.49514835499,International,daily
2022-10-23,16430.84136232466,13716.799419380533,18733.242023293278,International,daily
2022-10-24,16786.81307256027,14157.779447708277,19502.299795151277,International,daily
2022-10-25,17201.174837642542,14682.296734146981,19663.479445020836,International,daily
2022-10-26,17490.032432729116,15000.82213088211,20022.210679246917,International,daily
2022-10-27,17827.089299162264,15428.388820848584,20340.517376854223,International,daily
2022-10-28,17989.1427324728,15498.541843442385,20611.612155804083,International,daily
2022-10-29,17705.410814593106,15013.365804065088,20288.70779339776,International,daily
2022-10-30,17244.957997410187,14616.959818540161,19686.615380789393,International,daily
2022-10-31,17491.63238598799,14886.116100153602,19955.56178453399,International,daily
2022-11-01,17796.55014539519,15425.697495408951,20446.029296275035,International,daily
2022-11-02,17975.839567175357,15358.6164635939,20417.613502294804,International,daily
2022-11-03,18205.663936165096,15806.053661536283,20846.656869086997,International,daily
2022-11-04,18262.208172239636,15911.106614927536,20789.5389431927,International,daily
2022-11-05,17873.533548514028,15403.30261918968,20323.61399615132,International,daily
2022-11-06,17311.246688891588,14734.154606568414,19615.214914737386,International,daily
2022-11-07,17465.95840680243,14876.658750094886,19723.754210370756,International,daily
2022-11-08,17684.24748060988,15418.03345700043,20097.658221755526,International,daily
2022-11-09,17780.889450129926,15394.496023803324,20225.68254983956,International,daily
2022-11-10,17933.13064142113,15407.170096188569,20390.75628219174,International,daily
2022-11-11,17915.222241983065,15416.912051909805,20448.992584561238,International,daily
2022-11-12,17452.85730603856,14954.002360389355,19887.70337095953,International,daily
2022-11-13,16819.133240260555,14324.46037536423,19145.976559522882,International,daily
2022-11-14,16910.57602879481,14276.854329011254,19453.3663280443,International,daily
2022-11-15,17068.61934023823,14489.05267976245,19577.002391055546,International,daily
2022-11-16,17106.34477243245,14712.806120515605,19613.43672089302,International,daily
2022-11-17,17202.023426818647,14762.562881641117,19698.400450416437,International,daily
2022-11-18,17128.202734303984,14716.228551163276,19517.962741309497,International,daily
2022-11-19,16608.719605744547,14238.400419336127,19287.864439093235,International,daily
2022-11-20,15918.938800925425,13391.276354360636,18594.85051653059,International,daily
2022-11-21,15962.3138545398,13531.733437333958,18447.758067069582,International,daily
2022-11-22,16076.342512151627,13425.376208022264,18586.91140842863,International,daily
2022-11-23,16073.77022856528,13586.049733691303,18555.148918305633,International,daily
2022-11-24,16135.343362199246,13593.545690547773,18523.7404128314,International,daily
2022-11-25,16033.386835625213,13404.579523167366,18453.10672828607,International,daily
2022-11-26,15491.327517602505,13145.45188986071,17956.5596593704,International,daily
2022-11-27,14788.140734226776,12048.148046323668,17107.66080243112,International,daily
2022-11-28,14835.380613193485,12340.76933116989,17378.384730020614,International,daily
2022-11-29,14967.547355596595,12472.265640229658,17280.755962412717,International,daily
2022-11-30,14997.694587555958,12473.013806166156,17412.204354769012,International,daily
2022-12-01,15109.342069155544,12604.562609240633,17478.898280391473,International,daily
2022-12-02,15072.447492676027,12509.166899209264,17410.4917695273,International,daily
2022-12-03,14611.69918098691,11854.921499297516,16941.087219145,International,daily
2022-12-04,14008.789592700527,11362.122020943874,16488.653438804547,International,daily
2022-12-05,14181.535796625127,11613.112307929434,16617.208432507974,International,daily
2022-12-06,14459.748110509596,11830.825832245664,16952.96094452893,International,daily
2022-12-07,14654.655303271638,12223.266015031782,17192.04341003008,International,daily
2022-12-08,14949.792663782395,12477.143769326383,17584.381064625566,International,daily
2022-12-09,15114.1298690974,12722.765554160138,17568.31134878418,International,daily
2022-12-10,14866.452155368102,12301.489369585093,17378.751679419434,International,daily
2022-12-11,14487.467352311367,11922.045420968183,17017.904564360335,International,daily
2022-12-12,14897.358665650318,12406.59353157405,17495.160137809034,International,daily
2022-12-13,15418.285257745405,13092.995731742729,17848.95366698221,International,daily
2022-12-14,15856.362072270822,13456.202020515151,18321.83403561268,International,daily
2022-12-15,16391.95236260163,13956.945329167724,18787.465928882033,International,daily
2022-12-16,16788.143781523046,14189.50803976211,19261.54289709776,International,daily
2022-12-17,16757.422936570503,14217.37018683778,19196.098622226717,International,daily
2022-12-18,16577.558335449376,14008.24504573916,19102.677475247252,International,daily
2022-12-19,17169.712613319574,14856.099604103762,19469.694265134884,International,daily
2022-12-20,17847.642479814927,15429.803440901554,20493.154843114058,International,daily
2022-12-21,18412.286082757582,15977.362347158494,20876.41302178421,International,daily
2022-12-22,19041.496413998797,16526.287614666726,21549.05158115772,International,daily
2022-12-23,19493.883962796393,17034.42743369793,22076.62659716134,International,daily
2022-12-24,19477.783813324382,16908.368683019264,22128.892490898295,International,daily
2022-12-25,19270.8938757349,16867.77859553748,21974.964305989277,International,daily
2022-12-26,19798.906089435503,17282.160039222137,22139.563307174692,International,daily
2022-12-27,20371.34591516784,17788.241118842154,22836.138157273257,International,daily
2022-12-28,20788.68910396125,18273.736324628164,23118.66572485431,International,daily
2022-12-29,21231.441105527803,18795.25943402473,23769.62155666715,International,daily
2022-12-30,21459.23673851384,18869.664497224185,24084.892489630663,International,daily
2022-12-31,21181.97813089356,18529.71454091871,23743.085451801828,International,daily
2023-01-01,20683.097292879138,18178.704337946718,23238.686685994733,International,daily
2023-01-02,20898.569331484392,18390.11013271221,23241.307653931486,International,daily
2023-01-03,21139.251957864682,18854.193865325433,23757.044036272528,International,daily
2023-01-04,21210.393163604906,18580.590093294384,23512.12326906925,International,daily
2023-01-05,21299.92280774018,18846.963225759642,23778.781656011466,International,daily
2023-01-06,21172.68374185671,18769.260895364114,23550.296695924997,International,daily
2023-01-07,20543.626728325715,18275.545887145705,23086.125635341716,International,daily
2023-01-08,19704.598373191075,17241.16549314858,22176.850535422094,International,daily
2023-01-09,19603.655100125427,17071.852756928496,22160.845495430633,International,daily
2023-01-10,19553.841576309173,17088.358943926745,22000.848542026277,International,daily
2023-01-11,19365.050286486374,16921.906057582837,21709.148684348773,International,daily
2023-01-12,19231.509755710136,16772.57843688329,21802.693421727392,International,daily
2023-01-13,18921.155833533245,16435.78217370962,21488.943604583244,International,daily
2023-01-14,18150.916710316276,15515.049442970225,20505.750387934866,International,daily
2023-01-15,17217.083241833585,14587.139832386027,19658.276777355637,International,daily
2023-01-16,17075.00353688348,14650.28055366051,19582.35140211055,International,daily
2023-01-17,17034.401245789177,14624.12561280024,19362.68677245886,International,daily
2023-01-18,16903.706772854166,14576.130071276915,19502.29830485715,International,daily
2023-01-19,16876.877866398823,14429.48065198414,19526.06860635878,International,daily
2023-01-20,16718.059536861187,14102.03274119844,19125.491238872604,International,daily
2023-01-21,16139.116748687737,13603.796106241358,18632.60036352055,International,daily
2023-01-22,15433.749979813178,12839.692775603946,18160.013352118112,International,daily
2023-01-23,15557.734431028453,12887.765923803943,18064.013109780863,International,daily
2023-01-24,15810.93925736339,13532.43458001392,18263.360350808878,International,daily
2023-01-25,15994.284493350198,13712.086943854782,18578.684174067173,International,daily
2023-01-26,16296.037166580667,13848.601069044085,18710.497044750828,International,daily
2023-01-27,16471.888426414793,13994.223790078182,18957.384712323856,International,daily
2023-01-28,16224.844620105172,13614.214859818378,18778.22233206736,International,daily
2023-01-29,15843.178050304545,13294.83779161114,18428.76224684915,International,daily
2023-01-30,16281.277717051726,13861.397461251521,18738.252321675733,International,daily
2023-01-31,16828.411595485723,14395.985496089937,19348.3354341197,International,daily
2023-02-01,17278.325464670274,14799.76337405838,19848.03274921271,International,daily
2023-02-02,17815.00438165922,15299.652844110064,20204.57012547771,International,daily
2023-02-03,18188.130742942667,15486.063551497915,20593.74477021924,International,daily
2023-02-04,18095.272266066637,15517.19916073331,20521.90702339063,International,daily
2023-02-05,17823.58283153316,15336.137468997797,20375.48473090019,International,daily
2023-02-06,18331.15818602092,15764.260711998466,20906.20099041672,International,daily
2023-02-07,18902.415968645146,16403.526312746624,21253.172217613464,International,daily
2023-02-08,19330.195632213814,16738.01469007845,21776.366240267773,International,daily
2023-02-09,19800.83256312488,17307.14634649725,22325.411676690605,International,daily
2023-02-10,20064.836367864253,17390.5018823797,22362.598898047974,International,daily
2023-02-11,19821.211166634515,17421.42041535799,22268.285436345308,International,daily
2023-02-12,19362.742235102316,16783.95558612624,21847.066851505406,International,daily
2023-02-13,19657.696863899844,17176.06815786492,22334.07558336938,International,daily
2023-02-14,19991.67084395999,17517.84321581046,22557.32786054747,International,daily
2023-02-15,20162.050500450507,17625.58109761837,22595.602190438385,International,daily
2023-02-16,20362.276240856852,17812.24305254351,22862.820991776814,International,daily
2023-02-17,20347.63663092608,17750.415057182396,22800.37240936292,International,daily
2023-02-18,19821.63785547348,17345.20317698386,22442.15066742932,International,daily
2023-02-19,19084.81623884284,16813.54883606636,21492.09750989759,International,daily
2023-02-20,19116.748871689193,16425.49717975399,21688.397828599802,International,daily
2023-02-21,19204.35635071814,16724.998645479172,21846.39483481347,International,daily
2023-02-22,19148.741887366392,16727.2004461636,21637.032575979323,International,daily
2023-02-23,19148.6837301905,16523.407758067435,21491.312407336172,International,daily
2023-02-24,18961.602998255872,16532.187796266906,21593.965176848895,International,daily
2023-02-25,18292.08039107632,15572.021385621305,20768.192366490082,International,daily
2023-02-26,17444.282732194795,14858.834115904812,19916.769495525747,International,daily
2023-02-27,17404.405647486146,14980.643167633563,19921.229138638148,International,daily
2023-02-28,17455.56551537759,14858.638053968012,19966.426051688926,International,daily
2023-03-01,17397.154188137272,14967.499011511916,19947.029560279847,International,daily
2023-03-02,17427.704574706502,15052.32019616094,19909.22404183403,International,daily
2023-03-03,17301.188459320838,14882.352641067851,19736.924858306676,International,daily
2023-03-04,16717.794626261966,14202.543158467544,19317.639496361528,International,daily
2023-03-05,15980.133171306572,13467.879458568488,18449.444638986275,International,daily
2023-03-06,16076.227747649511,13559.500748364282,18544.307667860336,International,daily
2023-03-07,16281.111563523584,13743.212161118117,18824.41508056965,International,daily
2023-03-08,16388.79173648556,14010.757604467568,18898.038295013594,International,daily
2023-03-09,16594.56677285074,14229.767337409421,19048.916608649593,International,daily
2023-03-10,16646.707786620314,14255.052608857268,19026.325241096245,International,daily
2023-03-11,16239.548161538363,13599.455387073966,18748.566984644556,International,daily
2023-03-12,15673.46568073359,13332.52324758268,18220.005178977804,International,daily
2023-03-13,15938.421002562973,13518.688050561437,18375.761374410427,International,daily
2023-03-14,16302.22820502652,13848.213159396995,18840.39557090485,International,daily
2023-03-15,16555.079031909452,13981.609605923773,19050.360400867117,International,daily
2023-03-16,16891.24406865026,14464.15294234234,19439.83392986936,International,daily
2023-03-17,17056.052976678748,14555.560719090474,19594.108555623763,International,daily
2023-03-18,16741.19782054606,14166.686666565962,19429.45608361762,International,daily
2023-03-19,16248.384695557694,13780.714154036861,18865.08830919716,International,daily
2023-03-20,16573.302956397947,14158.929339743183,19270.69370708469,International,daily
2023-03-21,16980.451120688467,14346.151359207162,19596.929180349274,International,daily
2023-03-22,17260.101610550562,14716.118192621927,19877.492373721165,International,daily
2023-03-23,17609.269476013746,15184.731901536008,20064.70760158265,International,daily
2023-03-24,17773.882056063238,15449.152624645312,20300.37833613051,International,daily
2023-03-25,17446.196017706556,15005.777663421984,19924.212835105147,International,daily
2023-03-26,16932.03091647382,14584.15933886723,19503.029321619946,International,daily
2023-03-27,17235.096354521953,14760.591280574628,19614.83214075718,International,daily
2023-03-28,17618.317053458275,15042.873588159988,20055.535489356324,International,daily
2023-03-29,17873.199914682973,15238.30329164302,20329.9015847974,International,daily
2023-03-30,18200.05096048113,15668.908192791645,20618.83997176775,International,daily
2023-03-31,18345.334207732732,15961.139372491463,20752.682985582145,International,daily
2023-04-01,18001.221023345544,15621.441630840343,20515.625433434503,International,daily
2023-04-02,17476.442191543858,14906.927120079807,19861.45890088808,International,daily
2023-04-03,17781.026174675382,15274.52837877593,20248.531266669008,International,daily
2023-04-04,18174.191281962016,15736.985773221706,20569.947143782418,International,daily
2023-04-05,18446.19546606868,15860.146242382329,21056.421932182442,International,daily
2023-04-06,18797.891781183174,16326.490718248846,21330.854259311065,International,daily
2023-04-07,18973.37377528855,16515.32895277846,21505.649511436073,International,daily
2023-04-08,18661.75842189299,16225.681848333628,21118.011098008214,International,daily
2023-04-09,18171.75876418481,15703.382185360215,20646.254450973753,International,daily
2023-04-10,18516.93302686374,15964.04499566319,21036.016418047748,International,daily
2023-04-11,18950.238270684476,16680.85085763058,21372.699965396452,International,daily
2023-04-12,19258.449109066154,16818.783106988434,21643.987485525093,International,daily
2023-04-13,19641.12708478214,17231.91199555267,22166.660905125238,International,daily
2023-04-14,19838.614969506554,17294.215726280676,22322.455325507264,International,daily
2023-04-15,19536.100822247576,16995.49299790397,22046.83385434175,International,daily
2023-04-16,19041.942565355534,16380.541833562864,21566.67006087739,International,daily
2023-04-17,19373.442235942715,16943.14594187054,21937.1501356967,International,daily
2023-04-18,19778.058004360806,17257.96289560874,22231.066421679825,International,daily
2023-04-19,20040.37145715579,17597.61428530058,22537.860347361766,International,daily
2023-04-20,20360.434003577608,17984.020887622748,22873.593190309522,International,daily
2023-04-21,20477.05784747413,17946.13190166654,23088.7903502085,International,daily
2023-04-22,20074.095236561217,17667.276958145885,22575.312252517862,International,daily
2023-04-23,19462.437377520346,16913.700554756535,22032.466778793605,International,daily
2023-04-24,19666.226966178692,17189.437509187483,22272.888439069833,International,daily
2023-04-25,19930.63509257641,17479.571695513987,22228.456362655706,International,daily
2023-04-26,20041.279835480524,17559.467025271653,22471.891728480372,International,daily
2023-04-27,20201.85160618729,17635.565903499657,22612.26213518248,International,daily
2023-04-28,20152.604814776616,17612.360841949267,22653.15230274329,International,daily
2023-04-29,19578.76132409225,16947.631000231468,22092.527524967718,International,daily
2023-04-30,18796.10042662883,16317.472326902258,21390.3498538566,International,daily
2023-05-01,18837.536561954836,16253.522613486795,21509.348830527477,International,daily
2023-05-02,18947.40036706919,16297.320536015726,21492.92910331517,International,daily
2023-05-03,18913.261980596646,16379.942425144025,21348.668662253822,International,daily
2023-05-04,18942.80422429061,16461.290610067965,21323.275345391092,International,daily
2023-05-05,18777.50026429306,16315.337451100146,21375.82490400769,International,daily
2023-05-06,18103.143379545898,15679.338822339923,20557.33816159766,International,daily
2023-05-07,17239.046829162937,14854.7072512262,19759.8203143773,International,daily
2023-05-08,17225.021720800032,14752.68424090408,19577.145088421377,International,daily
2023-05-09,17302.21224685775,14952.572710286486,19697.53152511845,International,daily
2023-05-10,17257.387317139222,14817.578683463935,19602.176007856022,International,daily
2023-05-11,17299.13688228841,14958.741688980012,20003.822139901396,International,daily
2023-05-12,17166.82035103468,14737.74345242751,19800.702415918502,International,daily
2023-05-13,16543.31439343505,14109.06949744413,18923.897170352477,International,daily
2023-05-14,15747.918688027998,13067.087800115047,18157.45950707776,International,daily
2023-05-15,15823.831396071078,13334.177701885072,18399.31534889909,International,daily
2023-05-16,16005.634671442847,13501.830478607191,18371.103477728066,International,daily
2023-05-17,16076.146564602097,13749.154606511987,18591.802094213417,International,daily
2023-05-18,16242.025644007717,13692.64601874865,18751.52711110833,International,daily
2023-05-19,16238.066108866113,13776.181117826562,18797.988338022547,International,daily
2023-05-20,15742.228214787165,13263.143071557564,18090.147559176745,International,daily
2023-05-21,15072.30132121193,12755.830441973225,17461.772582189027,International,daily
2023-05-22,15273.913840548063,12617.094818212929,17775.861189313826,International,daily
2023-05-23,15574.69036746024,13174.325692222292,18189.905291523683,International,daily
2023-05-24,15753.66917184388,13223.924822152381,18154.078000728397,International,daily
2023-05-25,16016.304380120302,13467.625739086472,18454.467207786434,International,daily
2023-05-26,16094.081435022368,13547.640318170801,18451.62503268626,International,daily
2023-05-27,15661.789063459877,12965.6095890475,18096.214925163,International,daily
2023-05-28,15037.88516906537,12509.33187646739,17545.204735422987,International,daily
2023-05-29,15272.97509916478,12722.857516491847,17782.764289868617,International,daily
2023-05-30,15590.56458673956,12976.190389066236,18124.963122218578,International,daily
2023-05-31,15768.959672776047,13375.740878204046,18200.29217130136,International,daily
2023-06-01,16015.578437668533,13685.630305089775,18498.088090832243,International,daily
2023-06-02,16061.796564735063,13578.65478117392,18646.5179288109,International,daily
2023-06-03,15582.371043299829,13145.52845214744,18047.275623219488,International,daily
2023-06-04,14899.422142539552,12452.94480276211,17291.548886739474,International,daily
2023-06-05,15071.298799336671,12516.615030652913,17551.511726611527,International,daily
2023-06-06,15319.854051177304,12984.097035124547,17733.798996384437,International,daily
2023-06-07,15424.764001428113,12823.382891183,17755.138906492193,International,daily
2023-06-08,15597.097390112609,13238.223719655056,18122.6866261167,International,daily
2023-06-09,15569.352598849498,13169.755841649734,18037.545158171946,International,daily
2023-06-10,15017.008441989521,12587.52788227483,17700.672652207162,International,daily
2023-06-11,14266.11212475391,11727.155789275177,16647.367036389514,International,daily
2023-06-12,14382.536295607642,11884.425960354647,16694.632393570675,International,daily
2023-06-13,14585.795801684415,12346.206911557407,17257.58216654344,International,daily
2023-06-14,14655.818034757622,12117.798658718995,17074.9067330308,International,daily
2023-06-15,14805.815001944375,12354.341838176095,17167.98258475221,International,daily
2023-06-16,14767.567209854462,12281.406634571877,17184.591177471677,International,daily
2023-06-17,14215.165901118991,11762.381626284918,16598.622544030266,International,daily
2023-06-18,13476.278163292422,11042.78859131178,15882.871840435362,International,daily
2023-06-19,13621.871325108681,11235.663698632086,16120.084088808266,International,daily
2023-06-20,13866.648816329245,11454.123779937574,16162.86709577203,International,daily
2023-06-21,13988.349329708799,11380.135495153836,16455.64844296255,International,daily
2023-06-22,14199.996068205504,11764.36512575337,16574.608568454038,International,daily
2023-06-23,14230.497125247954,11765.319322646996,16757.660863152127,International,daily
2023-06-24,13750.641604777258,11349.274596191783,16516.466294807804,International,daily
2023-06-25,13088.095267325896,10684.126145380204,15669.049666160698,International,daily
2023-06-26,13317.63503478933,10792.046598641951,15746.527895622825,International,daily
2023-06-27,13648.234877145645,11082.349089580513,16070.190109113879,International,daily
2023-06-28,13854.912036119073,11370.832051020361,16459.920976852805,International,daily
2023-06-29,14150.538294103379,11654.566626741422,16587.782467511475,International,daily
2023-06-30,14261.212324840608,11759.296077662624,16656.465508400262,International,daily
2023-07-01,13855.003393758923,11512.844679433763,16418.41548355191,International,daily
2023-07-02,13260.504231085313,10768.36729808058,15638.600268036294,International,daily
2023-07-03,13557.579929966088,11139.35992915955,16007.390025247174,International,daily
2023-07-04,13950.899396189576,11426.972937369612,16436.70606119692,International,daily
2023-07-05,14214.367045854458,11592.342856287107,16598.18090762981,International,daily
2023-07-06,14562.094572813665,12263.399998726863,17061.951775908117,International,daily
2023-07-07,14719.47243276677,12281.60489744239,17086.539311914574,International,daily
2023-07-08,14353.58718589882,11979.494014372436,16727.003286676256,International,daily
2023-07-09,13795.642394245362,11347.628382991983,16444.13622461593,International,daily
2023-07-10,14132.118707321833,11454.722561947883,16531.73056547664,International,daily
2023-07-11,14564.612511935631,12263.972164224777,17045.855826341183,International,daily
2023-07-12,14866.922214466284,12572.534693465977,17493.139782351518,International,daily
2023-07-13,15255.285579608273,12841.410205741968,17849.236985485448,International,daily
2023-07-14,15454.580223245119,12972.076661165083,18016.485413142695,International,daily
2023-07-15,15130.926241471669,12859.880810721965,17457.600345624152,International,daily
2023-07-16,14617.796907991727,12116.943272775396,17213.639084375183,International,daily
2023-07-17,15007.598136877028,12291.120335477202,17479.68727448254,International,daily
2023-07-18,15497.8351681595,12995.188404090972,17781.90086634633,International,daily
2023-07-19,15860.886314813868,13264.047163995258,18202.702032065336,International,daily
2023-07-20,16313.549800769913,13787.721327083034,18757.863847139066,International,daily
2023-07-21,16578.42687704704,14031.162043047647,19161.076009491364,International,daily
2023-07-22,16318.771353350636,13985.452670639923,18949.646412467562,International,daily
2023-07-23,15868.357756949908,13353.287474122724,18274.818951462814,International,daily
2023-07-24,16323.551711611843,13973.38384397497,18898.859827317505,International,daily
2023-07-25,16875.8777638411,14235.735337186572,19287.04113238161,International,daily
2023-07-26,17294.552881583983,14843.553919875829,19763.292387724923,International,daily
2023-07-27,17795.41187938388,15241.152662367027,20372.133887180655,International,daily
2023-07-28,18097.536742717777,15658.934738920085,20436.68253690929,International,daily
2023-07-29,17860.40899051292,15388.29344600381,20284.36681081126,International,daily
2023-07-30,17417.581632299552,14901.289788432376,19713.58526050245,International,daily
2023-07-31,17869.275554505115,15523.257566025026,20297.273546398712,International,daily
2023-08-01,18401.371013464235,15950.9375242641,21021.07037249547,International,daily
2023-08-02,18780.70990587694,16389.78791760357,21241.19766140576,International,daily
2023-08-03,19223.394764828507,16588.318679675267,21663.35282230085,International,daily
2023-08-04,19446.645140223947,16794.449504602304,22032.1687838024,International,daily
2023-08-05,19108.219842254377,16748.549289528142,21444.600017380315,International,daily
2023-08-06,18543.846717951204,15955.611510195342,21168.368362010126,International,daily
2023-08-07,18860.28721705794,16355.267226180056,21509.15882281004,International,daily
2023-08-08,19240.683433800572,16823.815660078562,21723.229009686005,International,daily
2023-08-09,19452.55263372268,16911.472263546435,22010.486384651573,International,daily
2023-08-10,19716.823502052783,17206.6767011741,22207.00742843588,International,daily
2023-08-11,19750.496377663534,17210.5228616828,22287.829488723517,International,daily
2023-08-12,19212.455854984637,16605.696321582396,21729.33407912327,International,daily
2023-08-13,18443.353768150057,15884.968545710295,20662.118688231734,International,daily
2023-08-14,18559.34240684099,16266.17852383589,20946.51678758549,International,daily
2023-08-15,18742.794842553714,16295.461963163612,21166.713778535566,International,daily
2023-08-16,18763.50884531223,16371.821471422705,21349.606768354482,International,daily
2023-08-17,18845.667251550298,16440.043244335895,21365.540340827487,International,daily
2023-08-18,18709.467376120614,16256.063076748142,21060.396181348784,International,daily
2023-08-19,18015.018206672416,15533.918635668399,20472.485486143363,International,daily
2023-08-20,17107.673289618877,14571.359886097494,19551.977167735033,International,daily
2023-08-21,17112.19694128179,14480.270039335912,19653.39357534931,International,daily
2023-08-22,17208.39334069364,14722.924691843076,19854.83896696865,International,daily
2023-08-23,17166.260073066653,14744.565610656678,19599.43474063457,International,daily
2023-08-24,17212.160818432792,14782.734755440806,19665.7839715389,International,daily
2023-08-25,17065.122231290028,14638.841667764505,19432.706803765137,International,daily
2023-08-26,16383.183576923306,13841.303598321458,18830.71971388717,International,daily
2023-08-27,15512.84902588563,12989.317287948996,17913.868446819444,International,daily
2023-08-28,15583.777806969489,13252.233912317526,18039.273699404133,International,daily
2023-08-29,15769.418288329232,13166.666676860563,18091.00827503443,International,daily
2023-08-30,15836.209946028253,13407.136768545639,18243.57724292633,International,daily
2023-08-31,16009.066958605643,13601.932513546582,18387.861492264612,International,daily
2023-09-01,16002.438127043646,13612.98472416159,18457.070535369385,International,daily
2023-09-02,15469.19878664612,12980.492811830129,18058.11637728055,International,daily
2023-09-03,14754.304030820344,12181.77221012553,17089.005896152707,International,daily
2023-09-04,14990.073669275167,12404.20756158048,17352.47283232273,International,daily
2023-09-05,15341.889457360741,12871.528368590816,17869.339011831045,International,daily
2023-09-06,15571.48925997259,13056.928607875963,18065.89298759736,International,daily
2023-09-07,15901.789656571873,13340.740469954439,18265.541783983692,International,daily
2023-09-08,16042.720513325168,13532.895029845926,18549.54092083551,International,daily
2023-09-09,15642.653936977082,13086.938991847712,18208.45494232078,International,daily
2023-09-10,15046.236482314664,12526.912745087,17492.644903887078,International,daily
2023-09-11,15390.230874225323,12966.319191169414,17881.615122101117,International,daily
2023-09-12,15834.223330751427,13264.750282875746,18389.204337436917,International,daily
2023-09-13,16137.943372213163,13484.233885633166,18463.55588367726,International,daily
2023-09-14,16525.347300004927,13948.641111159652,19047.3744992618,International,daily
2023-09-15,16705.13994253009,14167.15541906675,19236.922687282247,International,daily
2023-09-16,16324.646346448679,13667.709602958626,18726.71237095064,International,daily
2023-09-17,15731.724549161847,13400.424568022305,18260.300601229625,International,daily
2023-09-18,16071.064361807365,13635.03597889192,18554.710225331535,International,daily
2023-09-19,16499.806662964944,14144.598750550298,18985.4983418217,International,daily
2023-09-20,16778.795124254084,14314.571736399552,19262.102629442634,International,daily
2023-09-21,17136.68905015881,14790.79334668378,19760.43719749839,International,daily
2023-09-22,17282.54291927603,14774.880404716445,19793.819577157985,International,daily
2023-09-23,16864.51026071042,14376.9599589174,19278.073977448235,International,daily
2023-09-24,16235.0979751726,13735.044512943294,18691.730726394464,International,daily
2023-09-25,16548.08437431794,14123.381370551264,18999.470064136225,International,daily
2023-09-26,16958.392714042893,14509.909810004441,19399.25492445575,International,daily
2023-09-27,17227.681494762375,14820.118155915561,19564.56578904265,International,daily
2023-09-28,17586.884470492943,14990.9399869287,19955.222454858787,International,daily
2023-09-29,17745.654731428986,15305.199610011628,20378.360551347905,International,daily
2023-09-30,17351.133630201664,14789.755980072956,19927.44906342474,International,daily
2023-10-01,16758.38285225032,14233.059890391183,19164.53301465353,International,daily
2023-10-02,17127.824797960817,14590.352077487387,19670.14347282856,International,daily
2023-10-03,17609.111306882707,15052.62697198463,19966.7302073609,International,daily
2023-10-04,17961.63694303653,15476.915029035867,20484.712884221346,International,daily
2023-10-05,18416.308624995196,16112.399106023478,20916.684103247804,International,daily
2023-10-06,18679.37764024818,16260.39059758283,21251.389622662413,International,daily
2023-10-07,18393.88259680112,16054.03160852132,20985.12334327535,International,daily
2023-10-08,17914.524551803057,15490.109481386231,20570.504265270632,International,daily
2023-10-09,18405.713687960153,15855.979197370834,20947.063977729355,International,daily
2023-10-10,19009.508700734892,16527.952278227232,21486.13374987089,International,daily
2023-10-11,19481.117876661927,17036.738220097322,21977.78419446112,International,daily
2023-10-12,20049.950638409133,17505.49103015187,22493.605143816392,International,daily
2023-10-13,20417.875810512392,17836.609813620795,23047.758737913904,International,daily
2023-10-14,20223.3619140436,17703.31390920579,22662.633286154123,International,daily
2023-10-15,19820.803104481605,17244.338366354634,22291.091462818087,International,daily
2023-10-16,20379.164240271875,17949.05854128977,22869.347849298087,International,daily
2023-10-17,21033.967770808416,18488.713012458215,23702.910641740713,International,daily
2023-10-18,21537.745044519917,18965.3311107675,24016.033332209612,International,daily
2023-10-19,22120.31910154693,19652.797910385223,24688.856571334534,International,daily
2023-10-20,22481.42711308559,20003.325055499583,25038.720433943825,International,daily
2023-10-21,22257.48656768977,19738.096895843515,24822.94506728427,International,daily
2023-10-22,21805.293509093284,19273.095697530214,24108.428218031182,International,daily
2023-10-23,22301.182951897194,20125.701178909134,24925.981031971834,International,daily
2023-10-24,22876.9783387518,20344.97667115975,25341.45950047289,International,daily
2023-10-25,23285.30895353602,20643.372826538653,25926.91429960983,International,daily
2023-10-26,23759.043296742264,21050.106954423114,26139.612600895092,International,daily
2023-10-27,23998.201022533372,21677.42295636192,26413.75690684166,International,daily
2023-10-28,23639.278655753376,21228.795474623585,26163.534801096168,International,daily
2023-10-29,23043.264133183107,20559.435444794093,25726.40783596762,International,daily
2023-10-30,23395.268642254134,20991.004592308745,25760.179953226736,International,daily
2023-10-31,23824.40810845711,21319.336655240426,26273.663842064274,International,daily
2023-11-01,24083.970434817464,21639.888906810967,26629.74646252542,International,daily
2023-11-02,24409.998135594622,21873.161343258194,26885.166556626544,International,daily
2023-11-03,24502.501909504863,21835.744605069493,27068.55522128614,International,daily
2023-11-04,23997.37375986055,21388.57214134714,26456.89787039022,International,daily
2023-11-05,23258.75767939133,20763.044199937194,25797.23120640706,International,daily
2023-11-06,23479.204647988972,20814.03427533453,25819.00667932599,International,daily
2023-11-07,23783.54746168729,21408.36351929272,26185.272907354218,International,daily
2023-11-08,23923.986987019238,21515.453159881705,26381.898854395236,International,daily
2023-11-09,24137.897806641115,21499.167586875952,26584.186740209025,International,daily
2023-11-10,24123.421968005197,21664.280839461033,26526.31902397899,International,daily
2023-11-11,23514.044701623818,20953.835623255512,25896.049969066687,International,daily
2023-11-12,22675.395874814156,20525.397967010067,25081.602794168764,International,daily
2023-11-13,22805.996717618156,20264.176674573646,25320.22839295921,International,daily
2023-11-14,23025.188618933254,20826.76900731406,25407.82181977106,International,daily
2023-11-15,23083.18909111544,20596.420997350662,25545.944234482165,International,daily
2023-11-16,23218.159208203608,20891.359498128404,25773.347931941204,International,daily
2023-11-17,23126.20163278229,20703.555451017728,25743.996113469195,International,daily
2023-11-18,22438.61007607024,19792.343693313327,24940.58262549766,International,daily
2023-11-19,21523.096272579016,18887.9546606239,23987.583876596607,International,daily
2023-11-20,21585.10809268453,19074.05575035157,24024.94999783972,International,daily
2023-11-21,21739.7770066102,19182.32036974104,24220.46883610843,International,daily
2023-11-22,21736.894427376927,19360.798299451002,24100.226232148176,International,daily
2023-11-23,21817.17899171595,19491.541516305868,24225.128249270583,International,daily
2023-11-24,21676.60616369732,19024.3929483638,24140.259100354306,International,daily
2023-11-25,20946.25024989305,18343.36327119615,23346.3539012757,International,daily
2023-11-26,19997.84982300675,17696.660643137388,22731.977398847976,International,daily
2023-11-27,20045.60712114835,17525.275335469647,22564.192159383816,International,daily
2023-11-28,20202.0640794284,17649.770681855407,22644.519745742047,International,daily
2023-11-29,20217.91205599453,17596.29545670362,22822.266420212578,International,daily
2023-11-30,20337.378151097368,18071.950346143563,22672.853684817794,International,daily
2023-12-01,20256.81474186879,17964.016182891584,22836.503938366037,International,daily
2023-12-02,19607.074320208663,17233.137285054305,22116.72752558019,International,daily
2023-12-03,18763.367995773257,16287.093169007188,21321.220878478925,International,daily
2023-12-04,18947.517236062,16397.308812714557,21458.294466332678,International,daily
2023-12-05,19267.747542765297,16783.0427819957,21786.90125520548,International,daily
2023-12-06,19473.339738745788,17128.969494747016,21920.74615083435,International,daily
2023-12-07,19809.16311403917,17225.110389738493,22296.077701566413,International,daily
2023-12-08,19968.57220532896,17445.513783678205,22633.84901444352,International,daily
2023-12-09,19578.380600799617,16997.31297726831,22133.855252581638,International,daily
2023-12-10,19013.096202020693,16569.209471415426,21467.058725385377,International,daily
2023-12-11,19497.724647731524,17219.187604860035,21985.107832245474,International,daily
2023-12-12,20131.5932356472,17674.71353198437,22567.07164797609,International,daily
2023-12-13,20657.96674880783,18057.824170532655,23135.104967830935,International,daily
2023-12-14,21317.85750633839,18811.506563060382,23874.8857932547,International,daily
2023-12-15,21797.36296814955,19493.451861166846,24224.71444679937,International,daily
2023-12-16,21715.371797859356,19270.19876318428,24218.08888224031,International,daily
2023-12-17,21442.304965852072,18908.311127669083,23872.47760478103,International,daily
2023-12-18,22203.591834248895,19676.675450585142,24826.792336812327,International,daily
2023-12-19,23087.633415000448,20688.448390916525,25558.854455554658,International,daily
2023-12-20,23830.476396749662,21401.383864253974,26304.53191758406,International,daily
2023-12-21,24668.97512545644,22385.144862903602,27232.929272679074,International,daily
2023-12-22,25282.623675462288,22727.215279653174,27745.316358155666,International,daily
2023-12-23,25284.024179327655,22901.4773657766,27651.983761252748,International,daily
2023-12-24,25042.138551646993,22522.16177361008,27474.400268637095,International,daily
2023-12-25,25786.41582339358,23147.529449814534,28367.637636629443,International,daily
2023-12-26,26598.846893731017,23950.020729285992,29300.654747133358,International,daily
2023-12-27,27213.622974604757,24752.30143261063,29517.364847767563,International,daily
2023-12-28,27869.55099981792,25557.194530878915,30345.022814096366,International,daily
2023-12-29,28246.258872733375,25861.734038222574,30550.814068742497,International,daily
2023-12-30,27957.2846049601,25663.959817958923,30577.355591201467,International,daily
2023-12-31,27377.680245805852,24746.026314781582,29916.197035074634,International,daily
2024-01-01,27748.61885798534,25213.708942072153,30277.872541811164,International,daily
2024-01-02,28153.360161490167,25567.92369003469,30507.92783740217,International,daily
2024-01-03,28331.708335158823,25738.372163410462,30758.5911276173,International,daily
2024-01-04,28531.49608352845,25808.861649214352,31054.6596991544,International,daily
2024-01-05,28438.983418174335,26047.09241796247,31065.44941940007,International,daily
2024-01-06,27674.39788454789,25314.988832534513,30294.049941034093,International,daily
2024-01-07,26623.735518769005,24247.63399197545,29172.181062225292,International,daily
2024-01-08,26543.71114554813,23956.313726394914,29079.430142903584,International,daily
2024-01-09,26521.521345726902,24164.210025964196,29046.420927661784,International,daily
2024-01-10,26304.01415136674,23735.24466914381,28815.528196598923,International,daily
2024-01-11,26148.18313047065,23653.257510806503,28578.82788837421,International,daily
2024-01-12,25745.731886141093,23167.86102914344,28114.062703180778,International,daily
2024-01-13,24721.069598918937,22207.585164181284,27202.765285087502,International,daily
2024-01-14,23467.345676121702,21007.68767318323,25944.508990583054,International,daily
2024-01-15,23251.812024614243,20893.24811116118,25854.627702271428,International,daily
2024-01-16,23159.482688626376,20656.03505669907,25561.39833880217,International,daily
2024-01-17,22937.143367463326,20557.737563329116,25292.228726856523,International,daily
2024-01-18,22843.009147930123,20480.558701195358,25477.982678815235,International,daily
2024-01-19,22565.63046867192,20119.553224849387,25066.47206610598,International,daily
2024-01-20,21724.53764701612,19326.79194682,24274.901039456436,International,daily
2024-01-21,20710.716108912122,18362.963873165492,23310.869779763718,International,daily
2024-01-22,20792.595655011777,18485.39473026936,23377.01681487997,International,daily
2024-01-23,21043.82457485993,18513.552487454468,23481.501347732697,International,daily
2024-01-24,21202.334053010596,18720.423539521642,23611.077544343636,International,daily
2024-01-25,21519.366799569452,18988.22296699772,23989.825422174275,International,daily
2024-01-26,21672.917961599287,19221.61027616673,24096.493379264153,International,daily
2024-01-27,21271.20410456369,18509.597427953977,23772.34758068977,International,daily
2024-01-28,20697.7316220682,18228.157694600286,23339.406459049525,International,daily
2024-01-29,21218.038879784857,18562.61078747126,23676.81829509541,International,daily
2024-01-30,21891.680796772733,19301.58159597881,24356.59657681806,International,daily
2024-01-31,22446.411717806983,19819.72184645586,25135.002891554257,International,daily
2024-02-01,23126.61387203505,20729.993259013998,25656.5594321804,International,daily
2024-02-02,23601.268129432327,21041.089414298152,26055.16650584733,International,daily
2024-02-03,23470.206954031473,20881.611443727597,25863.632643158184,International,daily
2024-02-04,23113.701887824936,20628.788278855653,25582.015611846364,International,daily
2024-02-05,23799.852604760366,21354.81087690242,26157.78584021707,International,daily
2024-02-06,24580.646824746244,22239.43523235581,27154.018205640055,International,daily
2024-02-07,25181.100702034008,22729.73688788221,27761.24365337987,International,daily
2024-02-08,25846.904904915093,23403.790112294504,28264.668425996962,International,daily
2024-02-09,26246.725683521472,23717.033635129505,28506.392283249657,International,daily
2024-02-10,25981.030750357306,23802.517068804005,28552.362133249007,International,daily
2024-02-11,25435.978333186104,23039.394950143287,27970.48040538177,International,daily
2024-02-12,25891.234789702463,23405.98072998672,28219.504523866977,International,daily
2024-02-13,26399.896208142465,23980.705472932565,28897.522056159763,International,daily
2024-02-14,26692.382769893127,24135.509808401515,29250.342997312102,International,daily
2024-02-15,27023.114123913707,24531.138836504397,29525.056223476266,International,daily
2024-02-16,27066.972341645993,24639.66424190469,29629.204565170687,International,daily
2024-02-17,26430.556341541724,23755.5701958588,29039.782478275465,International,daily
2024-02-18,25510.25565149245,22918.60350386969,27986.627530463036,International,daily
2024-02-19,25600.409986100356,23087.31294979816,28180.168227018286,International,daily
2024-02-20,25757.03811942206,23458.107415957827,28344.883455633073,International,daily
2024-02-21,25716.465051520674,23176.538229871374,28174.805380009708,International,daily
2024-02-22,25741.038926661913,23211.310182813973,28283.286446984654,International,daily
2024-02-23,25509.80083458579,22841.115945827183,27900.612159026605,International,daily
2024-02-24,24632.243879815636,22249.135618803328,27292.377011527587,International,daily
2024-02-25,23510.67651629102,21239.099728444446,25951.90053502915,International,daily
2024-02-26,23448.854590872874,21095.74620585165,26171.7615200024,International,daily
2024-02-27,23499.669861286453,21085.17017406279,26066.94630854437,International,daily
2024-02-28,23398.679893685883,21019.41154699202,25909.933941894753,International,daily
2024-02-29,23409.049268444498,20910.882040153472,25856.76206873371,International,daily
2024-03-01,23206.61676136349,20636.528839734394,25708.633305986157,International,daily
2024-03-02,22396.35220408919,19825.152832608004,24795.615600619392,International,daily
2024-03-03,21379.19996543964,18933.315472695915,23768.31089625681,International,daily
2024-03-04,21461.36641372444,18760.50351104095,23806.289821232975,International,daily
2024-03-05,21686.138631928385,19204.745508387387,24139.205629159824,International,daily
2024-03-06,21780.586980490403,19183.342999617656,24319.961591218,International,daily
2024-03-07,22005.478747831927,19474.53842141005,24512.202054746216,International,daily
2024-03-08,22029.32559285621,19833.4992879225,24541.09367364165,International,daily
2024-03-09,21449.555072827065,19047.21927729169,23933.905788664983,International,daily
2024-03-10,20663.543372430024,18189.634192345,23134.633976109628,International,daily
2024-03-11,20978.18273297083,18294.049623796138,23639.4998111627,International,daily
2024-03-12,21427.35607024855,19015.137797008643,23936.69280563138,International,daily
2024-03-13,21734.482207855788,19141.087856680875,24317.80740376396,International,daily
2024-03-14,22155.937167816966,19538.38627556309,24635.990327407373,International,daily
2024-03-15,22355.78937496978,19783.875454725494,24921.97300525123,International,daily
2024-03-16,21927.47080560284,19495.89178931459,24490.62607145262,International,daily
2024-03-17,21268.692323437986,18769.97793010137,23607.15210604849,International,daily
2024-03-18,21691.48661175521,19319.2135481747,24100.01690491394,International,daily
2024-03-19,22225.579146022406,19779.362528725887,24606.43470052848,International,daily
2024-03-20,22594.010181857568,20192.53955826983,25044.539535991324,International,daily
2024-03-21,23055.79091207801,20421.525492831977,25513.2091775893,International,daily
2024-03-22,23275.58384187605,20875.135329605517,25668.283798255226,International,daily
2024-03-23,22847.585294150824,20188.08639731922,25313.449739079588,International,daily
2024-03-24,22174.188259592098,19696.65228099261,24552.007209104864,International,daily
2024-03-25,22576.38138596149,20170.356585492234,24981.01704075433,International,daily
2024-03-26,23082.91572839203,20697.90136180549,25588.940490236895,International,daily
2024-03-27,23418.924409977284,20814.48577234526,26067.901868098877,International,daily
2024-03-28,23847.758020469082,21485.38212255713,26364.604678752905,International,daily
2024-03-29,24035.579243423002,21522.81014671836,26559.21575081811,International,daily
2024-03-30,23577.451011981524,21141.504324098936,26067.271097856657,International,daily
2024-03-31,22879.766137813695,20210.920773948255,25161.529433640473,International,daily
2024-04-01,23271.04561840505,20896.744007487698,25831.755665814726,International,daily
2024-04-02,23776.96675032961,21355.694430362164,26248.81544117905,International,daily
2024-04-03,24122.066059940273,21832.192481759685,26626.69886886298,International,daily
2024-04-04,24570.856675099403,22026.612120057667,27019.115277898705,International,daily
2024-04-05,24787.453715336655,22404.329067860992,27270.940883856736,International,daily
2024-04-06,24363.994662251178,21935.152240743795,26712.757312341568,International,daily
2024-04-07,23706.968398879282,21272.830446086842,26156.800687425533,International,daily
2024-04-08,24148.547409278548,21694.974929059223,26777.97608642802,International,daily
2024-04-09,24707.60963108509,22107.16049123147,27200.303499332458,International,daily
2024-04-10,25104.650800556705,22618.057589346223,27451.495157551195,International,daily
2024-04-11,25602.29990045275,22926.43527988268,28223.76313140152,International,daily
2024-04-12,25860.07790201544,23438.289109872043,28383.943338276,International,daily
2024-04-13,25465.236387364686,23037.774378403097,27979.38461884518,International,daily
2024-04-14,24823.052970769844,22362.285727700182,27341.23057155115,International,daily
2024-04-15,25268.743374648046,22640.226113545585,27714.631201307577,International,daily
2024-04-16,25814.50074242825,23541.944756262095,28084.862859815454,International,daily
2024-04-17,26175.995855087498,23703.118712088988,28538.810148402234,International,daily
2024-04-18,26617.08311591583,24136.23780876479,29195.27397249375,International,daily
2024-04-19,26794.93621207667,24362.63992671657,29401.52546516243,International,daily
2024-04-20,26294.86365359872,23611.24609149701,28892.16657788656,International,daily
2024-04-21,25524.233143833164,23313.081434151034,28229.77838318019,International,daily
2024-04-22,25824.569451173185,23094.563296104097,28375.69574619034,International,daily
2024-04-23,26205.62439883948,23936.368668183182,28766.874920670416,International,daily
2024-04-24,26385.804772498173,23761.4598025552,28944.556645796216,International,daily
2024-04-25,26631.184210045332,23929.523158137526,29107.658717910886,International,daily
2024-04-26,26600.855854638903,23926.938068217274,29111.60405318213,International,daily
2024-04-27,25882.17498787219,23617.25132083876,28402.6923033887,International,daily
2024-04-28,24888.0585705653,22475.44306599703,27098.730142350003,International,daily
2024-04-29,24969.404844489003,22407.709293135107,27438.936922240886,International,daily
2024-04-30,25136.383417967736,22469.788586189527,27459.828725570213,International,daily
2024-05-01,25110.55212929702,22699.92656426974,27607.86702462668,International,daily
2024-05-02,25163.123374004404,22620.865452061287,27627.771932096995,International,daily
2024-05-03,24955.731347111923,22580.33250504586,27454.88297331184,International,daily
2024-05-04,24077.646138937453,21640.61344176882,26568.487659066628,International,daily
2024-05-05,22946.446779679747,20549.986587990683,25328.086059553654,International,daily
2024-05-06,22920.782885088527,20446.43309540958,25353.183374359374,International,daily
2024-05-07,23008.9264869496,20362.24679190063,25348.235559356108,International,daily
2024-05-08,22932.639563684832,20461.937147589742,25364.40107460067,International,daily
2024-05-09,22964.77471986871,20471.74264302238,25429.141199845217,International,daily
2024-05-10,22765.552748759237,20277.065995213903,25251.369922302078,International,daily
2024-05-11,21921.856896140303,19490.63644416736,24337.902517517086,International,daily
2024-05-12,20851.39787842141,18490.548763213457,23209.274285157582,International,daily
2024-05-13,20915.94232482425,18310.948899303014,23414.264470164326,International,daily
2024-05-14,21117.25373984514,18828.2357634611,23525.050996530164,International,daily
2024-05-15,21172.837016012007,18787.374182517593,23624.62923720739,International,daily
2024-05-16,21352.99505371169,18776.98173733546,23735.131441906007,International,daily
2024-05-17,21312.730009368508,18837.301025206176,23598.073257439755,International,daily
2024-05-18,20633.219636081812,18230.84822731417,22993.48802753561,International,daily
2024-05-19,19729.56184887859,17209.446206346453,22161.25126904828,International,daily
2024-05-20,19964.540761806053,17596.99565948835,22678.032137096918,International,daily
2024-05-21,20332.008873130784,17962.20440627315,22997.102322966344,International,daily
2024-05-22,20544.540572457856,18312.679352139632,23096.980744792065,International,daily
2024-05-23,20869.955861879822,18523.390727682327,23339.155351231948,International,daily
2024-05-24,20958.835444215518,18429.09755501118,23327.52281546397,International,daily
2024-05-25,20388.148750133205,17791.109351803585,22935.826157455667,International,daily
2024-05-26,19572.528176932326,17025.975892337075,22084.612646187932,International,daily
2024-05-27,19878.504988583794,17312.4665190704,22276.275187982614,International,daily
2024-05-28,20295.24926963587,17821.77310856654,22855.53720246094,International,daily
2024-05-29,20532.371897094697,18040.905329088157,23061.480233202128,International,daily
2024-05-30,20860.748709974258,18382.8899799765,23467.497615387103,International,daily
2024-05-31,20930.710026901415,18427.824194231795,23416.968434450217,International,daily
2024-06-01,20319.3892055939,17930.6932576936,22800.64861559395,International,daily
2024-06-02,19445.06856183793,16830.297201057037,21979.268627346184,International,daily
2024-06-03,19681.376000436914,17026.780419360035,22086.59397609582,International,daily
2024-06-04,20016.78030139889,17604.37153619721,22618.96066707869,International,daily
2024-06-05,20164.722992661904,17722.103341894686,22516.515832077297,International,daily
2024-06-06,20398.604854927282,17957.502886725804,22837.82834208011,International,daily
2024-06-07,20370.95829193371,17903.255820666593,22790.884024390234,International,daily
2024-06-08,19660.85383155901,17129.589888223054,21842.754449293298,International,daily
2024-06-09,18691.104644945877,16120.5051117239,21186.13783934982,International,daily
2024-06-10,18842.73846295999,16462.241812061908,21422.724369779295,International,daily
2024-06-11,19103.63631451108,16525.777695873418,21401.445544863207,International,daily
2024-06-12,19188.63819995794,16831.325078246115,21748.095291276382,International,daily
2024-06-13,19373.93752079373,17011.73370822937,21853.839547927888,International,daily
2024-06-14,19312.405912269467,16927.614220043182,21690.346800493113,International,daily
2024-06-15,18582.739872058173,16109.947445848922,20985.719219145154,International,daily
2024-06-16,17609.605549621672,14999.608404843115,19846.11598018865,International,daily
2024-06-17,17778.476976550257,15297.465834423703,20336.406179093614,International,daily
2024-06-18,18073.515696238195,15559.774661016172,20369.38115796036,International,daily
2024-06-19,18207.75097769218,15504.51777500681,20729.821740302294,International,daily
2024-06-20,18456.9830332833,16036.933260087104,20967.467323894798,International,daily
2024-06-21,18471.358155786176,16165.17766716804,20779.128145168175,International,daily
2024-06-22,17826.347279654372,15426.645247284057,20416.161180318373,International,daily
2024-06-23,16945.91401425612,14580.022729918895,19413.504577784668,International,daily
2024-06-24,17217.790841779126,14680.077005536989,19829.27375424098,International,daily
2024-06-25,17620.657865076802,15270.744061488269,20300.114990340226,International,daily
2024-06-26,17864.440698565064,15185.342456187847,20252.375797080702,International,daily
2024-06-27,18223.749350498852,15706.710514067956,20581.2253107336,International,daily
2024-06-28,18345.71363651915,15928.880594917071,20853.98545964926,International,daily
2024-06-29,17802.78664023947,15205.580131777471,20118.370083994352,International,daily
2024-06-30,17018.912393421117,14531.086930095984,19494.332347573,International,daily
2024-07-01,17385.20084873566,14841.317983767398,19868.014519850713,International,daily
2024-07-02,17876.35241774546,15217.043959203083,20449.97064854897,International,daily
2024-07-03,18201.00798031483,15541.066035909893,20763.251832863858,International,daily
2024-07-04,18634.64792924259,16199.807490128882,21209.644299299824,International,daily
2024-07-05,18823.605009718096,16365.83687969523,21155.274893929796,International,daily
2024-07-06,18339.605300411116,15593.89118865426,20814.643661076396,International,daily
2024-07-07,17608.84658865513,15111.556769702433,20015.29432062528,International,daily
2024-07-08,18027.98458894717,15545.23892652405,20399.910627218887,International,daily
2024-07-09,18569.720105993765,16291.14739116872,21071.005297793352,International,daily
2024-07-10,18941.56774612056,16433.782439366183,21586.94502809128,International,daily
2024-07-11,19422.743116946538,16835.381053467117,21938.537353610125,International,daily
2024-07-12,19659.84265686323,17196.807589789045,22208.58021136389,International,daily
2024-07-13,19224.641413043977,16577.20176822135,21598.49617714239,International,daily
2024-07-14,18545.704809103085,15975.893657269387,21010.972261617695,International,daily
2024-07-15,19024.26864175785,16653.064391875287,21620.740301874655,International,daily
2024-07-16,19630.55296461,17231.48832908915,22166.383495865237,International,daily
2024-07-17,20073.00379900639,17675.52302266158,22567.499486519835,International,daily
2024-07-18,20629.84118424269,18264.41906681364,23112.13716082136,International,daily
2024-07-19,20946.124890072835,18320.423289678074,23429.550343824423,International,daily
2024-07-20,20591.511896079704,17955.863976877627,23011.74130405424,International,daily
2024-07-21,19994.295476365667,17619.702885646802,22599.999437017683,International,daily
2024-07-22,20557.60722115677,18082.621677271945,22986.97921887376,International,daily
2024-07-23,21246.94764423572,18803.669163579165,23678.30735857702,International,daily
2024-07-24,21767.69937478338,19065.758332447993,24376.19237562855,International,daily
2024-07-25,22396.298965951875,19826.680756384096,24759.28559743004,International,daily
2024-07-26,22774.25966638303,20374.810093352437,25232.395062889846,International,daily
2024-07-27,22467.454930625307,20059.175686932882,24957.776575887918,International,daily
2024-07-28,21902.658269150517,19376.77174654219,24499.07033833862,International,daily
2024-07-29,22484.128853182134,19925.550116481914,24702.98577076545,International,daily
2024-07-30,23172.406339346748,20689.014219782242,25686.81320967733,International,daily
2024-07-31,23670.127215958433,21201.04733194939,26122.174025138334,International,daily
2024-08-01,24252.834945147824,21754.922751515132,26733.77716045219,International,daily
2024-08-02,24559.956512473153,22172.23522250049,27050.045017906985,International,daily
2024-08-03,24155.590621389223,21507.585049835154,26681.748893292875,International,daily
2024-08-04,23467.509244342797,21050.718503619442,25946.52340518089,International,daily
2024-08-05,23904.07093045738,21380.018428094336,26392.635058085772,International,daily
2024-08-06,24424.208581288054,21982.642995615955,26848.31849275399,International,daily
2024-08-07,24731.464219717265,22293.67711891762,27494.42382642477,International,daily
2024-08-08,25104.34162292482,22706.55795826897,27465.361142102265,International,daily
2024-08-09,25184.132417977766,22667.401466635598,27647.786339014565,International,daily
2024-08-10,24537.09934702355,22182.619346713243,26918.590836730218,International,daily
2024-08-11,23595.827730736873,21014.51055455663,26024.639381426,International,daily
2024-08-12,23776.35582270464,21324.756392591393,26444.45579947226,International,daily
2024-08-13,24039.249323465927,21597.85337115812,26602.491878170094,International,daily
2024-08-14,24091.756016344996,21723.324718862204,26667.264905254546,International,daily
2024-08-15,24217.6130120375,21718.733700739405,26810.39631913941,International,daily
2024-08-16,24061.647919860196,21731.048674016336,26667.733156394832,International,daily
2024-08-17,23193.298483934374,20628.040197865605,25610.903628345593,International,daily
2024-08-18,22050.272947179812,19622.11624804948,24532.625860812535,International,daily
2024-08-19,22055.875541103647,19513.148259296973,24521.928731375796,International,daily
2024-08-20,22170.470959227576,19748.01773792248,24675.288394760482,International,daily
2024-08-21,22103.866284407184,19563.869774679737,24623.986331218304,International,daily
2024-08-22,22142.507417201385,19646.44474842958,24526.244731483825,International,daily
2024-08-23,21931.66639146528,19289.192764321928,24247.68765835587,International,daily
2024-08-24,21040.384084718346,18718.549720315237,23654.481102970232,International,daily
2024-08-25,19907.364184349026,17598.60182524421,22574.95865947084,International,daily
2024-08-26,19958.435854444397,17437.118677841874,22433.315856597295,International,daily
2024-08-27,20150.622287836875,17695.483799293248,22557.213678518714,International,daily
2024-08-28,20190.17249478517,17697.52923698264,22676.632400673436,International,daily
2024-08-29,20361.415512014923,18051.86811248656,22869.683691397924,International,daily
2024-08-30,20305.480776200624,17873.76296152479,22659.577718421715,International,daily
2024-08-31,19586.649689536196,17078.888861087664,22087.492966956634,International,daily
2024-09-01,18640.55656014402,16133.580796516502,21191.139377233896,International,daily
2024-09-02,18892.029313769162,16562.380874085757,21369.62047986826,International,daily
2024-09-03,19291.205095298177,16896.89858866025,21812.132326056628,International,daily
2024-09-04,19539.192107129413,17255.564633453407,21992.82884872016,International,daily
2024-09-05,19916.637061732068,17383.744154508848,22403.159437664333,International,daily
2024-09-06,20059.70845400971,17675.597201154676,22507.214336900466,International,daily
2024-09-07,19527.874585634414,16953.100957950144,22105.354956286643,International,daily
2024-09-08,18754.40787897547,16382.597274039335,21432.74064800599,International,daily
2024-09-09,19164.57892642377,16731.07892230354,21629.91606854756,International,daily
2024-09-10,19703.77403479702,17271.72316217542,22297.467376109787,International,daily
2024-09-11,20070.72290396424,17405.266826191153,22518.09572967451,International,daily
2024-09-12,20545.69785958198,18060.820880179264,23091.175976291797,International,daily
2024-09-13,20763.663654152966,18244.29536526367,23310.818901622664,International,daily
2024-09-14,20283.373450313433,17686.293623750913,22869.578369656436,International,daily
2024-09-15,19540.059004680814,16934.55921452036,22049.522512498916,International,daily
2024-09-16,19963.854930477337,17375.834616239747,22558.212460133775,International,daily
2024-09-17,20499.792980610997,17914.676497930774,23094.39428809904,International,daily
2024-09-18,20848.471877611926,18373.53959269262,23285.940853542394,International,daily
2024-09-19,21293.769696173986,18653.303684272654,23795.798661730765,International,daily
2024-09-20,21473.050009363757,19130.361106951466,23921.162340905896,International,daily
2024-09-21,20947.477227341926,18644.060313856204,23400.702886829135,International,daily
2024-09-22,20156.808414455885,17646.56800895828,22722.200219060163,International,daily
2024-09-23,20537.9802541974,18050.082458173572,23051.160154445006,International,daily
2024-09-24,21036.931147985037,18445.524775158447,23551.725605232397,International,daily
2024-09-25,21356.68417326894,18871.79782875398,23724.858633473596,International,daily
2024-09-26,21784.564216571143,19265.31979702527,24214.048213852897,International,daily
2024-09-27,21959.47280551417,19358.655826671416,24246.2898346632,International,daily
2024-09-28,21443.45539034221,18811.13214551082,24014.60044856055,International,daily
2024-09-29,20678.64654168741,18158.033906298453,22999.573152615736,International,daily
2024-09-30,21106.088879668416,18535.182491960797,23791.280254364337,International,daily
2024-10-01,21669.467608566167,19288.61353666046,24155.5767097739,International,daily
2024-10-02,22070.70399405281,19548.519291795863,24554.169710830356,International,daily
2024-10-03,22596.784429576303,20172.65702829399,25002.872915295775,International,daily
2024-10-04,22884.21771285425,20565.220956192723,25475.63720181625,International,daily
2024-10-05,22491.971184347636,20246.981061880786,24912.929759212417,International,daily
2024-10-06,21860.685892563637,19473.979316990186,24452.90100344747,International,daily
2024-10-07,22431.840294383062,19821.279957003735,25084.155780966004,International,daily
2024-10-08,23143.50294118945,20783.29779225027,25733.49081514601,International,daily
2024-10-09,23693.531991419826,21423.54977217321,26142.664264777104,International,daily
2024-10-10,24366.09881157118,21890.73427475272,26938.602682849614,International,daily
2024-10-11,24793.394997888918,22280.112938321694,27185.215084739848,International,daily
2024-10-12,24529.98751772316,21897.18913097469,27035.2536792618,International,daily
2024-10-13,24014.335493082643,21558.084741689785,26527.635520923715,International,daily
2024-10-14,24688.3110611356,22101.45936525821,27240.80698754449,International,daily
2024-10-15,25484.963161321644,22868.54068898218,28018.94779469501,International,daily
2024-10-16,26099.297022465667,23582.06245040792,28543.945044481025,International,daily
2024-10-17,26814.44820989279,24460.36908548871,29344.745046931217,International,daily
2024-10-18,27260.578839402682,24829.264918187568,29725.87569317679,International,daily
2024-10-19,26990.576738176274,24381.382521027084,29717.978810063283,International,daily
2024-10-20,26443.786909113845,23945.53349424966,28815.346600222067,International,daily
2024-10-21,27065.793487688417,24569.37719617471,29508.3090491082,International,daily
2024-10-22,27788.092532361232,25214.341458860083,30296.62349578786,International,daily
2024-10-23,28306.34661422124,25934.05052033782,30751.65912290993,International,daily
2024-10-24,28906.104988616866,26512.14113570997,31359.825949051385,International,daily
2024-10-25,29218.78851588393,26691.113300643872,31650.821392964106,International,daily
2024-10-26,28798.63933588713,26287.31026118548,31423.247114442165,International,daily
2024-10-27,28088.583389811338,25490.465880820804,30519.265280676722,International,daily
2024-10-28,28540.20230398624,26070.193216599793,30922.295220856482,International,daily
2024-10-29,29085.258627153962,26638.012659794178,31534.073067677746,International,daily
2024-10-30,29421.385257734775,26969.95332845963,31874.1230007069,International,daily
2024-10-31,29837.328912193992,27432.580825097048,32397.423730805327,International,daily
2024-11-01,29966.018937648838,27503.03906013373,32355.122658701763,International,daily
2024-11-02,29362.780686117025,26967.532611062485,32022.270334788318,International,daily
2024-11-03,28473.35968066233,25902.957292826137,30831.546114331566,International,daily
2024-11-04,28754.130244540906,26255.515516286734,31188.665944248314,International,daily
2024-11-05,29135.534532601294,26764.30813765423,31558.730481164166,International,daily
2024-11-06,29315.280490901638,26751.983735195678,31782.4285497991,International,daily
2024-11-07,29583.192071773752,27066.120569115905,31956.655740897473,International,daily
2024-11-08,29571.4522234393,26926.26967134482,32036.255038473962,International,daily
2024-11-09,28834.173928973723,26253.854250826498,31432.757126084358,International,daily
2024-11-10,27817.68037259482,25328.418509501575,30244.316984755184,International,daily
2024-11-11,27981.04174336764,25468.604303375174,30463.091339693845,International,daily
2024-11-12,28251.513328301437,25833.08938983783,30621.447862129015,International,daily
2024-11-13,28325.318046361444,25790.91291617423,30822.177720107968,International,daily
2024-11-14,28492.167483846322,26077.689894687115,30931.718562504357,International,daily
2024-11-15,28382.72875587585,25812.569050354035,30833.44591799975,International,daily
2024-11-16,27549.586611007133,25021.073382882303,30034.96635603811,International,daily
2024-11-17,26439.795303547668,23992.170685345347,28968.60816797092,International,daily
2024-11-18,26515.740762458132,23816.0633294212,28895.632555911718,International,daily
2024-11-19,26702.556207951497,24097.301232732185,29180.35651409952,International,daily
2024-11-20,26696.449442776197,24134.164783562468,29369.625621664818,International,daily
2024-11-21,26788.837605640263,24361.88144692894,29345.65951932427,International,daily
2024-11-22,26610.965206239893,24054.531719439245,28949.024145596122,International,daily
2024-11-23,25716.171177092358,23317.448538407807,28327.4260219227,International,daily
2024-11-24,24554.61560668893,22124.868239770592,27189.21883453991,International,daily
2024-11-25,24594.3628059777,22061.087590236566,27027.542681723833,International,daily
2024-11-26,24760.665788370046,22225.472786942584,27050.474457198125,International,daily
2024-11-27,24751.729100069628,22306.85676630442,27185.520654717915,International,daily
2024-11-28,24862.351288943406,22192.53678269456,27362.21524559261,International,daily
2024-11-29,24725.595045614875,22072.546210295695,27061.62979153597,International,daily
2024-11-30,23896.270693478822,21458.419552833795,26297.99563723828,International,daily
2024-12-01,22827.763196140855,20356.292573593546,25222.572317469763,International,daily
2024-12-02,22993.27846678594,20622.67966218911,25265.027345778402,International,daily
2024-12-03,23316.95853948526,20804.34106069075,25627.001061194977,International,daily
2024-12-04,23497.063251664375,20950.740917340172,25781.418362742395,International,daily
2024-12-05,23829.126606827784,21416.96282651233,26267.000327315025,International,daily
2024-12-06,23944.708766636886,21255.739808641676,26278.546399185943,International,daily
2024-12-07,23396.149275891457,20971.486865969706,25965.983888658862,International,daily
2024-12-08,22635.57044652355,20284.251342915122,25099.291415550168,International,daily
2024-12-09,23136.384345547383,20657.053859166335,25663.975949916192,International,daily
2024-12-10,23816.355257055722,21384.977102093722,26321.236223028347,International,daily
2024-12-11,24368.333161953262,21901.420485887433,26959.84165275381,International,daily
2024-12-12,25083.069888993312,22513.96360073924,27492.930525973643,International,daily
2024-12-13,25585.207915276587,23116.53273034711,27985.705273842854,International,daily
2024-12-14,25419.46307460632,22830.2966476744,27830.67113860768,International,daily
2024-12-15,25031.964317965016,22646.1217806199,27419.369752968632,International,daily
2024-12-16,25892.176952423597,23360.22847922963,28254.0088803313,International,daily
2024-12-17,26908.058854497373,24395.7477936095,29232.20798142304,International,daily
2024-12-18,27764.47854391184,25346.230904749133,30292.099870332946,International,daily
2024-12-19,28745.805971345897,26352.85767870678,31218.167334381367,International,daily
2024-12-20,29469.23114089155,27161.947767062084,32030.74731141667,International,daily
2024-12-21,29472.44411324616,26908.04311729414,32123.853865059307,International,daily
2024-12-22,29197.351012154926,26487.348987533842,31582.174150779683,International,daily
2024-12-23,30112.42342153629,27716.611788112583,32755.006766686878,International,daily
2024-12-24,31119.92706707008,28534.366857960016,33663.80488900381,International,daily
2024-12-25,31901.971626551735,29446.865889468034,34402.28619111232,International,daily
2024-12-26,32742.792210398144,30192.03808144267,34999.212525890965,International,daily
2024-12-27,33259.28413943695,30675.030316468114,35487.16093897442,International,daily
2024-12-28,32990.03907220447,30770.21055116901,35367.414195973484,International,daily
2024-12-29,32381.27161033901,29897.434710614663,34847.21771732843,International,daily
2024-12-30,32909.408498321674,30452.208948804448,35405.7611614237,International,daily
2024-12-31,33480.18712592187,30983.519769204442,35983.23790718448,International,daily
2025-01-01,33782.123090615176,31343.756763771475,36175.09182946513,International,daily
2025-01-02,34108.2624146473,31510.792680986113,36487.25020256615,International,daily
2025-01-03,34083.71218535471,31584.985824975807,36645.3831041477,International,daily
2025-01-04,33255.81793181588,30792.64680217158,35768.710015971395,International,daily
2025-01-05,32082.09709063732,29599.410050219776,34717.67831216146,International,daily
2025-01-06,32052.880930989057,29542.56743367572,34530.571567417755,International,daily
2025-01-07,32082.117640139775,29348.3665579037,34677.429567060506,International,daily
2025-01-08,31868.118925209696,29445.602554005665,34292.673381677065,International,daily
2025-01-09,31714.67483802885,29320.485602732188,34134.152245116646,International,daily
2025-01-10,31255.506046658305,28788.352142448053,33891.22064293889,International,daily
2025-01-11,30045.544596450232,27396.382610633213,32496.50242532521,International,daily
2025-01-12,28550.87428470778,26031.028289879887,31020.542197052662,International,daily
2025-01-13,28271.46384523756,25625.446029251467,30956.077513521115,International,daily
2025-01-14,28123.75120762828,25404.65907236879,30569.11878694239,International,daily
2025-01-15,27808.782355051124,25387.686614729813,30397.971260640334,International,daily
2025-01-16,27632.836195550586,25119.045692268544,30195.09489231258,International,daily
2025-01-17,27228.97680207423,24865.90257815854,29659.336277875747,International,daily
2025-01-18,26149.642631132218,23545.458355006976,28687.2237988654,International,daily
2025-01-19,24858.820716499813,22400.01652558914,27260.517431041735,International,daily
2025-01-20,24855.11434939853,22345.699260585683,27393.5642827914,International,daily
2025-01-21,25046.362091734492,22580.23301846479,27391.50707483108,International,daily
2025-01-22,25125.426517388572,22766.979222877264,27549.65585769622,International,daily
2025-01-23,25390.5843567688,22803.752000993012,27836.50236352131,International,daily
2025-01-24,25464.425103238467,22884.600163574483,27972.560086055237,International,daily
2025-01-25,24887.98001946713,22350.994702738073,27520.587733878478,International,daily
2025-01-26,24115.34052929507,21830.087788047662,26742.99723913494,International,daily
2025-01-27,24637.24445137879,22223.493950086682,27110.84372482979,International,daily
2025-01-28,25347.882789993586,22701.91126122202,27685.05662389605,International,daily
2025-01-29,25928.456420115064,23386.769858008076,28360.694097108848,International,daily
2025-01-30,26667.41156398868,24164.27374201306,29074.873526196596,International,daily
2025-01-31,27176.72475621958,24989.180152902973,29733.12147967856,International,daily
2025-02-01,26987.570528785283,24599.986379810136,29662.101312533316,International,daily
2025-02-02,26547.341815430773,24105.13961533153,28937.619873545733,International,daily
2025-02-03,27343.67256143202,24779.672728197384,29674.677944175644,International,daily
2025-02-04,28263.31224040172,25879.259807347884,30787.606970120574,International,daily
2025-02-05,28983.295651801353,26350.7783624244,31637.595716002434,International,daily
2025-02-06,29790.83810819343,27196.18899786281,32133.013344630748,International,daily
2025-02-07,30296.795126702706,27852.73394105121,32791.70106279942,International,daily
2025-02-08,30032.63659069036,27250.00461864833,32525.022946100507,International,daily
2025-02-09,29449.62235351953,26987.53903026253,32038.335368726275,International,daily
2025-02-10,30043.006117273428,27627.15769209201,32456.02734719591,International,daily
2025-02-11,30702.72078189098,28219.631688204787,33101.05323568369,International,daily
2025-02-12,31111.90920003952,28470.07555617256,33663.991115105964,International,daily
2025-02-13,31566.23802781325,28977.309698648296,33906.92010483873,International,daily
2025-02-14,31684.308248292145,29233.536339911698,34193.504060338,International,daily
2025-02-15,31005.73463016438,28489.384591773785,33390.63366728529,International,daily
2025-02-16,29992.30299808321,27347.5460352603,32512.989694608157,International,daily
2025-02-17,30152.21366935631,27595.48843926656,32652.718656213758,International,daily
2025-02-18,30382.47105648058,28079.866764985294,32968.225991939406,International,daily
2025-02-19,30374.706294637177,27888.618156697125,32804.15080004105,International,daily
2025-02-20,30433.879522170115,27991.63101074312,33014.0963614745,International,daily
2025-02-21,30185.650175498096,27589.432750962646,32606.459046364984,International,daily
2025-02-22,29175.609142254823,26734.420256098954,31612.54283997166,International,daily
2025-02-23,27872.501829876477,25310.82637603039,30373.045574561904,International,daily
2025-02-24,27792.629346174937,25314.55778259831,30170.985479448907,International,daily
2025-02-25,27834.091040110172,25238.6266476794,30206.793447099415,International,daily
2025-02-26,27690.073857830634,25230.27073702126,30153.856915811753,International,daily
2025-02-27,27667.139103691854,24951.952275822514,30101.31819567409,International,daily
2025-02-28,27389.764267697392,24998.670202101544,29916.52249672541,International,daily
2025-03-01,26400.94950614928,23982.85785319808,28739.654136381057,International,daily
2025-03-02,25167.731982358346,22474.97763142298,27704.669480053846,International,daily
2025-03-03,25205.96804927715,22780.539293079648,27683.67021712754,International,daily
2025-03-04,25406.643853725083,23014.860401565362,27903.943335588818,International,daily
2025-03-05,25456.832796694394,23061.478763387157,27920.88946216034,International,daily
2025-03-06,25657.74923518284,23051.20560845119,28120.66244033585,International,daily
2025-03-07,25626.62080955581,23075.157990849202,28109.160954235802,International,daily
2025-03-08,24898.800856311565,22498.42585841687,27416.551064046802,International,daily
2025-03-09,23935.67519947217,21428.125351295585,26453.16855335089,International,daily
2025-03-10,24249.893906567257,21662.33442466206,26738.883726857694,International,daily
2025-03-11,24723.784671610887,22179.222548809263,27347.84742730612,International,daily
2025-03-12,25037.978945997515,22571.030997428963,27432.49129905362,International,daily
2025-03-13,25489.199658566005,23140.350085851896,28071.389908147477,International,daily
2025-03-14,25689.39921400542,22955.152948153467,27977.749866935214,International,daily
2025-03-15,25169.283552571225,22653.473008201712,27631.62509198937,International,daily
2025-03-16,24388.49088831512,21973.37163510907,26914.747144855344,International,daily
2025-03-17,24861.13024041742,22275.29367399047,27197.352233356953,International,daily
2025-03-18,25466.136994891902,23041.57006766227,28042.87192943625,International,daily
2025-03-19,25883.3942294022,23498.40277777298,28401.165174599737,International,daily
2025-03-20,26411.07331214154,23807.61774851705,28998.923742156767,International,daily
2025-03-21,26661.854119344767,24009.54507574686,29100.562286864846,International,daily
2025-03-22,26167.680310002765,23849.80694568825,28789.278055168696,International,daily
2025-03-23,25392.037761872885,22749.99360051006,27863.372262773824,International,daily
2025-03-24,25855.64065914291,23216.100731302293,28445.02025850248,International,daily
2025-03-25,26438.587440487856,23858.587965979845,28823.038634844193,International,daily
2025-03-26,26823.85677704087,24080.12006180895,29346.398282235314,International,daily
2025-03-27,27314.10491090044,24829.42886252361,29839.17802449041,International,daily
2025-03-28,27524.898746533152,24994.216966687512,30025.632358256185,International,daily
2025-03-29,26990.66136369243,24459.350704069966,29268.464266501964,International,daily
2025-03-30,26179.038263451737,23557.152843672495,28665.158642277827,International,daily
2025-03-31,26616.74806942612,23961.287844606664,28929.939533594632,International,daily
2025-04-01,27183.58386980034,24818.1125726581,29633.854288160124,International,daily
2025-04-02,27563.35500018594,25100.138785835596,29987.593930201383,International,daily
2025-04-03,28060.235861459758,25708.82805816604,30528.110652604326,International,daily
2025-04-04,28289.126990078017,25848.589205775937,30648.521029467214,International,daily
2025-04-05,27782.922492011174,25028.146589668333,30084.069372060334,International,daily
2025-04-06,27009.10812437765,24430.41315130471,29434.77347932653,International,daily
2025-04-07,27495.928425398855,24805.05294917723,29859.174425125195,International,daily
2025-04-08,28118.388321125884,25647.131761738277,30537.510392614604,International,daily
2025-04-09,28556.79386622622,26083.477718991588,30924.67290299467,International,daily
2025-04-10,29112.79930525753,26365.045479388707,31576.10432951635,International,daily
2025-04-11,29397.032065103325,26950.140288203576,31980.327108968137,International,daily
2025-04-12,28937.803168423776,26538.993691842694,31397.737628714083,International,daily
2025-04-13,28200.039746062466,25829.70954173496,30555.284443062916,International,daily
2025-04-14,28711.84973605039,26112.13802796168,31068.781842493423,International,daily
2025-04-15,29342.5811196227,26853.632258033922,31825.955242005955,International,daily
2025-04-16,29768.993621853042,27251.5725592364,32220.900102055395,International,daily
2025-04-17,30291.009843940617,27819.087254368045,32874.49492113154,International,daily
2025-04-18,30516.58381213565,28077.407866154204,33243.816644879276,International,daily
2025-04-19,29971.80858071968,27357.26245195156,32523.728659535333,International,daily
2025-04-20,29122.113488175914,26420.588755148074,31557.53724339701,International,daily
2025-04-21,29499.135076384715,26882.43429482737,31907.968312603523,International,daily
2025-04-22,29970.723816344784,27383.139340895457,32282.23903135655,International,daily
2025-04-23,30214.621256075796,27819.34916060042,32595.52404342878,International,daily
2025-04-24,30533.77819672896,28091.986932192693,33059.40134609353,International,daily
2025-04-25,30538.322438193274,27906.4432726464,32951.1844696612,International,daily
2025-04-26,29756.916257770597,27437.066983881567,32196.035264744198,International,daily
2025-04-27,28660.072586600425,26152.938617237687,31128.644456151324,International,daily
2025-04-28,28787.19219290551,26384.205570375583,31279.331479629927,International,daily
2025-04-29,29008.387989397765,26479.00216119961,31590.92370227671,International,daily
2025-04-30,29005.55162940463,26536.505986199038,31359.786415792423,International,daily
2025-05-01,29087.14006552218,26707.64450524208,31755.525498578674,International,daily
2025-05-02,28867.164065527784,26524.642262542417,31370.98044268627,International,daily
2025-05-03,27877.73965818117,25438.75166093953,30466.70432654105,International,daily
2025-05-04,26594.491443436553,24002.19307052791,28979.867145980974,International,daily
2025-05-05,26563.74925768948,24108.603408974865,29130.251371190087,International,daily
2025-05-06,26656.20842330239,24163.97375175104,29334.727866223482,International,daily
2025-05-07,26555.42869003091,23977.108445112666,29082.772551364073,International,daily
2025-05-08,26572.15528241239,23815.53797820141,28871.768255416137,International,daily
2025-05-09,26320.41549533485,23762.007034519684,28832.138473200564,International,daily
2025-05-10,25331.369998536775,22909.32677105535,27893.22051667518,International,daily
2025-05-11,24080.924599502592,21644.02407260007,26518.803280490036,International,daily
2025-05-12,24117.219544489195,21660.091653779116,26428.21946311607,International,daily
2025-05-13,24306.266777418805,21590.078659686704,26951.565153351658,International,daily
2025-05-14,24328.026075268088,21621.61483557538,26693.561635880986,International,daily
2025-05-15,24490.404994250155,21767.505276521075,26979.139281028303,International,daily
2025-05-16,24402.603334291525,21893.757864463714,26807.844000797748,International,daily
2025-05-17,23590.39544919772,21004.0423939087,26098.879919255578,International,daily
2025-05-18,22526.06922402241,20171.600002771604,25126.83358498666,International,daily
2025-05-19,22756.311032778915,20216.186551342835,25370.128415641793,International,daily
2025-05-20,23139.90441505422,20788.52429781463,25643.38747083314,International,daily
2025-05-21,23351.446894523786,20735.1996413147,25769.451564503448,International,daily
2025-05-22,23695.06971707914,21279.493929026525,26078.139587691767,International,daily
2025-05-23,23775.047479083478,21420.821088325883,26268.634674253342,International,daily
2025-05-24,23112.504837133165,20601.507778697414,25882.260003537984,International,daily
2025-05-25,22177.65259330611,19680.637742693947,24818.96457149858,International,daily
2025-05-26,22518.015789234923,20049.56128064483,25164.022133678896,International,daily
2025-05-27,22988.120601803814,20448.378010404012,25342.95606145214,International,daily
2025-05-28,23260.760295537493,20710.27666140454,25821.314914150764,International,daily
2025-05-29,23640.327699125744,21029.643793412033,25950.149739871475,International,daily
2025-05-30,23730.570715821126,21202.47366436036,26461.59020564305,International,daily
2025-05-31,23052.595528188034,20556.152378898005,25494.191379460666,International,daily
2025-06-01,22079.26708812624,19542.103091223373,24647.794976149053,International,daily
2025-06-02,22363.64677326536,19923.69981612862,24731.823635731027,International,daily
2025-06-03,22760.53696996662,20355.099340055094,25359.880043031724,International,daily
2025-06-04,22945.172451915558,20397.31831998827,25441.29309800651,International,daily
2025-06-05,23226.052250244156,20579.732037957758,25747.65689951806,International,daily
2025-06-06,23209.741256085264,20641.936176567226,25658.324478101145,International,daily
2025-06-07,22420.086437632785,19852.007939307616,24783.074738619172,International,daily
2025-06-08,21334.71679400833,18798.12937230613,23889.081169504974,International,daily
2025-06-09,21513.64582874727,18855.415089701033,23933.32837358581,International,daily
2025-06-10,21812.65029945049,19342.557417294425,24414.098752535665,International,daily
2025-06-11,21909.385105116286,19631.982387318265,24480.87345541225,International,daily
2025-06-12,22115.733958421846,19567.755568726934,24607.539865883708,International,daily
2025-06-13,22039.69689650216,19668.248272936165,24487.00855329065,International,daily
2025-06-14,21205.878207895392,18654.318951959383,23551.106797914428,International,daily
2025-06-15,20094.161347780075,17469.930775861118,22417.547797060422,International,daily
2025-06-16,20268.565957359482,17851.51851343885,22833.939317132164,International,daily
2025-06-17,20582.56176742296,18138.868859644295,22970.88934185921,International,daily
2025-06-18,20712.715957607626,18136.156281263513,23195.89779928648,International,daily
2025-06-19,20970.676081196165,18547.8229023017,23525.819751672072,International,daily
2025-06-20,20962.25783560975,18440.86321957886,23469.777329004104,International,daily
2025-06-21,20209.316379746135,17779.188406412988,22558.958461227543,International,daily
2025-06-22,19190.701771993023,16734.292932165034,21737.829280403377,International,daily
2025-06-23,19471.466759404222,17028.97077839812,21926.727084403865,International,daily
2025-06-24,19900.199830447207,17347.601664976668,22488.539428036907,International,daily
2025-06-25,20150.274336456376,17498.289223469095,22534.477729150385,International,daily
2025-06-26,20531.516266284285,18154.705540473406,23355.496554634956,International,daily
2025-06-27,20646.526739813897,18096.721897367326,23130.73800340812,International,daily
2025-06-28,20013.952191997683,17514.390343427647,22456.84840124732,International,daily
2025-06-29,19111.716580628352,16786.785109713113,21576.629149043674,International,daily
2025-06-30,19506.557335194586,17107.01034635398,22074.623102289137,International,daily
2025-07-01,20043.33706264066,17614.845689341888,22589.66715800585,International,daily
2025-07-02,20393.83758518752,17996.913136048068,22961.88575429697,International,daily
2025-07-03,20868.041419112305,18355.315556983907,23174.784133740177,International,daily
2025-07-04,21067.606042123043,18441.161491172246,23517.252577044303,International,daily
2025-07-05,20510.441053344166,18100.161370304093,22997.180035454636,International,daily
2025-07-06,19676.11945405596,17073.074170817476,22092.507472324785,International,daily
2025-07-07,20135.641561941546,17742.728704027006,22739.233103655362,International,daily
2025-07-08,20732.626054656746,18145.499452096617,23393.680185052828,International,daily
2025-07-09,21139.553824506682,18895.7798194747,23472.153782581285,International,daily
2025-07-10,21668.575468838266,19372.789706900632,24308.860296087954,International,daily
2025-07-11,21922.059990059603,19225.783929967856,24419.5579217493,International,daily
2025-07-12,21418.41454591178,19054.162867619274,24044.068866311056,International,daily
2025-07-13,20639.62555429324,18390.522198241528,23153.699229882106,International,daily
2025-07-14,21161.218149866912,18854.778810730186,23712.488510003575,International,daily
2025-07-15,21825.312111041963,19466.710186452747,24441.153548641312,International,daily
2025-07-16,22304.31960523858,19767.51626881287,24909.06355529437,International,daily
2025-07-17,22911.301250667704,20423.45589154948,25461.962660325004,International,daily
2025-07-18,23247.629650758223,20611.726453345604,25580.476915436175,International,daily
2025-07-19,22830.108751885866,20447.513941266407,25495.634287959383,International,daily
2025-07-20,22140.71663265777,19702.918256642613,24532.937325137704,International,daily
2025-07-21,22756.844943153996,20240.901596387055,25387.41148064165,International,daily
2025-07-22,23516.314050665445,21039.205111643725,26032.03948589039,International,daily
2025-07-23,24088.625883111206,21559.057341263535,26543.982935529788,International,daily
2025-07-24,24784.97337443632,22260.751244112544,27254.78782113868,International,daily
2025-07-25,25203.12384062078,22589.780212467118,27451.192743234293,International,daily
2025-07-26,24855.939701015566,22494.02520136063,27234.25913350391,International,daily
2025-07-27,24223.41808365595,21668.58058595101,26736.22530518607,International,daily
2025-07-28,24883.295558857477,22591.145243290135,27412.43237564855,International,daily
2025-07-29,25668.095080186115,23348.93196488617,28157.937531622112,International,daily
2025-07-30,26243.99122440018,23801.14439731822,28670.130622477467,International,daily
2025-07-31,26920.51295259148,24466.980856548864,29597.875130943878,International,daily
2025-08-01,27292.667828208396,24755.221268296053,29845.699785128098,International,daily
2025-08-02,26870.865180819823,24566.674751407598,29210.293024633906,International,daily
2025-08-03,26135.233304792462,23650.08981135585,28632.20392070227,International,daily
2025-08-04,26666.550210260888,24036.011176271477,29088.04828008322,International,daily
2025-08-05,27295.263899107293,24841.927564685797,29845.521591366283,International,daily
2025-08-06,27687.89383128399,25277.620667608724,30114.718423379916,International,daily
2025-08-07,28156.33515680645,25776.890993599656,30556.66360394735,International,daily
2025-08-08,28297.11879539632,25889.15607209091,30736.51137962474,International,daily
2025-08-09,27622.621896386045,25031.928461590185,30134.6403145191,International,daily
2025-08-10,26617.54063204585,24091.876860712542,29120.795345531787,International,daily
2025-08-11,26870.02167352366,24305.49940297096,29173.236186912574,International,daily
2025-08-12,27212.53091431506,24807.5491894158,29735.279230945118,International,daily
2025-08-13,27315.670407636524,24955.54866531214,29981.3319191858,International,daily
2025-08-14,27496.971089944404,25068.64131052416,29924.63502438857,International,daily
2025-08-15,27357.18696883775,24807.23109906951,29801.868585237098,International,daily
2025-08-16,26412.705502551093,23911.31050894573,28992.296573894866,International,daily
2025-08-17,25154.105743119533,22577.990306946147,27527.71448276216,International,daily
2025-08-18,25177.43969816562,22690.09759916118,27640.696794089246,International,daily
2025-08-19,25316.9197893311,22731.939866216013,27768.342328763207,International,daily
2025-08-20,25246.143788368903,22776.89915922593,27828.824776956335,International,daily
2025-08-21,25286.391268207182,22895.006715977506,27870.744941933342,International,daily
2025-08-22,25039.989648578146,22652.34727776159,27640.986961315888,International,daily
2025-08-23,24023.983901420135,21607.092325635942,26516.362562423936,International,daily
2025-08-24,22730.859610182542,20212.139847561168,25261.218705643634,International,daily
2025-08-25,22760.07184683167,20401.66153374221,25318.565787264622,International,daily
2025-08-26,22942.664419879453,20403.829737478158,25340.499298363142,International,daily
2025-08-27,22950.028184477804,20385.741660257107,25249.438545825753,International,daily
2025-08-28,23101.83543541306,20591.905032492145,25728.64152114743,International,daily
2025-08-29,22996.61710553991,20428.100266699017,25408.380334719222,International,daily
2025-08-30,22146.832247166127,19695.752742046643,24656.38646051985,International,daily
2025-08-31,21041.893633918662,18315.910651149457,23649.515105251634,International,daily
2025-09-01,21280.075040953154,18919.008296548145,23748.684647040496,International,daily
2025-09-02,21685.182696007323,19104.425171902672,24160.31867884049,International,daily
2025-09-03,21922.953455188504,19520.399438229233,24429.642730411924,International,daily
2025-09-04,22308.716651487684,19542.426082647442,24697.938607720298,International,daily
2025-09-05,22435.2524064289,20118.065567647,24996.976232949502,International,daily
2025-09-06,21809.309277709275,19413.026470794353,24268.328161533973,International,daily
2025-09-07,20916.957825040594,18343.69466992319,23558.564840488412,International,daily
2025-09-08,21355.878007993084,18940.012824616762,23839.12650514037,International,daily
2025-09-09,21944.060792457938,19477.37472787647,24472.50719984064,International,daily
2025-09-10,22343.801013568416,19961.636532335942,24727.551239676875,International,daily
2025-09-11,22869.01966928813,20237.532430274907,25485.634728835907,International,daily
2025-09-12,23110.316433179734,20718.275610608733,25745.14193781872,International,daily
2025-09-13,22572.831159466434,19938.95013614962,25052.05620894739,International,daily
2025-09-14,21743.80671413653,19274.042981492254,24033.901316526208,International,daily
2025-09-15,22225.126822432634,19692.443482211806,24786.64011537811,International,daily
2025-09-16,22833.910927992736,20375.713746912064,25218.76048605177,International,daily
2025-09-17,23233.961543844955,20891.216030609008,25906.40908134443,International,daily
2025-09-18,23742.607522975275,21365.488853788378,26323.99059110416,International,daily
2025-09-19,23952.81603264713,21632.0875526084,26411.43115285935,International,daily
2025-09-20,23372.27175664187,20935.777456089927,25814.90756233061,International,daily
2025-09-21,22493.035001677326,19866.40788726325,24722.587169392806,International,daily
2025-09-22,22924.231400990564,20417.420885720752,25285.419199633106,International,daily
2025-09-23,23484.45959584171,21031.958143140393,25726.883858452762,International,daily
2025-09-24,23840.633034628703,21230.064153381227,26352.70528267555,International,daily
2025-09-25,24314.306193641944,21795.6662804134,26751.089355221353,International,daily
2025-09-26,24500.830971419968,22083.736636917878,27214.257445502393,International,daily
2025-09-27,23909.661826229043,21508.6594504412,26474.87168848522,International,daily
2025-09-28,23036.14028511213,20370.26640494074,25620.95869408778,International,daily
2025-09-29,23494.389458710048,20871.42021553258,26016.050818390377,International,daily
2025-09-30,24101.607629204304,21390.418492598532,26569.929116693336,International,daily
2025-10-01,24524.395426458468,21884.09211935225,26986.701625138678,International,daily
2025-10-02,25084.6709738016,22686.935173301637,27526.152767240983,International,daily
2025-10-03,25375.988494056637,22865.736397753197,27651.876304359164,International,daily
2025-10-04,24905.195429781346,22421.920678606668,27408.989357876595,International,daily
2025-10-05,24166.473873036724,21560.214668850665,26893.41768187684,International,daily
2025-10-06,24774.57098462792,22224.745808918964,27303.568921760627,International,daily
2025-10-07,25541.10626841328,23082.48065003371,27982.625393609378,International,daily
2025-10-08,26128.504826808694,23782.664223751708,28530.482087969205,International,daily
2025-10-09,26855.611528440684,24382.151532292457,29296.855141177362,International,daily
2025-10-10,27311.268131727404,24822.649955731875,29807.650138461442,International,daily
2025-10-11,26997.40215393144,24508.97651024822,29303.594105775897,International,daily
2025-10-12,26405.38621743631,23829.536030451003,28831.290178144103,International,daily
2025-10-13,27149.64495213387,24574.324696512147,29638.159308940096,International,daily
2025-10-14,28035.99510217843,25429.275984483433,30404.119310616366,International,daily
2025-10-15,28723.182218251433,26156.076814206142,31228.698560413737,International,daily
2025-10-16,29528.169727211614,27042.195631817955,31999.941738831512,International,daily
2025-10-17,30036.929942674116,27439.285740900188,32495.496185283104,International,daily
2025-10-18,29748.901130924678,27182.905109423526,32233.374599061433,International,daily
2025-10-19,29155.584460930753,26586.005046086968,31696.33154294139,International,daily
2025-10-20,29874.432979113928,27225.454291712158,32246.18329640389,International,daily
2025-10-21,30709.11912074591,28214.27362138022,33270.72322896748,International,daily
2025-10-22,31318.561795891383,28794.42408272891,33636.37140062777,International,daily
2025-10-23,32021.773318579108,29531.576052974408,34537.51194231592,International,daily
2025-10-24,32405.746978901698,29768.42294752124,34827.4868454098,International,daily
2025-10-25,31971.168397932743,29575.986329925687,34335.00445943924,International,daily
2025-10-26,31213.143159855113,28823.59854005946,33715.58917033228,International,daily
2025-10-27,31755.27124902243,29295.132558101137,34221.908333115956,International,daily
2025-10-28,32401.758644421116,29827.16841231394,34937.80594791688,International,daily
2025-10-29,32813.86730237107,30258.02471703104,35218.216765121164,International,daily
2025-10-30,33314.27028778323,30781.964615799414,35961.589711683046,International,daily
2025-10-31,33492.00552042244,31032.022101844817,36071.29225930028,International,daily
2025-11-01,32849.43110234574,30525.231887619186,35388.2769915414,International,daily
2025-11-02,31885.0935323867,29406.853565102887,34355.629304546674,International,daily
2025-11-03,32228.017207904402,29641.662861126893,34617.05161275674,International,daily
2025-11-04,32681.70824845916,30091.069355318985,35288.167776421426,International,daily
2025-11-05,32908.09229827624,30533.032631558162,35396.43471212963,International,daily
2025-11-06,33231.4572404177,30660.815459813082,35760.061949019226,International,daily
2025-11-07,33240.5641573223,30848.839166015492,35608.5358035589,International,daily
2025-11-08,32436.94614133856,29959.57351096606,34806.70483912046,International,daily
2025-11-09,31320.02159461364,28800.977956991293,34000.31384759921,International,daily
2025-11-10,31521.704635584985,28938.479992282264,34117.33840579078,International,daily
2025-11-11,31842.40461333661,29312.95074897699,34344.46476470914,International,daily
2025-11-12,31942.549157294332,29498.99141175996,34418.362255359534,International,daily
2025-11-13,32146.202391976996,29749.713695197523,34701.143828803804,International,daily
2025-11-14,32040.408337646462,29554.666525718425,34407.692448883674,International,daily
2025-11-15,31124.89295603542,28546.12932112383,33590.312035375464,International,daily
2025-11-16,29899.46452645335,27427.893195645098,32448.796479665023,International,daily
2025-11-17,29998.96747291981,27334.668316914886,32558.57916913703,International,daily
2025-11-18,30221.27953256882,27686.805785858098,32707.494652546913,International,daily
2025-11-19,30226.401064705387,27795.6564872394,32764.812851895436,International,daily
2025-11-20,30339.709128462473,27788.99269415439,32928.01486530307,International,daily
2025-11-21,30148.474038060715,27601.370008411064,32595.309230175702,International,daily
2025-11-22,29152.8873899363,26638.725448358873,31728.535898481572,International,daily
2025-11-23,27855.656606609187,25408.130893762365,30461.827285658714,International,daily
2025-11-24,27897.196504385465,25331.557714069742,30310.76846036716,International,daily
2025-11-25,28075.50903313189,25614.705067228893,30606.69986399789,International,daily
2025-11-26,28052.718115175645,25564.87282806313,30714.110694530926,International,daily
2025-11-27,28157.837238344448,25421.265247110838,30587.556170969976,International,daily
2025-11-28,27980.33937894646,25263.710418083312,30370.095973113246,International,daily
2025-11-29,27022.397982662504,24572.954580664213,29749.59518241363,International,daily
2025-11-30,25790.573493364147,23453.029105282618,28244.29273954477,International,daily
2025-12-01,25931.155164855998,23511.261347435597,28368.696295132475,International,daily
2025-12-02,26241.85403330762,23673.625994789265,28708.31148833116,International,daily
2025-12-03,26385.735089655915,23972.682641631916,28961.160943318195,International,daily
2025-12-04,26693.47372852451,24205.897144546892,29049.156878274196,International,daily
2025-12-05,26753.979632990544,24163.029605144584,29296.75534079514,International,daily
2025-12-06,26067.87752772246,23372.24805397392,28501.989779764943,International,daily
2025-12-07,25141.338914176886,22617.318221123114,27556.143071456565,International,daily
2025-12-08,25621.65311329278,23118.83700676915,28187.46628351079,International,daily
2025-12-09,26300.836770647566,23905.219175562564,28871.133759928554,International,daily
2025-12-10,26837.088733622502,24212.695296680286,29354.245601738236,International,daily
2025-12-11,27556.679816979035,24978.245285614026,29980.697346483223,International,daily
2025-12-12,28041.790550845926,25436.08962793763,30507.565525953778,International,daily
2025-12-13,27785.40282641638,25198.638238313935,30260.433055805497,International,daily
2025-12-14,27287.45449464521,24867.459113177392,29722.62593862391,International,daily
2025-12-15,28190.81882015567,25839.654227355448,30395.840618765553,International,daily
2025-12-16,29277.00601791642,26823.125957034634,31818.52941876803,International,daily
2025-12-17,30195.307405901618,27545.25893406949,32732.791561862556,International,daily
2025-12-18,31264.470994259584,28631.89719105693,33752.652338346226,International,daily
2025-12-19,32057.886667321516,29627.5555441838,34503.843439483426,International,daily
2025-12-20,32059.998894817676,29453.382225245557,34528.148110957954,International,daily
2025-12-21,31764.867056631443,29430.138033092066,34358.15954867864,International,daily
2025-12-22,32812.60562102935,30051.13837891514,35033.68921351306,International,daily
2025-12-23,33977.19701865426,31596.369861607833,36410.59272413297,International,daily
2025-12-24,34903.309779275514,32218.05839252732,37410.89751857034,International,daily
2025-12-25,35907.70939726654,33300.87440771436,38323.95570766196,International,daily
2025-12-26,36561.70545499356,34169.5782585982,39095.58417996962,International,daily
2025-12-27,36348.96625197624,33874.38534299477,38766.841047472924,International,daily
2025-12-28,35766.33430649029,33313.22144129891,38288.24520538799,International,daily
2025-12-29,36460.54847924041,33985.115675864254,38712.66427924642,International,daily
2025-12-30,37207.96519521181,34655.73230979269,39887.20783460542,International,daily
2025-12-31,37658.82813467333,35203.320527952026,40066.74073346575,International,daily
2026-01-01,38138.17790744351,35620.00340191215,40763.24601078329,International,daily
2026-01-02,38225.316508866905,35714.575009773806,40706.26116276017,International,daily
2026-01-03,37412.77735337298,34953.36519384925,39930.375264172675,International,daily
2026-01-04,36209.15394511525,33628.105136712715,38798.79033789624,International,daily
2026-01-05,36275.872856645365,33821.04919441689,38745.22078607563,International,daily
2026-01-06,36398.6093627923,34017.00346432846,38862.26384087518,International,daily
2026-01-07,36238.81779527609,33727.495603690135,38682.432918442486,International,daily
2026-01-08,36133.97755800723,33666.30856428601,38586.259797067265,International,daily
2026-01-09,35673.94558315992,33149.49455754337,38212.74553801258,International,daily
2026-01-10,34360.989481522185,31789.4037693354,36725.60365005122,International,daily
2026-01-11,32714.57713033984,30201.148114701355,35039.08475789139,International,daily
2026-01-12,32408.190270502953,29790.703143946805,34811.27728379177,International,daily
2026-01-13,32232.46723415752,29857.141418907504,34824.244891221926,International,daily
2026-01-14,31854.069351571536,29424.493625669525,34507.58815289712,International,daily
2026-01-15,31615.380071351326,29174.634419749105,34213.1145530432,International,daily
2026-01-16,31107.901126802557,28684.3633050234,33528.12560397355,International,daily
2026-01-17,29833.53998740866,27424.829301167887,32320.591550366113,International,daily
2026-01-18,28311.582589293503,25854.19319698095,30956.68433694998,International,daily
2026-01-19,28215.795532912423,25536.278667575996,30711.35765008511,International,daily
2026-01-20,28329.56364029778,25834.616360468615,30925.653903843922,International,daily
2026-01-21,28312.373336701767,25802.736345962818,30824.963218214612,International,daily
2026-01-22,28499.25202340723,25817.5315420155,31090.165874065402,International,daily
2026-01-23,28471.49415296999,25843.01273206563,31029.12362569248,International,daily
2026-01-24,27719.481033420096,25197.741130340626,30434.63920382757,International,daily
2026-01-25,26752.09957462102,24176.507069327054,29463.08748880567,International,daily
2026-01-26,27234.374103680442,24774.93760988702,29839.312242795168,International,daily
2026-01-27,27934.81176719106,25492.30624834301,30487.71196475618,International,daily
2026-01-28,28499.682452083347,25969.727317992165,30960.900508631225,International,daily
2026-01-29,29252.339918875245,26555.679087105455,31623.074066077905,International,daily
2026-01-30,29761.377599495874,27398.864043987356,32338.009462383096,International,daily
2026-01-31,29505.03630287237,27079.159160767074,32017.39695791107,International,daily
2026-02-01,28983.078827444402,26353.36115459027,31588.782500906997,International,daily
2026-02-02,29854.915290013883,27532.37157097587,32407.76298780097,International,daily
2026-02-03,30879.075243888015,28353.191785254337,33478.66963557317,International,daily
2026-02-04,31695.160077256038,29345.46692625176,34181.68564158415,International,daily
2026-02-05,32622.882112401712,29983.541801413856,34958.11366691008,International,daily
2026-02-06,33227.450821914426,30735.815934191636,35719.186627834744,International,daily
2026-02-07,32985.33875598544,30540.79122671934,35419.26912207344,International,daily
2026-02-08,32398.357874566107,29883.74730743639,34854.215867064886,International,daily
2026-02-09,33132.00630230104,30799.493718561076,35536.51537980617,International,daily
2026-02-10,33946.78410359383,31330.57047771187,36538.42406678721,International,daily
2026-02-11,34487.53135502801,31900.406755338237,37083.74917354247,International,daily
2026-02-12,35081.90195515928,32718.307098874342,37597.42429464861,International,daily
2026-02-13,35302.70771656301,32808.09421245842,37825.12564729828,International,daily
2026-02-14,34634.78753202745,32238.192697319104,37138.15259971718,International,daily
2026-02-15,33591.05435203408,31138.850318604695,36185.67926438898,International,daily
2026-02-16,33850.861883720914,31327.867212793222,36293.464160088886,International,daily
2026-02-17,34182.99700415126,31850.3777248909,36647.4293025334,International,daily
2026-02-18,34242.274883871076,31893.964537676053,36609.32727316348,International,daily
2026-02-19,34367.36017501469,31873.217634933822,37106.446393589715,International,daily
2026-02-20,34140.02472333563,31739.21625286867,36654.729185828255,International,daily
2026-02-21,33053.11943037424,30481.7802367613,35413.41489801777,International,daily
2026-02-22,31628.634524182533,29103.243137347337,34135.586766988126,International,daily
2026-02-23,31556.170383202072,29104.5520073757,34140.14243555866,International,daily
2026-02-24,31607.72956059574,28975.35926981699,34092.17126674974,International,daily
2026-02-25,31441.7269829694,28883.377910863972,34047.52905810167,International,daily
2026-02-26,31400.346959849205,29094.738849613437,33861.736300135184,International,daily
2026-02-27,31065.927987732437,28726.18639435618,33523.549537794344,International,daily
2026-02-28,29930.26981383641,27525.103272965094,32448.922037118027,International,daily
2026-03-01,28514.95210686104,25973.20551818281,31025.764012083167,International,daily
2026-03-02,28510.16042317597,25874.219055645517,30977.18863137312,International,daily
2026-03-03,28681.528006676366,25954.490843168398,31118.37959559889,International,daily
2026-03-04,28681.803722482004,26160.015493779978,31177.85985436523,International,daily
2026-03-05,28847.97368426354,26365.05614092455,31318.277871653743,International,daily
2026-03-06,28754.98218872611,26047.522930927153,31191.905255776997,International,daily
2026-03-07,27886.55798748131,25280.302175001794,30366.37050313298,International,daily
2026-03-08,26757.945817855736,24308.654054211773,29097.642339479244,International,daily
2026-03-09,27055.20878546398,24707.644849684068,29721.568893929933,International,daily
2026-03-10,27534.2053540636,24951.339665129206,30035.21387796874,International,daily
2026-03-11,27839.962924002324,25196.487444796883,30326.408447154477,International,daily
2026-03-12,28303.573899669365,25883.215039473416,30699.49262646501,International,daily
2026-03-13,28493.224971853127,25912.198530948597,30921.728505249444,International,daily
2026-03-14,27886.478732388878,25319.65749796964,30286.736661196177,International,daily
2026-03-15,26995.320622793995,24566.96182469242,29628.20659074132,International,daily
2026-03-16,27505.810121598406,25029.824095450334,29935.237856240772,International,daily
2026-03-17,28169.039344848796,25789.967937973983,30755.470778646202,International,daily
2026-03-18,28628.037590243035,26289.141390706533,31203.865598596603,International,daily
2026-03-19,29214.251453659654,26654.09478731823,31709.32406412359,International,daily
2026-03-20,29495.682105154934,26854.140026260684,32033.122668968364,International,daily
2026-03-21,28950.41787062513,26488.353203477993,31385.136828574658,International,daily
2026-03-22,28093.794164008334,25571.713115565955,30547.53166650763,International,daily
2026-03-23,28618.198800407798,26108.945832004923,31114.049622742536,International,daily
2026-03-24,29275.830783950125,26847.903678359602,31857.444325658904,International,daily
2026-03-25,29712.97268260089,27324.198732537996,32204.40709900702,International,daily
2026-03-26,30265.914373497573,27647.44570091781,32859.5397745879,International,daily
2026-03-27,30506.084307063265,27865.231180893796,33014.6087474115,International,daily
2026-03-28,29914.74834049794,27383.39842773745,32304.786995411312,International,daily
2026-03-29,29012.229206767635,26461.704583483464,31512.28909275024,International,daily
2026-03-30,29497.84480903314,26833.620591771774,31882.296096990183,International,daily
2026-03-31,30124.47842453242,27665.697495768258,32753.585999163875,International,daily
2026-04-01,30540.261628964206,27978.371083289498,33051.08543998633,International,daily
2026-04-02,31084.014079828055,28537.855651816648,33521.63798104666,International,daily
2026-04-03,31327.468214178592,28869.38718708648,33817.159752480184,International,daily
2026-04-04,30751.257395158296,28063.15816472203,33055.090879462914,International,daily
2026-04-05,29876.337515975316,27053.584408133058,32327.057477697883,International,daily
2026-04-06,30404.215801041893,27907.61819887312,33099.71041887946,International,daily
2026-04-07,31083.499878810646,28494.885547828006,33492.29258145465,International,daily
2026-04-08,31559.163397862045,29070.378484867757,34093.081053695874,International,daily
2026-04-09,32167.673359628818,29859.16717820409,34563.46421271171,International,daily
2026-04-10,32476.47388667692,30002.306619702325,34968.925965577575,International,daily
2026-04-11,31961.41843132461,29427.908230000405,34403.81632758314,International,daily
2026-04-12,31140.532739234073,28613.48048319027,33750.31648322019,International,daily
2026-04-13,31714.653731315477,29206.87565214808,34234.710029936745,International,daily
2026-04-14,32426.053871048865,29874.97072776245,34979.895858611024,International,daily
2026-04-15,32915.35997794044,30477.16317488327,35465.768464544955,International,daily
2026-04-16,33516.41072645595,31018.979438248156,36082.66930744319,International,daily
2026-04-17,33793.01309831936,31065.50160421748,36332.7947891989,International,daily
2026-04-18,33217.80302940181,30682.908596986657,35772.281701577915,International,daily
2026-04-19,32308.30551844,29830.97754280171,34871.4756291946,International,daily
2026-04-20,32767.91228576366,30368.092243443767,35293.68963008324,International,daily
2026-04-21,33336.48534664162,30813.37281932046,36032.45145719334,International,daily
2026-04-22,33654.81118309757,31172.689336085983,36122.8556768463,International,daily
2026-04-23,34059.0524875968,31539.194696755992,36588.61672888781,International,daily
2026-04-24,34114.62748362484,31604.644885509875,36581.30493295784,International,daily
2026-04-25,33296.33988156975,30698.640475950215,35879.6741086037,International,daily
2026-04-26,32126.572523877323,29671.522839569563,34724.56816827813,International,daily
2026-04-27,32316.44067495213,29978.142163941186,34676.930803023606,International,daily
2026-04-28,32608.217020943186,30097.356702590194,34951.109621280666,International,daily
2026-04-29,32647.173504781877,30249.286039784896,35044.248814184895,International,daily
2026-04-30,32775.49409835554,30393.759982217398,35338.30814076815,International,daily
2026-05-01,32563.162196376077,30023.84397598399,35051.73644828177,International,daily
2026-05-02,31489.266883164935,29019.233571306926,34066.780462025796,International,daily
2026-05-03,30082.261625416097,27672.529914092345,32635.010128703238,International,daily
2026-05-04,30061.251186223857,27590.656322609342,32557.71386005469,International,daily
2026-05-05,30170.22370423208,27578.75771334949,32775.67967408217,International,daily
2026-05-06,30057.29385897421,27621.20736898877,32433.755271342103,International,daily
2026-05-07,30068.117876572065,27806.334657378942,32656.185001513706,International,daily
2026-05-08,29773.85645264917,27187.14462382921,32212.791160468296,International,daily
2026-05-09,28653.748980854634,26112.770437629715,31077.007924119032,International,daily
2026-05-10,27237.550380472712,24764.726364452956,29772.80384984197,International,daily
2026-05-11,27247.082782013465,24752.3085648102,29777.51497761818,International,daily
2026-05-12,27422.420003586627,24751.422987848,30120.348195775496,International,daily
2026-05-13,27408.687248782753,24946.644462580756,29894.469184729118,International,daily
2026-05-14,27549.138879973,24979.45767233211,30095.01674595976,International,daily
2026-05-15,27410.358052709584,24906.369372200283,29876.795515393354,International,daily
2026-05-16,26466.256061922453,23919.81464138143,29222.361595847855,International,daily
2026-05-17,25242.83590517545,22750.765002723685,27816.804686980082,International,daily
2026-05-18,25460.14453625246,22950.625191380146,27862.19129543755,International,daily
2026-05-19,25850.528884350686,23273.20344135569,28266.23705336112,International,daily
2026-05-20,26053.0912465123,23501.519956965403,28691.037942386047,International,daily
2026-05-21,26406.50628306614,23844.505463595873,28916.53066653616,International,daily
2026-05-22,26471.50907147661,23922.712907005476,28994.891253520334,International,daily
2026-05-23,25716.34523288849,23195.150284122054,28249.644056278015,International,daily
2026-05-24,24663.8603231558,22096.460056512315,27173.23659129466,International,daily
2026-05-25,25033.825433893537,22443.77081283223,27491.8502719912,International,daily
2026-05-26,25553.212248908672,23064.860196993413,28164.070391969708,International,daily
2026-05-27,25858.228101669603,23325.10103863639,28274.78711025989,International,daily
2026-05-28,26286.77507584964,23675.282764007636,28732.7550356213,International,daily
2026-05-29,26398.11130862328,23774.234783860793,28909.392764637956,International,daily
2026-05-30,25659.622211970014,23014.420199869328,28060.497486962984,International,daily
2026-05-31,24596.09542166785,22041.950247525743,27138.0843946626,International,daily
2026-06-01,24932.27309667091,22268.76630167745,27404.130198710365,International,daily
2026-06-02,25394.99733553668,22809.843744473943,27913.67564699846,International,daily
2026-06-03,25622.678559962304,23154.037543495764,28017.18817925821,International,daily
2026-06-04,25957.25697112425,23455.01253388297,28264.580249723476,International,daily
2026-06-05,25960.907952916812,23379.240945092984,28583.757756158153,International,daily
2026-06-06,25104.019489737355,22550.468316223,27440.32906604127,International,daily
2026-06-07,23916.555212522377,21385.908688978663,26660.71871269358,International,daily
2026-06-08,24130.75600277275,21559.001087738332,26633.84744846094,International,daily
2026-06-09,24475.10044188058,22034.83708655801,26891.674187193956,International,daily
2026-06-10,24591.174574935085,22158.4550296154,27154.61488459424,International,daily
2026-06-11,24825.12775479202,22227.0001998376,27325.76999403661,International,daily
2026-06-12,24741.438022199603,22088.109958358098,27253.984858340653,International,daily
2026-06-13,23812.13459031178,21174.662286274037,26298.274377361333,International,daily
2026-06-14,22570.309313741174,20029.131511350683,24971.0307326166,International,daily
2026-06-15,22753.04720813251,20269.953097758218,25228.609836865915,International,daily
2026-06-16,23087.298096330545,20451.39086752858,25484.529553554235,International,daily
2026-06-17,23214.257264812153,20469.88595519536,25839.30224767399,International,daily
2026-06-18,23480.434981443897,20949.631779612075,26142.06866418555,International,daily
2026-06-19,23448.607079411708,20854.172468582823,25931.421835533565,International,daily
2026-06-20,22588.40970639415,20046.34533534339,25055.809129215326,International,daily
2026-06-21,21432.124401158468,18952.016984327045,23994.236455134476,International,daily
2026-06-22,21717.95682430675,19452.909614152326,24305.92640458591,International,daily
2026-06-23,22167.929359768103,19864.965516972105,24669.82208261073,International,daily
2026-06-24,22419.869575967234,19739.16378024679,25075.342994650284,International,daily
2026-06-25,22818.174612010396,20330.1875149076,25239.60280059513,International,daily
2026-06-26,22922.01009649419,20500.256826566754,25537.10808841217,International,daily
2026-06-27,22197.320475955115,19631.253636588066,24658.034226808108,International,daily
2026-06-28,21174.910088589775,18566.015824637685,23434.220701916158,International,daily
2026-06-29,21594.07113621652,18968.572863300607,23996.325565290954,International,daily
2026-06-30,22172.477160939805,19832.321963731985,24745.262583250875,International,daily
2026-07-01,22545.739041136134,20092.930415063445,25118.40227051056,International,daily
2026-07-02,23057.80534561614,20393.74902938916,25426.672041556965,International,daily
2026-07-03,23266.334201411646,20804.339479544036,25714.479542490513,International,daily
2026-07-04,22636.029990639945,20197.158977111892,25242.64563334618,International,daily
2026-07-05,21698.92047481897,19292.485958755624,24193.49411178009,International,daily
2026-07-06,22198.226744618416,19709.342045248537,24620.42156751269,International,daily
2026-07-07,22850.146629966075,20389.750737092294,25433.85054147923,International,daily
2026-07-08,23290.867353073892,21046.93199994112,25737.30083667273,International,daily
2026-07-09,23866.49476388013,21259.81916297774,26399.405560445688,International,daily
2026-07-10,24135.49845451859,21754.108263133334,26865.855633314364,International,daily
2026-07-11,23563.285852371995,20906.60761609332,26052.85684244629,International,daily
2026-07-12,22684.600144814383,20149.054887693364,25288.14940573408,International,daily
2026-07-13,23247.573221971645,20849.519661285907,25897.17584417197,International,daily
2026-07-14,23967.35831446433,21541.81930696897,26446.19491214491,International,daily
2026-07-15,24480.578296910986,21878.016713349272,26906.105317337293,International,daily
2026-07-16,25134.783277787366,22716.167458337964,27718.967270655714,International,daily
2026-07-17,25487.98902907359,22989.840996698957,28071.278937795723,International,daily
2026-07-18,25004.528585030515,22441.431224140233,27578.57112385515,International,daily
2026-07-19,24219.629909703264,21668.152238233735,27007.216302892313,International,daily
2026-07-20,24883.72778229121,22394.306034734956,27276.335458801826,International,daily
2026-07-21,25708.036232591872,23178.23470671017,28212.780325398013,International,daily
2026-07-22,26326.534810636305,23770.17976508743,28807.934170815955,International,daily
2026-07-23,27085.06531859762,24631.596816746525,29498.444725396654,International,daily
2026-07-24,27538.07924432267,24845.83701942932,30080.820095150833,International,daily
2026-07-25,27145.883698675658,24785.56145848471,29584.391247923562,International,daily
2026-07-26,26441.51297715559,23965.80819836393,28975.289161801753,International,daily
2026-07-27,27175.40708339431,24561.01051825855,29789.446949268386,International,daily
2026-07-28,28053.021597712886,25482.69471315294,30628.293702247793,International,daily
2026-07-29,28704.43616787949,26261.12025591021,31289.275595308696,International,daily
2026-07-30,29473.15832721473,26893.579041322344,31874.246204486604,International,daily
2026-07-31,29910.129118600504,27161.910636803896,32446.684110984672,International,daily
2026-08-01,29472.391916231783,26840.80666773866,32133.706658785446,International,daily
2026-08-02,28692.264529330598,25930.420063117333,31331.457880161503,International,daily
2026-08-03,29322.36852640754,26784.149762348938,31796.080229776864,International,daily
2026-08-04,30065.23831979306,27615.809373005482,32429.530654415175,International,daily
2026-08-05,30550.492081101078,27904.227353251525,32898.01067379651,International,daily
2026-08-06,31123.262746461438,28399.47823325284,33605.538527819815,International,daily
2026-08-07,31335.363941526568,28787.358559131415,33857.34627771017,International,daily
2026-08-08,30645.268496483997,28021.73544220797,33141.697738907904,International,daily
2026-08-09,29589.455786410534,27157.675701329194,32001.07431244987,International,daily
2026-08-10,29927.658029455586,27415.228797650623,32561.0942271992,International,daily
2026-08-11,30364.33013151559,27757.174488089262,32892.67473984172,International,daily
2026-08-12,30533.24401792065,28106.302363625284,32852.83606038588,International,daily
2026-08-13,30785.411402486545,28120.924495010775,33303.543371424494,International,daily
2026-08-14,30677.28225093599,28113.645123363523,33023.464274002494,International,daily
2026-08-15,29671.916776464423,27166.255200649368,32258.85278424274,International,daily
2026-08-16,28312.40693897382,25716.79229115946,30718.64557135475,International,daily
2026-08-17,28367.256944902834,25873.367612119084,30880.035387401935,International,daily
2026-08-18,28543.65204375092,25970.351272342283,31169.3156624332,International,daily
2026-08-19,28479.43749462178,25842.13697187505,31034.39870946057,International,daily
2026-08-20,28530.518746568374,26147.750317125647,30856.9111380813,International,daily
2026-08-21,28256.103211336867,25707.45009413054,30943.595136105752,International,daily
2026-08-22,27121.101595806853,24648.21032888096,29764.86669614011,International,daily
2026-08-23,25671.683727495812,22989.79098745509,28149.20535086679,International,daily
2026-08-24,25680.87624276357,23157.003428004806,28101.713505787728,International,daily
2026-08-25,25853.73397132478,23223.890013364413,28284.1231085754,International,daily
2026-08-26,25826.825036042348,23440.99257839929,28167.064234506623,International,daily
2026-08-27,25955.244479329216,23324.027335750532,28525.816160197344,International,daily
2026-08-28,25795.046147064673,23260.04263598156,28295.45675200874,International,daily
2026-08-29,24807.026823141827,22233.56115435249,27086.033472631538,International,daily
2026-08-30,23534.572190634884,21122.0805316839,26073.533707475744,International,daily
2026-08-31,23749.625453360117,21223.210308781374,26513.28253712555,International,daily
2026-09-01,24149.908619850772,21817.43478271959,26729.924136839236,International,daily
2026-09-02,24366.05041332415,21761.32017421497,26904.4427409468,International,daily
2026-09-03,24748.335476983,22229.49439704375,27327.67820969315,International,daily
2026-09-04,24846.43045549585,22209.689830761552,27303.47510808065,International,daily
2026-09-05,24114.633979904287,21437.293517482114,26640.835943553568,International,daily
2026-09-06,23092.072382824445,20660.206954178142,25653.62686886191,International,daily
2026-09-07,23549.073720848,21058.726586997014,26007.686849655398,International,daily
2026-09-08,24176.447276816492,21520.709640665475,26651.042726522133,International,daily
2026-09-09,24600.23620527775,22020.39710599823,27147.22993990359,International,daily
2026-09-10,25168.1583654768,22609.232995558872,27651.244747152316,International,daily
2026-09-11,25426.558036877068,22909.28709391256,27990.712101104662,International,daily
2026-09-12,24827.030554138084,22242.5636424984,27342.8229369259,International,daily
2026-09-13,23908.856568463852,21289.689374776437,26476.27123980239,International,daily
2026-09-14,24445.653462018912,21881.117146657107,27165.110628976166,International,daily
2026-09-15,25126.57194866759,22580.72325497499,27752.406393034544,International,daily
2026-09-16,25578.523289463832,22985.865078152507,28213.146375807257,International,daily
2026-09-17,26152.15686394818,23697.62216174798,28656.928799726404,International,daily
2026-09-18,26395.88235731747,23704.730236384457,28737.529055652845,International,daily
2026-09-19,25763.718059913277,23266.1942006047,28138.353005660625,International,daily
2026-09-20,24799.82118401889,22364.09555478023,27261.24139017664,International,daily
2026-09-21,25285.28673402852,22759.31808827733,27799.678601332587,International,daily
2026-09-22,25911.147506140125,23225.38915424989,28278.722027041553,International,daily
2026-09-23,26307.98160854605,23809.78970305478,28856.924548074934,International,daily
2026-09-24,26831.35455896332,24346.634593846065,29486.121223409133,International,daily
2026-09-25,27032.86374995497,24408.5952708066,29571.631540196617,International,daily
2026-09-26,26369.1874925541,23808.608732940353,28938.130669077982,International,daily
2026-09-27,25388.714250274174,22722.820775598426,27867.512544206496,International,daily
2026-09-28,25878.51735909605,23249.289642047366,28338.286176728103,International,daily
2026-09-29,26529.21135361255,23998.602353712522,28978.981318458435,International,daily
2026-09-30,26972.015536743627,24437.278389149287,29594.63609172345,International,daily
2026-10-01,27563.756785681886,24881.588875030502,30021.668700509126,International,daily
2026-10-02,27855.049943967002,25342.626126352643,30335.44938712511,International,daily
2026-10-03,27300.675253172863,24655.299147333833,29802.05958061444,International,daily
2026-10-04,26448.44427702475,23981.079548061054,29021.882165783376,International,daily
2026-10-05,27086.494229136308,24407.914468811487,29480.65633209618,International,daily
2026-10-06,27900.146071241124,25198.259499047144,30440.259849323353,International,daily
2026-10-07,28516.56694543343,25910.131118574398,30974.754775844947,International,daily
2026-10-08,29289.469654549637,26513.277034706018,31796.07424768007,International,daily
2026-10-09,29764.554118610697,27147.878101225477,32449.800861436343,International,daily
2026-10-10,29391.323873805617,26788.92250489364,32026.416117330627,International,daily
2026-10-11,28714.281737738453,26237.33683703503,31461.748765658802,International,daily
2026-10-12,29520.61655117967,27055.35726350194,32094.27499358374,International,daily
2026-10-13,30489.11362459597,27942.399199087733,32994.88489316376,International,daily
2026-10-14,31242.443081418754,28420.671356333773,33697.11244440315,International,daily
2026-10-15,32131.55896120253,29538.61427395378,34644.37868423789,International,daily
2026-10-16,32698.380755018905,30119.137794917035,35211.2964502315,International,daily
2026-10-17,32389.0049497824,29805.861323891466,35081.27172518217,International,daily
2026-10-18,31747.164973492538,29187.80378588835,34266.58995291887,International,daily
2026-10-19,32562.22569619178,29958.947949925958,35264.58257887847,International,daily
2026-10-20,33510.04519787614,30666.440295683857,36181.22231915801,International,daily
2026-10-21,34212.774932269014,31493.6015847977,36754.45640992839,International,daily
2026-10-22,35022.83498928566,32452.32123863406,37685.638427557526,International,daily
2026-10-23,35482.706829993585,32814.62687362952,38121.82850331317,International,daily
2026-10-24,35039.40968015739,32466.197227465418,37654.72357898318,International,daily
2026-10-25,34240.09735533412,31690.34440911056,36993.421024679184,International,daily
2026-10-26,34880.23991441759,32356.770490539086,37411.713031063475,International,daily
2026-10-27,35636.32669291404,33219.20472767726,38200.82726781356,International,daily
2026-10-28,36133.0821806906,33363.05778643922,38917.70173358335,International,daily
2026-10-29,36726.93822081671,34135.554759472354,39380.14357845195,International,daily
2026-10-30,36962.87798200864,34482.911524918374,39709.071620115865,International,daily
2026-10-31,36290.13824564607,33544.73539727049,38876.16901334874,International,daily
2026-11-01,35259.92622016559,32488.929593979257,37975.9268330924,International,daily
2026-11-02,35673.79386025652,33177.42872189,38290.86957172066,International,daily
2026-11-03,36208.209689412855,33592.46764028326,38950.46400111907,International,daily
2026-11-04,36489.23881417977,33617.108134641014,39083.59583831726,International,daily
2026-11-05,36875.57958394042,34101.33571842474,39568.35389772029,International,daily
2026-11-06,36912.54300245743,34218.02740588736,39458.362575626576,International,daily
2026-11-07,36049.07881080414,33228.899721396665,38906.41315916071,International,daily
2026-11-08,34837.720460548226,32383.145837593263,37498.23329382755,International,daily
2026-11-09,35083.266753729215,32529.022102056097,37821.81499811706,International,daily
2026-11-10,35459.33958651153,32848.50495642589,38075.39280559299,International,daily
2026-11-11,35590.6436016694,32838.46379860521,38149.58193104119,International,daily
2026-11-12,35835.677108213895,33302.647055956106,38525.20639663346,International,daily
2026-11-13,35737.94712261512,33097.788356039244,38409.24214097599,International,daily
2026-11-14,34744.40621955068,32103.03934349053,37514.982016521346,International,daily
2026-11-15,33407.696222098995,30712.09325490876,35955.13162118757,International,daily
2026-11-16,33535.188634851125,31257.852937570708,35996.93469735669,International,daily
2026-11-17,33797.55863856765,31266.612647385835,36384.18951491236,International,daily
2026-11-18,33818.63220024784,31121.536811198344,36430.82563389938,International,daily
2026-11-19,33957.7559349649,31369.534176438803,36465.95758524893,International,daily
2026-11-20,33758.20946676112,31313.02748258714,36306.34035502723,International,daily
2026-11-21,32666.99266614551,30232.357192592124,35351.124356895954,International,daily
2026-11-22,31239.287284392816,28559.835500098463,33916.357150309195,International,daily
2026-11-23,31287.757409245154,28559.202334645164,33802.42230040109,International,daily
2026-11-24,31483.025985499353,28856.26486162741,34121.62940935824,International,daily
2026-11-25,31450.984307749768,29012.02165553193,34308.63498575781,International,daily
2026-11-26,31554.688460038447,28980.085275450845,34264.55891102342,International,daily
2026-11-27,31339.83373626362,28575.5133825627,33827.45049630247,International,daily
2026-11-28,30255.75870181384,27842.517422595927,33012.23503796718,International,daily
2026-11-29,28861.99755726438,26202.861275283623,31343.100334372823,International,daily
2026-11-30,28977.72431078768,26442.72372437247,31665.2871377795,International,daily
2026-12-01,29274.030753354076,26583.04400648129,31854.835176722376,International,daily
2026-12-02,29378.616446758522,26803.09825270103,31784.7411941679,International,daily
2026-12-03,29657.152478773864,26841.942337900386,32210.91000260893,International,daily
2026-12-04,29655.784120693937,27064.20614741287,32210.05347652784,International,daily
2026-12-05,28823.34541761761,26162.392361769387,31196.370102198784,International,daily
2026-12-06,27720.024791634984,25148.861209719013,30024.620612664447,International,daily
2026-12-07,28167.00465944715,25564.27996462761,30675.092105751653,International,daily
2026-12-08,28830.62132383645,26214.91835161956,31510.991286060307,International,daily
2026-12-09,29334.543263025444,26781.68581304697,31887.53238918993,International,daily
2026-12-10,30040.735081019644,27337.89494868027,32705.10493263824,International,daily
2026-12-11,30489.14325147511,27891.96067046708,33128.17058147779,International,daily
2026-12-12,30121.294192368103,27648.628212636828,32751.401852144565,International,daily
2026-12-13,29491.2596474655,26757.110719162854,32057.889871832867,International,daily
2026-12-14,30415.686807296835,27820.520710436,32914.584033702755,International,daily
2026-12-15,31550.038228347774,28863.520355993394,34359.50768870179,International,daily
2026-12-16,32508.45387318101,29873.33470849763,35222.046266744175,International,daily
2026-12-17,33644.502241287555,31113.5697754395,36216.68850625147,International,daily
2026-12-18,34488.22200023116,31713.760533180215,37224.56931727488,International,daily
2026-12-19,34471.25669163818,31779.112137231336,36944.229198987974,International,daily
2026-12-20,34140.24832982383,31511.336629492016,36841.44813331091,International,daily
2026-12-21,35307.35727373636,32696.90226778352,38026.185752943034,International,daily
2026-12-22,36618.64846007241,33986.95708924943,39229.48362603888,International,daily
2026-12-23,37681.66758502621,35034.20122464538,40468.78053337933,International,daily
2026-12-24,38845.97191562759,36129.76534793034,41510.15439853876,International,daily
2026-12-25,39637.48143619866,36745.125180915325,42290.02380414398,International,daily
2026-12-26,39485.06502417951,36521.20860978528,42334.09355859791,International,daily
2026-12-27,38936.239479750766,36169.404384748836,41771.65517138234,International,daily
2026-12-28,39808.020974175146,36818.985394503296,42555.36669922341,International,daily
2026-12-29,40747.2672990094,37901.78923325562,43750.68706690804,International,daily
2026-12-30,41365.74999161087,38528.43880394529,44252.80034487061,International,daily
2026-12-31,42020.22380949407,39285.52135806959,44742.845347475944,International,daily
2022-01-03,11665.663853622344,9657.092738686095,13592.76919146704,International,weekly
2022-01-10,11715.759680778256,9753.857209392714,13528.38694862235,International,weekly
2022-01-17,11728.385247231416,9661.224115652994,13850.49971084528,International,weekly
2022-01-24,11780.844314373795,9753.894146777775,13746.199318247736,International,weekly
2022-01-31,11909.874439400543,10040.285327343276,13934.095989965317,International,weekly
2022-02-07,12103.783598656446,10084.325943753829,14083.797887999628,International,weekly
2022-02-14,12323.434440625702,10381.105736145468,14288.509657480701,International,weekly
2022-02-21,12536.223190547047,10531.888474554977,14651.257071687854,International,weekly
2022-02-28,12740.882643506251,10849.024607772972,14806.196059120957,International,weekly
2022-03-07,12967.312277841316,10845.230792334893,14998.434189014584,International,weekly
2022-03-14,13250.903837234617,11235.661184581144,15324.20324027481,International,weekly
2022-03-21,13596.43508585416,11736.001937249224,15584.695494410833,International,weekly
2022-03-28,13212.59866295513,11245.749681246643,15111.666468027855,International,weekly
2022-04-04,11605.55938298942,9556.13050432817,13598.982634996246,International,weekly
2022-04-11,11647.796143648016,9588.05122073545,13714.78241690533,International,weekly
2022-04-18,11406.013282113003,9604.436208489746,13365.467408770864,International,weekly
2022-04-25,10725.397465778275,8635.72941340047,12599.15306647884,International,weekly
2022-05-02,12618.228287916254,10650.549283180775,14582.909170456134,International,weekly
2022-05-09,12056.779499596332,10016.806489630559,13969.777631375555,International,weekly
2022-05-16,11334.762372196827,9310.512135352883,13365.886237407916,International,weekly
2022-05-23,10770.417920483176,8833.912418657132,12832.91167007522,International,weekly
2022-05-30,10382.912928239617,8336.352537306537,12343.192975343718,International,weekly
2022-06-06,10134.95126205396,8081.963012309868,12085.091782608337,International,weekly
2022-06-13,9977.672690813219,7960.13100417412,11906.335360771769,International,weekly
2022-06-20,9898.670753602986,8021.021314605832,11866.708311210978,International,weekly
2022-06-27,9943.622510363311,7950.970863501955,11955.380323139276,International,weekly
2022-07-04,10924.095069008175,8987.123514994933,12827.425694807413,International,weekly
2022-07-11,10899.91510112664,9053.253639202629,12794.478393400728,International,weekly
2022-07-18,11486.527218524594,9447.299613843592,13519.380939205603,International,weekly
2022-07-25,12369.45702888772,10378.34590927073,14419.11750807793,International,weekly
2022-08-01,13135.73434661861,11150.54811509448,15159.627315454494,International,weekly
2022-08-08,13542.906022143034,11522.17147007068,15507.175172685724,International,weekly
2022-08-15,13441.28200239966,11576.568608823412,15497.38262643659,International,weekly
2022-08-22,12858.43737445028,10966.658405889855,14793.787836440495,International,weekly
2022-08-29,12018.615098847113,9920.300340905715,14063.21934036526,International,weekly
2022-09-05,11279.103847009543,9230.847506805403,13200.769645670858,International,weekly
2022-09-12,11002.449358121146,9036.048363457217,13035.82229880507,International,weekly
2022-09-19,11414.326681272749,9567.02765020369,13509.038393210762,International,weekly
2022-09-26,12507.033597355237,10470.926607525982,14369.138739452821,International,weekly
2022-10-03,14031.987554978892,12090.330325082352,15960.080163107035,International,weekly
2022-10-10,15587.77227376627,13666.551740825016,17680.680467428898,International,weekly
2022-10-17,16769.33092939847,14794.872597091009,18716.512331905968,International,weekly
2022-10-24,17317.318309730355,15430.508306214935,19155.03786554612,International,weekly
2022-10-31,16777.533846837083,14804.40298944792,18734.732036869213,International,weekly
2022-11-07,16639.545795646536,14664.635877502375,18589.3366429774,International,weekly
2022-11-14,18144.529175502466,16231.79658518188,20099.272468490704,International,weekly
2022-11-21,15468.32056810539,13490.285175896915,17490.44845684115,International,weekly
2022-11-28,14276.876857479861,12425.641645307212,16386.398936613386,International,weekly
2022-12-05,15722.46071428398,13680.813057649126,17613.532225415893,International,weekly
2022-12-12,16316.328853916568,14334.837211598879,18278.73564790414,International,weekly
2022-12-19,16945.988636498245,14907.187294394955,18951.25411375776,International,weekly
2022-12-26,23030.825778462033,21097.971231982447,24992.191470743535,International,weekly
2023-01-02,17658.32647730585,15787.027664997102,19673.43117634479,International,weekly
2023-01-09,17698.815938532858,15743.92204639975,19643.663971693764,International,weekly
2023-01-16,17659.865469188728,15547.191136996302,19601.321648411467,International,weekly
2023-01-23,17664.351189181616,15735.800932425114,19651.754602091518,International,weekly
2023-01-30,17779.920014087886,15876.93442523187,19808.988122147057,International,weekly
2023-02-06,17999.71282512713,16110.756056573151,19987.220669138213,International,weekly
2023-02-13,18268.267631544182,16379.080108221351,20191.96868418001,International,weekly
2023-02-20,18531.583936865198,16581.21519488624,20480.77579333852,International,weekly
2023-02-27,18778.201488769544,16661.324402158745,20804.107995863076,International,weekly
2023-03-06,19046.192342442995,17029.591946533794,21090.13204430301,International,weekly
2023-03-13,19389.815496486084,17428.00458308013,21450.126914109882,International,weekly
2023-03-20,17677.41158637711,15755.884309885956,19547.949222430263,International,weekly
2023-03-27,16514.404006535875,14653.636526308062,18453.398146533837,International,weekly
2023-04-03,16862.4151216724,14939.771630023568,18691.26027784205,International,weekly
2023-04-10,16941.170382501048,14896.979899334616,18974.99847715441,International,weekly
2023-04-17,17842.794996168213,15840.49334069478,19679.76353660732,International,weekly
2023-04-24,19756.442379711985,17838.976112572047,21746.65195593655,International,weekly
2023-05-01,18712.87298819627,16690.13020747428,20894.082362033852,International,weekly
2023-05-08,17533.39566631263,15590.321211571018,19475.400482607154,International,weekly
2023-05-15,16423.74942912062,14466.267492804083,18569.326348874394,International,weekly
2023-05-22,15529.773605040957,13576.029929409058,17565.738919185456,International,weekly
2023-05-29,14895.398832190604,12642.475294704576,16829.767977494714,International,weekly
2023-06-05,14476.02296529093,12411.126308192626,16379.997183904463,International,weekly
2023-06-12,14198.122103653624,12093.83163511702,15955.693101395178,International,weekly
2023-06-19,14030.057453732163,12017.805201459585,16070.860051435746,International,weekly
2023-06-26,15041.702697619443,13111.415635780482,16931.285011162774,International,weekly
2023-07-03,14282.68732269038,12188.712320057979,16129.43784217801,International,weekly
2023-07-10,14912.79815364389,12725.32218551629,16817.9858035944,International,weekly
2023-07-17,15906.743772753933,13839.385886637356,17887.640902930256,International,weekly
2023-07-24,17100.1144185336,14988.497952710339,19071.12144089147,International,weekly
2023-07-31,18188.20738589598,16350.639343814315,20258.246620972655,International,weekly
2023-08-07,18826.503018500673,16765.359363843552,20689.053142119992,International,weekly
2023-08-14,18776.310899143704,16870.297659379474,20803.67836941824,International,weekly
2023-08-21,18031.215754520348,16070.68131698653,19937.70311455125,International,weekly
2023-08-28,16860.73745647446,14808.490418010615,18778.61399436656,International,weekly
2023-09-04,15739.613410296965,13685.815602346865,17672.508331243065,International,weekly
2023-09-11,15181.19574753897,13191.878006471587,17061.59168383695,International,weekly
2023-09-18,15538.891840589475,13578.371981350596,17416.280789247274,International,weekly
2023-09-25,16858.591376809192,14793.22116424136,18896.850622704907,International,weekly
2023-10-02,18276.037730730455,16356.662794384398,20243.764778551846,International,weekly
2023-10-09,20975.776352682573,19011.44190943998,22916.038656607743,International,weekly
2023-10-16,22674.64282329865,20622.74112465706,24771.827746146162,International,weekly
2023-10-23,23545.31918641443,21532.633931898516,25381.734959700385,International,weekly
2023-10-30,23498.167585955453,21613.47733683828,25397.409873004934,International,weekly
2023-11-06,22764.573445523933,20781.059451875026,24741.692820579123,International,weekly
2023-11-13,21783.272228732654,19752.512999518523,23664.13093582853,International,weekly
2023-11-20,24000.02125225183,22025.74675313836,25998.969404476913,International,weekly
2023-11-27,18513.28404116312,16420.488936310154,20410.067796578198,International,weekly
2023-12-04,21088.15944382129,19112.0570774169,22940.920279173242,International,weekly
2023-12-11,21809.812338864,19849.285098041917,23797.67346804728,International,weekly
2023-12-18,22631.927340474715,20643.34543899281,24534.644623390603,International,weekly
2023-12-25,27039.617749743364,24999.192159329894,29082.65742028482,International,weekly
2024-01-01,27394.351028881763,25274.03397757602,29329.77231619935,International,weekly
2024-01-08,23669.515184034288,21759.09606752986,25612.541042847177,International,weekly
2024-01-15,23584.64454373575,21489.870964854592,25648.16096356022,International,weekly
2024-01-22,23529.386083097004,21615.250537330914,25472.708638491014,International,weekly
2024-01-29,23613.797106148875,21597.065473549046,25538.830584859046,International,weekly
2024-02-05,23844.70987797033,21783.872797702385,25835.684924052704,International,weekly
2024-02-12,24154.858549747594,21947.42755380489,26071.614072667777,International,weekly
2024-02-19,24467.120599366735,22490.88941536325,26374.683707569246,International,weekly
2024-02-26,24754.283353745854,22841.77564578748,26664.921744763687,International,weekly
2024-03-04,25048.254580797682,23009.876689357287,27066.541603508103,International,weekly
2024-03-11,20514.117725172502,18616.98449387919,22634.836824888313,International,weekly
2024-03-18,20999.137496907362,19149.131302990234,22941.156650138335,International,weekly
2024-03-25,21550.264204159357,19574.345792260483,23507.35813615419,International,weekly
2024-04-01,22004.501944608517,20104.81553678274,24005.57266609927,International,weekly
2024-04-08,25014.962989811076,22989.439694140954,26907.984598890733,International,weekly
2024-04-15,26795.066482138835,24807.47152349792,28756.42674644413,International,weekly
2024-04-22,25894.54850449417,23975.774037160318,27815.853871440137,International,weekly
2024-04-29,24543.64224363472,22614.00508321356,26481.611732920002,International,weekly
2024-05-06,22974.656194599607,21085.721192747696,24893.240660790976,International,weekly
2024-05-13,21458.669137497443,19410.063183265236,23417.002785984467,International,weekly
2024-05-20,20195.918249150986,18246.775919805143,22260.283501355876,International,weekly
2024-05-27,19273.147321633507,17187.973457566317,21205.162021933244,International,weekly
2024-06-03,18646.554534189123,16636.581894204086,20541.35343385035,International,weekly
2024-06-10,18864.386164147127,17081.225169360336,20895.674371315257,International,weekly
2024-06-17,18582.163790940824,16520.398533749343,20600.466458973555,International,weekly
2024-06-24,17836.562270004284,15859.878428726319,19862.657302835116,International,weekly
2024-07-01,18049.207045560146,16094.077635770733,20059.41782109058,International,weekly
2024-07-08,18712.281148156504,16769.528600924285,20772.81729288573,International,weekly
2024-07-15,19846.79627201954,17919.751088503042,21794.758103650012,International,weekly
2024-07-22,21279.219200345437,19308.4313040921,23115.911175218487,International,weekly
2024-07-29,22649.158279794912,20594.910188317273,24650.133347641528,International,weekly
2024-08-05,23521.36963700606,21684.242787872252,25446.67713119517,International,weekly
2024-08-12,23559.676057307603,21690.97588237675,25573.840731655324,International,weekly
2024-08-19,22707.388439855986,20795.905097950228,24627.755103834028,International,weekly
2024-08-26,21247.80171169401,19460.776325507122,23367.703560032525,International,weekly
2024-09-02,19741.67894968629,17839.44233086752,21646.222906496947,International,weekly
2024-09-09,18834.234227933888,16773.524161419944,20781.11912477293,International,weekly
2024-09-16,19008.688972445445,16897.39881827778,20882.04346479964,International,weekly
2024-09-23,20388.437813845612,18256.84862070163,22507.38556718627,International,weekly
2024-09-30,22674.136746087435,20682.857573695717,24489.7970046597,International,weekly
2024-10-07,25246.855533562666,23257.52192403912,27123.56720781189,International,weekly
2024-10-14,27397.884920700628,25375.00493990009,29220.189496641666,International,weekly
2024-10-21,28591.394293272395,26714.58148775181,30585.041029942146,International,weekly
2024-10-28,28652.564793209145,26681.13559888651,30707.028992710948,International,weekly
2024-11-04,27096.894466728216,25232.858682247268,29080.32214150137,International,weekly
2024-11-11,26562.761944326237,24622.29885975658,28567.38424869518,International,weekly
2024-11-18,25490.689311049082,23433.596305998355,27463.263442221876,International,weekly
2024-11-25,25002.94656461255,22932.034994547757,26870.59532566551,International,weekly
2024-12-02,27027.020218734957,25040.183235123288,29022.325235788558,International,weekly
2024-12-09,25963.022463725847,23913.713784471296,27974.484445619575,International,weekly
2024-12-16,26891.003418982888,24859.115721692873,28750.552737392376,International,weekly
2024-12-23,27657.53952028379,25590.4580458241,29595.016488421636,International,weekly
2024-12-30,37046.70676572995,35081.115784156835,38957.43622097974,International,weekly
2025-01-06,28112.210424070938,26271.16559136822,30223.821366013228,International,weekly
2025-01-13,27961.548521329303,25819.031674659193,29954.19150410871,International,weekly
2025-01-20,27818.0172736125,25930.819437975406,29701.436286222564,International,weekly
2025-01-27,27826.09318403044,25916.755987536486,29740.92924930502,International,weekly
2025-02-03,28013.584737425906,26262.336253106216,29915.143938276175,International,weekly
2025-02-10,28311.062072223376,26249.969155321676,30287.834290205017,International,weekly
2025-02-17,28623.50936540007,26676.970727823653,30499.054304032845,International,weekly
2025-02-24,27276.91249080988,25347.024879386496,29281.5139630719,International,weekly
2025-03-03,23477.418992294482,21580.084272314078,25496.045678755836,International,weekly
2025-03-10,23835.658697275216,21760.327747187526,25850.623832366568,International,weekly
2025-03-17,24336.28609775813,22317.726800862227,26146.50622653427,International,weekly
2025-03-24,25434.312538498398,23337.543017193944,27407.64837025692,International,weekly
2025-03-31,30906.342424730694,28986.852411700595,32801.461983698835,International,weekly
2025-04-07,31446.93606206057,29589.297730079154,33380.95420899038,International,weekly
2025-04-14,31119.613236429064,29284.010622280115,33022.441506083276,International,weekly
2025-04-21,30151.425794034465,28143.780106565926,32124.827689728565,International,weekly
2025-04-28,28631.589625039785,26664.420151832885,30648.695520306755,International,weekly
2025-05-05,26809.65309354213,24877.611654897733,28802.96411528139,International,weekly
2025-05-12,24999.859387914883,23012.481777454792,26934.273964503118,International,weekly
2025-05-19,23460.891312251268,21341.514333837356,25484.503217618123,International,weekly
2025-05-26,22310.872993389257,20365.401521223957,24379.675217436827,International,weekly
2025-06-02,22994.65612501918,20869.06002974364,25019.817962649824,International,weekly
2025-06-09,20977.76227814667,18972.117044323633,22892.796432113028,International,weekly
2025-06-16,20604.978106755443,18607.21664903216,22618.052941967242,International,weekly
2025-06-23,20427.785219907633,18361.767130389406,22287.038170059117,International,weekly
2025-06-30,20582.654421349536,18617.79131382922,22526.623557363342,International,weekly
2025-07-07,21231.107367192504,19181.56232009329,23308.185346012528,International,weekly
2025-07-14,22428.39698680928,20449.30940960699,24414.60211400478,International,weekly
2025-07-21,24017.89981775428,21987.870886809666,25991.711037066994,International,weekly
2025-07-28,25619.282909321697,23581.710496671294,27757.854705588146,International,weekly
2025-08-04,26737.166883522124,24706.101903291066,28554.791447245636,International,weekly
2025-08-11,26956.915166828134,25055.611579575583,28988.134920983633,International,weekly
2025-08-18,26144.584056556276,24293.717071276533,28070.90432336027,International,weekly
2025-08-25,24554.94698351785,22630.892728219897,26529.410182627835,International,weekly
2025-09-01,22784.35914476437,20871.23634153551,24858.847262808893,International,weekly
2025-09-08,21571.478536169652,19520.98085756578,23519.21609174979,International,weekly
2025-09-15,21518.926740347662,19486.735752680102,23687.936809451796,International,weekly
2025-09-22,22849.89137181624,20819.37843245071,24706.79933319066,International,weekly
2025-09-29,25304.841294370068,23345.287606475387,27315.625888277526,International,weekly
2025-10-06,28226.98327632848,26140.266409893382,30259.131866572945,International,weekly
2025-10-13,30805.190980800202,28831.816649315613,32815.614776577626,International,weekly
2025-10-20,32375.585830332537,30365.396018093474,34429.109587990206,International,weekly
2025-10-27,32658.259795242997,30669.059765322418,34673.81419429544,International,weekly
2025-11-03,31027.911370956706,29124.2307882682,33020.27660409842,International,weekly
2025-11-10,30442.569519166434,28655.216825869215,32476.087970756093,International,weekly
2025-11-17,29137.795104891222,27091.737950715527,31128.023473567697,International,weekly
2025-11-24,28435.872611291597,26510.174719235165,30415.787558214623,International,weekly
2025-12-01,30587.69270519867,28468.426448743714,32552.172895773187,International,weekly
2025-12-08,29289.92780580078,27229.359699745455,31162.833873822074,International,weekly
2025-12-15,30328.063765407875,28473.269281343368,32319.401685999357,International,weekly
2025-12-22,31243.825541130453,29323.357282921006,33334.24687028131,International,weekly
2025-12-29,41956.047177940454,39902.000923956184,43847.18947289613,International,weekly
2026-01-05,31882.494072116828,29820.955095230296,33764.9283051561,International,weekly
2026-01-12,31725.029173118586,29834.312132866828,33612.46179265621,International,weekly
2026-01-19,31536.15329755224,29460.72678215008,33604.05168391941,International,weekly
2026-01-26,31498.933901524204,29472.04755993931,33466.81691187237,International,weekly
2026-02-02,31669.04895947099,29628.029691262636,33587.40491941707,International,weekly
2026-02-09,31982.501641225568,30059.45723811904,33906.238446796066,International,weekly
2026-02-16,28655.536401599908,26587.87164808007,30689.670686710004,International,weekly
2026-02-23,26200.56623669125,24312.18766079038,28171.84162099079,International,weekly
2026-03-02,26492.736366896264,24561.522394262407,28545.088284719255,International,weekly
2026-03-09,26865.78211475281,24861.16297935555,28892.83172260139,International,weekly
2026-03-16,29631.023632094886,27670.202624327263,31665.3810381858,International,weekly
2026-03-23,34554.730696007624,32551.74920835537,36537.26313556162,International,weekly
2026-03-30,35187.42392065752,33200.98384499244,37187.64204601494,International,weekly
2026-04-06,35509.236489681876,33349.630600221084,37500.56761252189,International,weekly
2026-04-13,35252.9540609415,33279.14937010554,37248.771597527666,International,weekly
2026-04-20,34278.21495690167,32265.001106563468,36271.721650617605,International,weekly
2026-04-27,32648.308869156124,30559.694142290507,34514.765692520006,International,weekly
2026-05-04,30619.089832676305,28600.717615675356,32381.268804246665,International,weekly
2026-05-11,28542.28468606855,26596.79038850094,30343.039719297023,International,weekly
2026-05-18,26729.75981883042,24700.425798968332,28816.14736284065,International,weekly
2026-05-25,27004.194889889037,24945.9416909797,28908.589177836162,International,weekly
2026-06-01,24383.255778989587,22372.85622894725,26295.080587447148,International,weekly
2026-06-08,23725.291952353375,21767.637493216775,25904.65125484639,International,weekly
2026-06-15,23266.967326636463,21104.44788368831,25195.971335657145,International,weekly
2026-06-22,23013.392934378335,21021.540961381197,25105.751966102252,International,weekly
2026-06-29,23100.418349103085,21219.438067542567,25269.266511436777,International,weekly
2026-07-06,23714.776750695688,21613.792908964377,25654.465798757064,International,weekly
2026-07-13,24950.25771119447,23019.43677988053,26916.09395962772,International,weekly
2026-07-20,26677.53547304229,24667.465296073606,28567.402193292724,International,weekly
2026-07-27,28508.34375584631,26668.66234315348,30568.73326429928,International,weekly
2026-08-03,29894.536294747348,27988.019014404657,31877.410541875764,International,weekly
2026-08-10,30336.475002234543,28193.836201946244,32212.073476701335,International,weekly
2026-08-17,29614.94801125404,27539.339025841702,31717.92139814909,International,weekly
2026-08-24,27937.48422311903,25998.742307836525,30025.62787250977,International,weekly
2026-08-31,25918.156750464237,24103.80429194595,28006.492546713092,International,weekly
2026-09-07,24379.85755914118,22440.963985751958,26469.085662371297,International,weekly
2026-09-14,24048.764713790035,22051.898843539107,26099.64612711494,International,weekly
2026-09-21,25264.632677077443,23338.828276554574,27283.707832509725,International,weekly
2026-09-28,27830.976634144856,26005.957137844,29739.279296263583,International,weekly
2026-10-05,31073.729613518197,29047.0625104874,33150.46947091931,International,weekly
2026-10-12,34089.11149339199,32265.593913251327,36182.38963764681,International,weekly
2026-10-19,36080.37653445146,34102.21499421137,38195.62623292999,International,weekly
2026-10-26,36645.37864500459,34704.70257816071,38646.09887481538,International,weekly
2026-11-02,34995.74978503772,32931.51147736163,37007.492252472686,International,weekly
2026-11-09,34390.767682279286,32392.954257231857,36478.9881215909,International,weekly
2026-11-16,32853.389147805676,30966.70609846548,34872.841406538166,International,weekly
2026-11-23,31911.032722382428,29685.282339958536,33782.59013526619,International,weekly
2026-11-30,34152.45922644307,32058.580527512644,36207.99356175153,International,weekly
2026-12-07,32587.750307313556,30487.20288456421,34652.19134635404,International,weekly
2026-12-14,33719.85424171103,31872.83677850059,35686.7375596201,International,weekly
2026-12-21,34788.56097811496,32892.193258117426,36972.700121614245,International,weekly
2026-12-28,46841.48297855056,44864.54522952818,48810.55695401923,International,weekly
2022-01-01,12484.129020981332,10174.439530594243,14808.172035393412,International,monthly
2022-02-01,12941.430281666238,10595.671633074342,15273.980248859029,International,monthly
2022-03-01,12078.910984006383,9744.194347846324,14141.629234823116,International,monthly
2022-04-01,12492.532677532321,10280.994008452608,14796.691394981952,International,monthly
2022-05-01,12892.81173594558,10699.154377867299,15087.113025434937,International,monthly
2022-06-01,11108.013786363537,8752.215465878555,13477.720691966404,International,monthly
2022-07-01,11442.16082309772,9094.323565919227,13827.717653617823,International,monthly
2022-08-01,11787.44609438971,9405.785033907197,13899.898777767767,International,monthly
2022-09-01,14450.720169064323,11977.624942604467,16702.898481013905,International,monthly
2022-10-01,14848.706836088582,12637.37701751818,17136.232240346704,International,monthly
2022-11-01,15259.959725487675,12987.457662809562,17580.30192687047,International,monthly
2022-12-01,17411.18131327513,15005.818161084539,19751.173360750116,International,monthly
2023-01-01,17868.482573546942,15674.392901211831,20233.38649096272,International,monthly
2023-02-01,18325.783833870577,16000.573507452904,20526.639304983444,International,monthly
2023-03-01,16948.97285886535,14640.976999097005,19314.809045463862,International,monthly
2023-04-01,17362.594551987648,15173.515756387898,19675.34243988708,International,monthly
2023-05-01,17762.873609857084,15378.495380297616,19992.25218032006,International,monthly
2023-06-01,15173.467933189864,12956.995065963843,17504.9602365454,International,monthly
2023-07-01,15507.613549776586,13358.373040416373,17827.65910716058,International,monthly
2023-08-01,15852.897353396258,13588.296892108096,18086.703150566187,International,monthly
2023-09-01,19292.884355171158,17045.61203411655,21568.90610600269,International,monthly
2023-10-01,19690.868787993117,17442.74760798117,22089.713045962766,International,monthly
2023-11-01,20102.119368281477,17838.933953757693,22086.00737637806,International,monthly
2023-12-01,22795.49280022137,20614.184713478997,25019.715547367166,International,monthly
2024-01-01,23252.7637783765,21006.685598316806,25569.68969468493,International,monthly
2024-02-01,23710.001239209814,21578.632801115502,25886.039052462078,International,monthly
2024-03-01,21832.172057502863,19512.44475243843,23966.894586927465,International,monthly
2024-04-01,22245.693550020937,19873.870296358567,24459.01077359605,International,monthly
2024-05-01,22645.87563955455,20145.44503963784,24982.408631939943,International,monthly
2024-06-01,19249.643106184765,17078.96266528759,21449.4899449074,International,monthly
2024-07-01,19583.707378418145,17399.708940492073,21859.169961561227,International,monthly
2024-08-01,19928.907126460945,17588.571200190716,22293.48635519551,International,monthly
2024-09-01,24147.525919276683,21831.28175071306,26409.777696576166,International,monthly
2024-10-01,24545.414009887318,22213.734758444196,26804.547198966604,International,monthly
2024-11-01,24956.565036782253,22733.45117021752,27308.717623435936,International,monthly
2024-12-01,28193.41498742642,25829.455409471466,30501.52941610852,International,monthly
2025-01-01,28650.60297982931,26423.65147175378,30912.029156661618,International,monthly
2025-02-01,29107.790972232204,26906.697725314676,31380.344974329146,International,monthly
2025-03-01,26701.033743330332,24489.128559297373,28927.031653933314,International,monthly
2025-04-01,27114.552987567142,24773.757049213942,29419.953753470127,International,monthly
2025-05-01,27514.732901344694,25186.916591567064,29984.156780863792,International,monthly
2025-06-01,23314.091751624197,21033.122037707748,25634.66305272029,International,monthly
2025-07-01,23648.156023829044,21415.799010417017,25942.153851212817,International,monthly
2025-08-01,23993.355771774048,21719.15939755661,26357.299926229964,International,monthly
2025-09-01,28988.497687622857,26663.59910185548,31258.265205567724,International,monthly
2025-10-01,29386.385778166332,27269.317408378887,31803.32781091199,International,monthly
2025-11-01,29797.536805061263,27661.199104379655,32155.180897353388,International,monthly
2025-12-01,33576.43489797661,31337.537218447982,35906.41389576564,International,monthly
2026-01-01,34033.6228903795,31561.09913174513,36398.38103359425,International,monthly
2026-02-01,34490.81088278239,32187.773058326373,36931.53634984646,International,monthly
2026-03-01,31569.889360957277,29266.30828263644,33735.34187199916,International,monthly
2026-04-01,31983.40860519409,29600.489533934375,34313.66614613329,International,monthly
2026-05-01,32383.588518971646,30225.698454725163,34664.06010361414,International,monthly
2026-06-01,27378.540396783123,25043.035567765306,29577.86124435484,International,monthly
2026-07-01,27712.604668987966,25567.77350500242,30279.4316141092,International,monthly
2026-08-01,28057.80441693297,25780.717917864302,30359.7301495352,International,monthly
2026-09-01,33829.46945590187,31628.09422736922,36011.095866157964,International,monthly
2026-10-01,34227.35754644535,31906.240549258157,36634.08755453283,International,monthly
2026-11-01,34638.50857334028,32058.08124075519,36839.09813874023,International,monthly
2026-12-01,38959.45480852679,36640.35014780016,41273.854672548456,International,monthly
2022-01-01,25923.903781029047,22859.78060598162,29207.1049468512,Domestic,daily
2022-01-02,19985.90126037924,16827.67026171871,23118.63005571688,Domestic,daily
2022-01-03,21045.253450200984,17818.106601793705,24128.606657337707,Domestic,daily
2022-01-04,21429.49590017777,18091.913596116945,24590.439060172193,Domestic,daily
2022-01-05,21361.05438520162,18161.023146427407,24527.480130812146,Domestic,daily
2022-01-06,20873.93614217428,17463.47722189342,24044.542395525474,Domestic,daily
2022-01-07,23018.18304771569,19549.82549629636,26323.46565938487,Domestic,daily
2022-01-08,24575.343070566392,21234.42714942393,27890.45474351243,Domestic,daily
2022-01-09,18678.14888413477,15206.037883160314,21856.2514328497,Domestic,daily
2022-01-10,19755.74131808669,16698.779389401003,22820.178235683514,Domestic,daily
2022-01-11,20176.045174969884,17037.123832579542,23501.18684097071,Domestic,daily
2022-01-12,20160.107786161418,17064.78915892918,23086.58223490121,Domestic,daily
2022-01-13,19741.3103509676,16688.26347739492,22952.450689450678,Domestic,daily
2022-01-14,21952.89167154605,18808.584599197995,25041.39320180271,Domestic,daily
2022-01-15,23592.4622775837,20434.56191297735,26896.488710624475,Domestic,daily
2022-01-16,17827.9537270353,14716.157696253476,20897.541659982715,Domestic,daily
2022-01-17,19010.814867855373,15809.131336177845,22062.204028993536,Domestic,daily
2022-01-18,19547.784014229677,16270.653882813844,22799.99290061206,Domestic,daily
2022-01-19,19657.02080292613,16513.564718879345,22584.655284255085,Domestic,daily
2022-01-20,19369.869808024512,16212.121182274175,22357.13552705876,Domestic,daily
2022-01-21,21701.485965150852,18594.882555387325,24820.99820457742,Domestic,daily
2022-01-22,23464.42071251314,20334.683991551454,26588.62227867121,Domestic,daily
2022-01-23,17860.868809743974,14857.76467215813,20869.8979285512,Domestic,daily
2022-01-24,19163.86103972678,15832.86052692498,22196.761004660922,Domestic,daily
2022-01-25,19818.452545315522,16574.725444530734,23158.289857025044,Domestic,daily
2022-01-26,20039.66340540369,16811.13129924086,23178.761543555593,Domestic,daily
2022-01-27,19856.805100865837,16704.174514326143,22950.612718931658,Domestic,daily
2022-01-28,22267.213002443463,19026.11706986368,25321.435785935028,Domestic,daily
2022-01-29,24098.904460264734,20574.19054491304,26983.709713039316,Domestic,daily
2022-01-30,18589.117514181933,15588.819117686347,21698.97119920864,Domestic,daily
2022-01-31,19933.488863161932,16917.913591207514,23174.17112879818,Domestic,daily
2022-02-01,20616.641790232712,17412.27809739422,23940.6831935968,Domestic,daily
2022-02-02,20851.913762754863,17667.02677002243,24010.73308427937,Domestic,daily
2022-02-03,20668.21933390609,17399.61899839606,23933.10926625369,Domestic,daily
2022-02-04,23046.859080697363,19669.367163274208,26170.330588924196,Domestic,daily
2022-02-05,24833.215460114894,21683.654510129687,27778.198653943447,Domestic,daily
2022-02-06,19301.546384177134,16196.09421502565,22592.608681215588,Domestic,daily
2022-02-07,20572.109385993135,17280.49412783743,23837.690688649414,Domestic,daily
2022-02-08,21171.10887709371,18060.604937367316,24514.193630323145,Domestic,daily
2022-02-09,21312.170228493367,18274.037315291855,24733.33641084089,Domestic,daily
2022-02-10,21025.699190524567,17636.143908088776,24450.36574506571,Domestic,daily
2022-02-11,23278.728897988887,20077.47576957554,26380.599589062396,Domestic,daily
2022-02-12,24935.61752378816,21752.76551061049,27918.130977381712,Domestic,daily
2022-02-13,19309.06399287166,16287.848527892484,22247.784249115364,Domestic,daily
2022-02-14,20445.14962208582,17239.555362898638,23707.13223768246,Domestic,daily
2022-02-15,20912.62065674354,17749.203835539724,24183.873743219337,Domestic,daily
2022-02-16,20926.09001228796,17972.452835689764,23831.721783665336,Domestic,daily
2022-02-17,20517.880064144287,17456.193972776986,23575.739800890715,Domestic,daily
2022-02-18,22640.900550635386,19317.37225201717,26013.3361715478,Domestic,daily
2022-02-19,24178.346999806217,20780.109055904777,27372.47253751795,Domestic,daily
2022-02-20,18480.94372276808,15164.064795207569,21711.239453066617,Domestic,daily
2022-02-21,19519.914103061583,16380.44254219838,22565.480158553062,Domestic,daily
2022-02-22,19905.615360842366,16842.377188410246,23058.999145531845,Domestic,daily
2022-02-23,19852.49025802351,16672.251270728404,22793.059150677836,Domestic,daily
2022-02-24,19393.420386989474,16335.187011016926,22665.657266379603,Domestic,daily
2022-02-25,21465.66627356359,18359.3107256955,24747.147383049618,Domestic,daily
2022-02-26,22969.60130543162,19825.023065005444,25859.766278013754,Domestic,daily
2022-02-27,17292.219331287244,13920.874112082749,20535.597232352397,Domestic,daily
2022-02-28,18328.072638787016,15234.506033093208,21427.711323138352,Domestic,daily
2022-03-01,18727.298773296607,15688.350356977031,22159.176335281725,Domestic,daily
2022-03-02,18702.361885255857,15561.483430113693,21887.80246302379,Domestic,daily
2022-03-03,18284.955120794606,15037.376479035223,21503.433088362275,Domestic,daily
2022-03-04,20395.039556690703,17121.723042547786,23714.188427036617,Domestic,daily
2022-03-05,21948.64745141304,18801.877455292746,25089.186037939715,Domestic,daily
2022-03-06,16367.684695164195,13011.706121528578,19521.406440502647,Domestic,daily
2022-03-07,17468.862475086655,14466.961904289916,20578.25834296543,Domestic,daily
2022-03-08,17941.13733967924,14633.053832713924,21238.045331132467,Domestic,daily
2022-03-09,17994.25813561495,14872.764427709442,21173.633147732635,Domestic,daily
2022-03-10,17658.22789899288,14593.185912158335,20869.75536524714,Domestic,daily
2022-03-11,19835.44630945126,16733.49688330663,23055.355283016324,Domestic,daily
2022-03-12,21457.58121827315,18241.702589539786,24753.117125059678,Domestic,daily
2022-03-13,15981.659291823384,12859.315684168594,19133.008987356345,Domestic,daily
2022-03-14,17146.979353712457,14057.474240552945,20261.21427849319,Domestic,daily
2022-03-15,17681.948719325093,14270.636960605756,21000.79821882264,Domestic,daily
2022-03-16,17794.414287858923,14710.24575964368,20753.836853763813,Domestic,daily
2022-03-17,17513.658651429374,14134.603856791606,20569.949351729523,Domestic,daily
2022-03-18,19725.617634441656,16798.718835206433,22958.96884450883,Domestic,daily
2022-03-19,21378.789279168454,18242.87704366708,24699.948337393853,Domestic,daily
2022-03-20,15966.580290984082,12641.297315726517,19096.96526025545,Domestic,daily
2022-03-21,17152.167932814886,14101.428103945176,20357.367105495632,Domestic,daily
2022-03-22,17704.699616290367,14662.230036681703,20840.95021757795,Domestic,daily
2022-03-23,17831.37607240001,14805.663560658631,21104.575399969053,Domestic,daily
2022-03-24,17561.95132629054,14545.556394232166,20680.88026747853,Domestic,daily
2022-03-25,19766.997422923094,16488.262003205353,22998.088918381778,Domestic,daily
2022-03-26,21412.82607656445,18268.256533918295,24819.701381557614,Domestic,daily
2022-03-27,16030.06979241319,12869.706165697637,18994.693233085258,Domestic,daily
2022-03-28,17206.47529705987,14304.457859111137,20470.351820100095,Domestic,daily
2022-03-29,17752.453843603456,14875.81890757034,21074.665318147705,Domestic,daily
2022-03-30,17874.908584122815,14855.16646992114,21175.76563600897,Domestic,daily
2022-03-31,17604.23530043626,14298.534152812952,20765.10085464892,Domestic,daily
2022-04-01,19795.63593862919,16948.724317271925,22685.204571641218,Domestic,daily
2022-04-02,21433.05910444778,18460.827084142653,24858.744182740844,Domestic,daily
2022-04-03,16084.026339131573,13005.02731170609,19151.24227348934,Domestic,daily
2022-04-04,17260.371532957524,14202.64528990234,20532.066714346936,Domestic,daily
2022-04-05,17813.159710412347,14669.941301277002,20808.17850657274,Domestic,daily
2022-04-06,17948.279355923212,14773.089837247464,21314.082375259703,Domestic,daily
2022-04-07,17695.966861341218,14639.164235155742,20909.07915324466,Domestic,daily
2022-04-08,19895.193431266543,16618.86594088379,23032.308679511192,Domestic,daily
2022-04-09,21546.649881220026,18527.030128735474,24798.691281316547,Domestic,daily
2022-04-10,16253.843731946934,13034.917412123881,19442.57402393806,Domestic,daily
2022-04-11,17451.809758069092,14080.864005140525,20553.254116852517,Domestic,daily
2022-04-12,18031.42127869326,14817.498950005745,21472.09665604718,Domestic,daily
2022-04-13,18196.769684800573,15183.313159125895,21381.601764313054,Domestic,daily
2022-04-14,17977.232544206407,14692.910107269128,21207.34604133894,Domestic,daily
2022-04-15,20194.9510348168,17126.25481494573,23360.916549481604,Domestic,daily
2022-04-16,21866.873035091274,18642.28593744922,25135.44117712209,Domestic,daily
2022-04-17,16632.131570318677,13655.480392594298,20077.36293364684,Domestic,daily
2022-04-18,17848.733387961896,14744.021158058786,21052.469940958556,Domestic,daily
2022-04-19,18447.265922007195,15364.804481836873,21679.17660344188,Domestic,daily
2022-04-20,18630.063490062268,15572.993882965155,22021.725182291364,Domestic,daily
2022-04-21,18425.81494808311,15424.581710481905,21680.435934488476,Domestic,daily
2022-04-22,20640.124187688958,17436.852923205242,23749.165169781878,Domestic,daily
2022-04-23,22306.60100507552,19368.468620948144,25371.09286447185,Domestic,daily
2022-04-24,17100.507717515004,13828.06288189017,20464.882543171894,Domestic,daily
2022-04-25,18303.410361600847,15229.418996752096,21618.43674190241,Domestic,daily
2022-04-26,18886.26419853577,15511.84691982953,21996.211494636565,Domestic,daily
2022-04-27,19050.34824755113,15877.904985645348,22225.3188940124,Domestic,daily
2022-04-28,18824.39350068472,15588.79686646786,21867.76181715647,Domestic,daily
2022-04-29,20998.20738471439,17930.263462984818,24254.49129888936,Domestic,daily
2022-04-30,22622.793731053967,19496.60625325687,25968.00367045462,Domestic,daily
2022-05-01,17410.249809423614,14319.06354561939,20520.94295841863,Domestic,daily
2022-05-02,18566.363778947492,15303.038570296741,21778.495673616402,Domestic,daily
2022-05-03,19103.06415170733,16060.515354561587,22419.988441544036,Domestic,daily
2022-05-04,19221.110204432167,15845.577377603671,22402.91569139575,Domestic,daily
2022-05-05,18949.730684290058,15907.789207107866,21974.838589795872,Domestic,daily
2022-05-06,21063.304739961768,17884.59936050702,24210.148091350813,Domestic,daily
2022-05-07,22630.506306437786,19521.000157369923,25729.901080163403,Domestic,daily
2022-05-08,17400.448966256525,14489.809695770877,20743.174830513803,Domestic,daily
2022-05-09,18503.2307971122,15250.043775383263,21605.25627985345,Domestic,daily
2022-05-10,18991.750318358943,16087.923669305654,22248.453514332326,Domestic,daily
2022-05-11,19066.158271842058,15856.518962637676,22041.64012519549,Domestic,daily
2022-05-12,18756.01405997908,15596.28030519232,21898.00961433132,Domestic,daily
2022-05-13,20820.032238117594,17702.237022437937,23960.708018179146,Domestic,daily
2022-05-14,22344.261028272507,18913.769046057147,25644.438521288554,Domestic,daily
2022-05-15,17114.48712773036,13819.936581127082,20355.973645378588,Domestic,daily
2022-05-16,18184.73968923451,15002.049897725083,21368.26275481971,Domestic,daily
2022-05-17,18648.483590506556,15377.42155084883,21832.39564937239,Domestic,daily
2022-05-18,18704.845127658897,15435.684215213916,21911.80249431158,Domestic,daily
2022-05-19,18383.29692494484,15200.965971015952,21346.457674155874,Domestic,daily
2022-05-20,20426.480026327707,17474.271992979753,23528.215644828473,Domestic,daily
2022-05-21,21937.42542843717,18863.549228503023,25146.843655914687,Domestic,daily
2022-05-22,16738.22582654915,13574.895357134506,19792.26890600801,Domestic,daily
2022-05-23,17806.504731874964,14464.266753319285,20809.89263624434,Domestic,daily
2022-05-24,18275.990878382887,15085.336495589772,21601.89759972086,Domestic,daily
2022-05-25,18344.519975175703,14791.229992160495,21355.20896333686,Domestic,daily
2022-05-26,18041.24848531075,14530.303046930587,21301.75631541981,Domestic,daily
2022-05-27,20092.550060845315,16835.305164173922,23331.348099525876,Domestic,daily
2022-05-28,21618.27734183692,18297.339441539585,24878.228769857422,Domestic,daily
2022-05-29,16476.696597743496,13218.330904119906,19564.495827067785,Domestic,daily
2022-05-30,17568.916904303307,14217.413744014379,20718.207633553273,Domestic,daily
2022-05-31,18068.83986364493,14925.756939564992,21323.915625367084,Domestic,daily
2022-06-01,18172.93115756704,14894.693632415889,21466.293877327415,Domestic,daily
2022-06-02,17909.95682885176,14881.860757452585,21143.275133036655,Domestic,daily
2022-06-03,19989.947910728664,16897.310096101806,23268.856081313254,Domestic,daily
2022-06-04,21549.496874772343,18379.283905319615,24562.187400630115,Domestic,daily
2022-06-05,16482.9503745503,13507.321485733792,19470.991374567875,Domestic,daily
2022-06-06,17614.794770533485,14451.592003960483,21011.55757766874,Domestic,daily
2022-06-07,18158.978748802685,14986.307461598195,21316.244211281548,Domestic,daily
2022-06-08,18310.453720372207,14828.968904161067,21438.98869216286,Domestic,daily
2022-06-09,18097.43321608447,15149.06389138417,21326.613756523795,Domestic,daily
2022-06-10,20213.427930712623,16870.535884926663,23648.609740287393,Domestic,daily
2022-06-11,21811.58062819913,18700.445670897734,25020.034073733943,Domestic,daily
2022-06-12,16822.122298153434,13517.748335510965,20502.03118638086,Domestic,daily
2022-06-13,17992.720693683612,14796.666103279955,21037.32310854804,Domestic,daily
2022-06-14,18577.18366007537,15166.993362314564,21761.13717688272,Domestic,daily
2022-06-15,18768.777079840223,15291.05653129366,21937.375060459082,Domestic,daily
2022-06-16,18595.01666499542,15598.129283827328,21886.540396177814,Domestic,daily
2022-06-17,20732.78294635851,17647.65682857881,23893.49274046658,Domestic,daily
2022-06-18,22355.96494313553,19151.476465505628,25482.18068887932,Domestic,daily
2022-06-19,17424.530640064782,14418.880160084322,20346.713864468842,Domestic,daily
2022-06-20,18612.880055431186,15429.286122803167,21729.584596611527,Domestic,daily
2022-06-21,19213.1850458136,16117.721211620008,22574.58198542972,Domestic,daily
2022-06-22,19417.065514820737,16298.100455365095,22426.63637828112,Domestic,daily
2022-06-23,19251.413547313303,15997.428110567913,22331.11761667012,Domestic,daily
2022-06-24,21380.185030867993,18241.167888999367,24650.55942435027,Domestic,daily
2022-06-25,22986.930863620604,19877.52872803855,26246.69333903824,Domestic,daily
2022-06-26,18063.46934710916,14816.90054323473,21273.74785131704,Domestic,daily
2022-06-27,19224.915140311783,16173.133865008636,22329.813729425554,Domestic,daily
2022-06-28,19795.096716750664,16485.854854291953,22824.124975013692,Domestic,daily
2022-06-29,19965.076078678034,16628.6437956955,23337.61987365092,Domestic,daily
2022-06-30,19762.07077951827,16622.4311199166,22935.8392095414,Domestic,daily
2022-07-01,21838.064760419227,18412.85180684124,24787.85575789644,Domestic,daily
2022-07-02,23390.501469710518,20189.380553510233,26608.30667733446,Domestic,daily
2022-07-03,18440.25326246313,15260.804586979308,21557.460798640514,Domestic,daily
2022-07-04,19543.864179756285,15958.405315611239,22650.84041482115,Domestic,daily
2022-07-05,20057.488024988725,17078.9479480881,23494.11647181287,Domestic,daily
2022-07-06,20172.233418655553,17136.58806140078,23458.383466078347,Domestic,daily
2022-07-07,19916.166254222786,16781.684368399085,23106.709583269505,Domestic,daily
2022-07-08,21929.723515451486,18814.224944836373,25188.585679183954,Domestic,daily
2022-07-09,23424.553787515422,20310.294526546924,26730.377671726128,Domestic,daily
2022-07-10,18450.771319780615,15654.725329811772,22145.3568699984,Domestic,daily
2022-07-11,19506.402881729216,16471.634487149393,22664.549231546145,Domestic,daily
2022-07-12,19979.83966314502,17192.609841723166,23155.106965097406,Domestic,daily
2022-07-13,20062.004117533193,16876.18615316497,23203.459985901583,Domestic,daily
2022-07-14,19781.43275215211,16571.736960918388,22961.465249755922,Domestic,daily
2022-07-15,21766.496401755074,18428.228875008437,24897.215260447854,Domestic,daily
2022-07-16,23242.395210820923,20043.353374835147,26588.642429107174,Domestic,daily
2022-07-17,18287.707976396032,15082.246471487662,21634.923602008515,Domestic,daily
2022-07-18,19341.057070999665,16303.32186644804,22565.394366550376,Domestic,daily
2022-07-19,19822.09127447335,16402.990521990065,22796.42692847106,Domestic,daily
2022-07-20,19920.494284679182,16472.860942697207,23215.243545873396,Domestic,daily
2022-07-21,19664.170064702357,16453.121003959102,22760.00133489482,Domestic,daily
2022-07-22,21668.293641783566,18632.44578653163,25056.43415947042,Domestic,daily
2022-07-23,23170.485917847407,19895.660140786687,26374.321218827292,Domestic,daily
2022-07-24,18276.68433518877,15119.93107400121,21621.868165529693,Domestic,daily
2022-07-25,19365.05196153263,16173.023412939834,22728.848907209445,Domestic,daily
2022-07-26,19885.5167548085,16773.09942467156,22985.233326491256,Domestic,daily
2022-07-27,20025.646004532668,16770.303618142818,23189.184932169705,Domestic,daily
2022-07-28,19811.956638564992,16410.690606113054,22849.322061614133,Domestic,daily
2022-07-29,21845.816502113805,18870.463310093368,24981.70941024452,Domestic,daily
2022-07-30,23385.25683782691,20109.275159962854,26388.504268417135,Domestic,daily
2022-07-31,18551.37001676995,15356.490375136975,21543.847490033284,Domestic,daily
2022-08-01,19668.20994977006,16404.14392631793,22769.526729894693,Domestic,daily
2022-08-02,20213.10459030904,17012.422561544543,23222.042367614984,Domestic,daily
2022-08-03,20371.504408903365,17370.1330568873,23367.253544360705,Domestic,daily
2022-08-04,20168.646096140412,16758.489158501237,23395.395086941033,Domestic,daily
2022-08-05,22198.91660090126,19053.70654374738,25481.274949323357,Domestic,daily
2022-08-06,23719.18410967573,20325.287732965837,26949.29970153456,Domestic,daily
2022-08-07,18870.882707105466,15638.463530807556,22063.195765732333,Domestic,daily
2022-08-08,19949.746927240994,16938.58532050448,23311.297521883982,Domestic,daily
2022-08-09,20448.19791263531,17410.01504698355,23741.261897119668,Domestic,daily
2022-08-10,20551.608355701464,17395.25179094372,23678.167484115922,Domestic,daily
2022-08-11,20285.70619985738,17266.33626897903,23565.91590151267,Domestic,daily
2022-08-12,22239.661753989763,19024.409573194756,25327.2645624042,Domestic,daily
2022-08-13,23677.561403182197,20301.34898297619,26803.155418342707,Domestic,daily
2022-08-14,18755.388342144226,15464.325881136248,21765.660077215485,Domestic,daily
2022-08-15,19741.84887236477,16540.589684385995,22920.663722295514,Domestic,daily
2022-08-16,20145.659881382482,16928.524377179554,23166.824642139363,Domestic,daily
2022-08-17,20153.203638006773,16858.26923471355,23132.029888817106,Domestic,daily
2022-08-18,19791.64739697363,16557.80297240695,23054.7710016535,Domestic,daily
2022-08-19,21645.732581775785,18553.515201251772,25012.967198249928,Domestic,daily
2022-08-20,22987.373798729604,19850.32133119074,26063.423775174924,Domestic,daily
2022-08-21,17987.52220066493,14681.527157381983,21164.000344203072,Domestic,daily
2022-08-22,18888.074380817638,15588.766917125666,22022.55517971222,Domestic,daily
2022-08-23,19214.05651911344,16124.474617201384,21985.984471036398,Domestic,daily
2022-08-24,19152.668967795893,16125.223280194943,22499.35113620331,Domestic,daily
2022-08-25,18732.126266868578,15454.294872444945,22040.653980237174,Domestic,daily
2022-08-26,20532.1573445327,17408.252735766953,23836.873917220895,Domestic,daily
2022-08-27,21831.74298997115,18713.62257285788,25037.419481383837,Domestic,daily
2022-08-28,16815.878872613666,13678.556597860426,20153.859079445017,Domestic,daily
2022-08-29,17698.587501046964,14501.235294605607,20821.570457593003,Domestic,daily
2022-08-30,18020.02244101259,15045.541796916496,21083.238456916188,Domestic,daily
2022-08-31,17966.928459224368,14875.23545636902,21044.61555192324,Domestic,daily
2022-09-01,17567.22945635393,14647.556218347963,20689.12403729066,Domestic,daily
2022-09-02,19394.268271118526,16236.738970146438,22744.00337982639,Domestic,daily
2022-09-03,20732.71159915684,17651.614560865575,23874.389025676337,Domestic,daily
2022-09-04,15780.241377784598,12360.22846490398,18867.132629691987,Domestic,daily
2022-09-05,16721.69757893695,13556.557808153148,19994.064547982238,Domestic,daily
2022-09-06,17111.128696548705,13954.689221853087,20231.124678209773,Domestic,daily
2022-09-07,17133.691491455018,13762.147953796197,20426.474427631216,Domestic,daily
2022-09-08,16816.008208970317,13635.413661859971,19988.31806990842,Domestic,daily
2022-09-09,18724.164229911155,15387.076517899206,21748.93861557932,Domestic,daily
2022-09-10,20153.530633844483,16713.635123255535,23321.715982478974,Domestic,daily
2022-09-11,15305.429614554654,12176.338288078234,18516.072927127272,Domestic,daily
2022-09-12,16340.162131967289,13283.874786917813,19595.355851386576,Domestic,daily
2022-09-13,16823.165776405633,13572.249348691905,20111.34774815509,Domestic,daily
2022-09-14,16937.77007675572,13635.778873110377,20062.999159251252,Domestic,daily
2022-09-15,16709.164794565684,13351.742836567742,19897.332971401578,Domestic,daily
2022-09-16,18701.295919149918,15492.631720571959,21888.17636926788,Domestic,daily
2022-09-17,20204.946793836956,17119.379976136886,23529.58316365967,Domestic,daily
2022-09-18,15427.395535916461,12154.78336099163,18472.52709646426,Domestic,daily
2022-09-19,16524.30382751519,13192.7073137971,19586.233891851676,Domestic,daily
2022-09-20,17062.77704780327,14049.189447195404,20281.84767833207,Domestic,daily
2022-09-21,17225.764936832013,13868.943736134152,20238.15313518934,Domestic,daily
2022-09-22,17038.274004491712,13804.995551957107,20394.312191524168,Domestic,daily
2022-09-23,19063.364777655785,15897.58265712381,22243.30685687565,Domestic,daily
2022-09-24,20592.815138546586,17266.647644302862,23566.49583566057,Domestic,daily
2022-09-25,15836.042162200925,12775.1197682341,19011.566215244886,Domestic,daily
2022-09-26,16945.005528186608,13857.757071665115,19902.53183776579,Domestic,daily
2022-09-27,17489.36724515817,14498.591964053427,20614.48731496316,Domestic,daily
2022-09-28,17652.520776462767,14441.347151785389,20709.13260196659,Domestic,daily
2022-09-29,17460.03297853016,14379.179738563787,20765.822619753144,Domestic,daily
2022-09-30,19474.730589769257,16437.05904215218,22746.778701018517,Domestic,daily
2022-10-01,20989.936536686844,18105.87579058766,24112.851627613414,Domestic,daily
2022-10-02,16217.649823553618,12868.973280828475,19406.67793033505,Domestic,daily
2022-10-03,17306.460112338154,13991.852003374968,20611.961749173548,Domestic,daily
2022-10-04,17828.806457209015,14693.382688288222,21103.229565880836,Domestic,daily
2022-10-05,17968.637063141017,15035.74045907253,21032.975988376664,Domestic,daily
2022-10-06,17752.085495350027,14371.105364417332,20738.900330776003,Domestic,daily
2022-10-07,19741.653477808675,16189.771761706617,22688.11874687222,Domestic,daily
2022-10-08,21232.02926616933,18307.719811189058,24320.866134866454,Domestic,daily
2022-10-09,16437.53638290845,13331.052705057611,19694.99655325742,Domestic,daily
2022-10-10,17503.071486191446,14333.165280580135,20729.748793065468,Domestic,daily
2022-10-11,18003.47517489356,14949.28310804316,21295.01402506297,Domestic,daily
2022-10-12,18122.835986893573,14848.678469784934,21428.803492540595,Domestic,daily
2022-10-13,17887.41464023006,14649.602536728586,21098.8945346039,Domestic,daily
2022-10-14,19858.93667915989,16710.669676478145,22823.880483639183,Domestic,daily
2022-10-15,21333.005875687635,18101.116902115828,24630.219690716134,Domestic,daily
2022-10-16,16525.833876035904,13322.491321267009,19658.865053670863,Domestic,daily
2022-10-17,17578.21224864265,14387.295201700521,20809.49553585485,Domestic,daily
2022-10-18,18067.00484226029,14923.244851756088,21191.20027109219,Domestic,daily
2022-10-19,18176.10391743132,14797.866186958894,21316.855095830906,Domestic,daily
2022-10-20,17931.608597593495,14576.261212386336,21274.276975301298,Domestic,daily
2022-10-21,19894.231754228927,16792.25579537887,22859.2624072102,Domestic,daily
2022-10-22,21362.059990395763,18259.11911626965,24464.528079235097,Domestic,daily
2022-10-23,16550.530172335973,13269.884755430841,19708.423196703763,Domestic,daily
2022-10-24,17597.696586381808,14485.133266967907,20797.59804713565,Domestic,daily
2022-10-25,18081.763489945904,14901.257414195554,21365.541522215994,Domestic,daily
2022-10-26,18186.393604245095,15315.67615199828,21292.973734003157,Domestic,daily
2022-10-27,17937.517521041395,14755.161306820652,21272.37947734219,Domestic,daily
2022-10-28,19896.327400950133,16761.281169332153,22977.251910231622,Domestic,daily
2022-10-29,21358.80838336459,18235.999293921675,24726.56386109491,Domestic,daily
2022-10-30,16540.47963009213,13670.089009692658,19502.046249812018,Domestic,daily
2022-10-31,17582.358337687376,14232.161798571275,20693.069276128976,Domestic,daily
2022-11-01,18061.16504565372,14763.603416992259,21266.383243065568,Domestic,daily
2022-11-02,18160.69561451478,15169.591433404412,21395.840938090896,Domestic,daily
2022-11-03,17906.99714955966,14747.747241532361,21033.526382742726,Domestic,daily
2022-11-04,19862.006962384916,16473.085419093408,23225.345725716837,Domestic,daily
2022-11-05,21321.199880907516,17841.72574746765,24239.93661035029,Domestic,daily
2022-11-06,16498.851608701483,13506.235758785284,19771.98355958208,Domestic,daily
2022-11-07,17539.060289360918,14339.801942977132,20573.185538762194,Domestic,daily
2022-11-08,18017.153757855198,15055.078949049113,21312.23248198211,Domestic,daily
2022-11-09,18117.123215639676,14887.294313607093,21581.49396694622,Domestic,daily
2022-11-10,17865.16479233895,14606.848790537328,21107.806114898467,Domestic,daily
2022-11-11,19823.96374105381,16573.712260455668,23075.309542007624,Domestic,daily
2022-11-12,21288.458384163212,18197.092380386883,24594.76476107092,Domestic,daily
2022-11-13,16471.627185751455,13379.122185418093,19623.206265887147,Domestic,daily
2022-11-14,17520.569808571163,14348.795537333635,20865.563215805796,Domestic,daily
2022-11-15,18009.11866641883,15054.77553456337,21542.013398784613,Domestic,daily
2022-11-16,18121.3369421571,15045.066064851577,21289.234895716265,Domestic,daily
2022-11-17,17883.428595708385,15120.669964921886,21301.07181121492,Domestic,daily
2022-11-18,19858.670646532137,16704.626796069762,23062.065268912083,Domestic,daily
2022-11-19,21341.2965498032,18246.299792267342,24602.05771516844,Domestic,daily
2022-11-20,16542.809630994663,13204.421964422325,19631.956045150306,Domestic,daily
2022-11-21,17613.12607266216,14362.302681523228,20643.31738233303,Domestic,daily
2022-11-22,18124.39294985199,14907.954618843398,20986.261684944973,Domestic,daily
2022-11-23,18260.55249769144,15006.33276522223,21243.36141119045,Domestic,daily
2022-11-24,18047.622201047096,14767.347766706978,21429.322837474316,Domestic,daily
2022-11-25,20049.27655473611,16935.824316654587,23231.25365204548,Domestic,daily
2022-11-26,21558.851062692083,18675.847443945153,24637.86081779823,Domestic,daily
2022-11-27,16786.183093547137,13656.62248926251,19661.690497398962,Domestic,daily
2022-11-28,17883.817800544784,14675.921253320734,21257.099400220603,Domestic,daily
2022-11-29,18422.03367370988,15075.342863397478,21493.509853986056,Domestic,daily
2022-11-30,18584.474211930952,15212.506729697117,21809.71823939756,Domestic,daily
2022-12-01,18396.799458940182,15425.677156765305,21554.49148138235,Domestic,daily
2022-12-02,20422.91924794717,17193.58458945139,23774.063687058948,Domestic,daily
2022-12-03,21955.118839521867,18627.712591110292,25209.82952132001,Domestic,daily
2022-12-04,17201.43025008462,13887.04263055447,20305.005066408234,Domestic,daily
2022-12-05,18316.904836295915,15026.030101073047,21477.814736363034,Domestic,daily
2022-12-06,18869.848083990644,15741.583099099822,22324.852842875207,Domestic,daily
2022-12-07,19043.523426999403,15738.79656343578,22308.92674078546,Domestic,daily
2022-12-08,18863.179094640083,15938.873932691798,22052.1607627334,Domestic,daily
2022-12-09,20892.93689603335,17603.00164889091,24027.539423237387,Domestic,daily
2022-12-10,22424.045084421785,19364.80465588648,25237.356230007146,Domestic,daily
2022-12-11,17662.783449678296,14453.690174184694,20744.990639996147,Domestic,daily
2022-12-12,18766.80904694298,15681.674394766087,21703.303522597784,Domestic,daily
2022-12-13,19302.60161140399,15984.977971831564,22354.562237850547,Domestic,daily
2022-12-14,19453.24524140893,16492.36832152184,22607.901857290995,Domestic,daily
2022-12-15,19243.832974953082,15896.958285729816,22446.37750002422,Domestic,daily
2022-12-16,21239.01351430058,17977.260615662613,24350.826494873243,Domestic,daily
2022-12-17,22729.371350945265,19422.131082078406,25783.874550487235,Domestic,daily
2022-12-18,17919.866292462997,15075.099987701135,20995.80535395328,Domestic,daily
2022-12-19,18971.25028843729,15706.48376094189,22036.920875788786,Domestic,daily
2022-12-20,19448.720182659003,16122.073187631791,22580.294755418523,Domestic,daily
2022-12-21,19535.772322406912,16139.013003055428,22864.112777630417,Domestic,daily
2022-12-22,19257.978229444503,16086.702541886038,22471.37307831507,Domestic,daily
2022-12-23,21181.180935950855,18086.430730547378,24267.276323657483,Domestic,daily
2022-12-24,22595.992399561168,19513.77175489453,25794.380480496635,Domestic,daily
2022-12-25,17706.75595934954,14596.675296247538,20980.887635093874,Domestic,daily
2022-12-26,18678.021379707185,15631.695697564006,21957.269930430783,Domestic,daily
2022-12-27,19074.39090076775,15972.276360150196,22313.03402513435,Domestic,daily
2022-12-28,19080.431838241966,15837.424735288876,22488.051341905386,Domestic,daily
2022-12-29,18722.807826574128,15480.46618118015,21852.149969026235,Domestic,daily
2022-12-30,20569.109005379592,17560.311064066707,23799.53581979344,Domestic,daily
2022-12-31,21910.451105361994,18733.22703412931,25024.232047676513,Domestic,daily
2023-01-01,16950.945758030008,13927.316999066392,20326.396326865502,Domestic,daily
2023-01-02,17859.219640038653,14610.126310233829,21022.372473734544,Domestic,daily
2023-01-03,18199.441077915468,14892.198714544953,21219.43373820069,Domestic,daily
2023-01-04,18157.27967190855,14923.200446137378,21288.56697979448,Domestic,daily
2023-01-05,17760.384304806154,14649.202410814005,20771.38632667255,Domestic,daily
2023-01-06,19577.840879413674,16285.52954541617,22694.360574817976,Domestic,daily
2023-01-07,20900.86958512439,17783.451571818106,24090.439602145005,Domestic,daily
2023-01-08,15932.80262591948,12898.609270648052,19159.340518303823,Domestic,daily
2023-01-09,16845.65026490823,13857.812708881445,19809.865863433246,Domestic,daily
2023-01-10,17202.31412457121,14023.408506785136,20224.021834256928,Domestic,daily
2023-01-11,17188.603345212898,14099.114842613317,20319.254052568744,Domestic,daily
2023-01-12,16832.07218199844,13722.203331390841,20229.255038836276,Domestic,daily
2023-01-13,18702.121287588252,15374.59205343286,21857.78785339454,Domestic,daily
2023-01-14,20088.812089814743,16639.667099769013,23136.28814710026,Domestic,daily
2023-01-15,15193.373505569238,12235.77295084248,18325.272817171463,Domestic,daily
2023-01-16,16189.838696649535,12989.956795967692,19260.03696843854,Domestic,daily
2023-01-17,16638.47064694345,13463.051407006298,19748.714659546946,Domestic,daily
2023-01-18,16723.861708794953,13198.520452281778,19848.912732514367,Domestic,daily
2023-01-19,16472.158324273947,13037.970451287349,19880.345425999873,Domestic,daily
2023-01-20,18451.833468160672,15100.035723019422,21527.468610493208,Domestic,daily
2023-01-21,19950.64520425946,16945.070307568618,23188.60725209284,Domestic,daily
2023-01-22,15166.698251911132,12103.984092764627,18364.729892297994,Domestic,daily
2023-01-23,16275.175510706567,13234.228585765291,19526.59839616656,Domestic,daily
2023-01-24,16832.997522126574,13481.462023960536,20115.203756058458,Domestic,daily
2023-01-25,17023.024038628148,13518.00260606212,20105.63595166865,Domestic,daily
2023-01-26,16869.680988831056,13838.60774837942,20298.628114321295,Domestic,daily
2023-01-27,18940.415262060924,15748.852309293512,22376.404646079878,Domestic,daily
2023-01-28,20520.80432133038,17288.986314638067,23663.526712888004,Domestic,daily
2023-01-29,15806.174948837197,12625.271451804429,18824.811046976738,Domestic,daily
2023-01-30,16973.427142156226,13805.266353494288,20058.938283893207,Domestic,daily
2023-01-31,17576.92029594478,14312.79696261887,20686.680512036673,Domestic,daily
2023-02-01,17798.76492363223,14393.883320709645,20808.90915778718,Domestic,daily
2023-02-02,17662.83546674395,14595.475566775222,20812.460735756635,Domestic,daily
2023-02-03,19736.886778327862,16375.242678824581,23010.226461773753,Domestic,daily
2023-02-04,21305.790300103483,18162.04350872724,24413.34702583139,Domestic,daily
2023-02-05,16563.682135567327,13489.103717964359,19503.29291385405,Domestic,daily
2023-02-06,17690.848686191108,14518.378872591398,20820.566414923593,Domestic,daily
2023-02-07,18240.806794885648,14966.049386501287,21514.312995603832,Domestic,daily
2023-02-08,18396.651448403543,15428.572523947005,21448.301219693338,Domestic,daily
2023-02-09,18183.4196009725,15035.011908034638,21231.044080005035,Domestic,daily
2023-02-10,20170.833650050103,17013.294126457724,23206.017369183337,Domestic,daily
2023-02-11,21644.63038097487,18556.316437050453,24715.340933951713,Domestic,daily
2023-02-12,16799.206254564917,13647.621961581986,20048.529730761824,Domestic,daily
2023-02-13,17819.53509456435,14799.068059977892,20835.5896843348,Domestic,daily
2023-02-14,18259.415618626004,15006.559174629534,21547.594407005174,Domestic,daily
2023-02-15,18303.85228293584,14989.41169691231,21351.642551192275,Domestic,daily
2023-02-16,17979.7515548349,14816.813319358207,21277.610742667082,Domestic,daily
2023-02-17,19859.27852735176,16755.88353421918,22950.687951504005,Domestic,daily
2023-02-18,21229.269819256642,18042.84126332797,24453.008698636113,Domestic,daily
2023-02-19,16284.372517157504,13001.261044673229,19553.791769516276,Domestic,daily
2023-02-20,17213.99569315572,13847.166814391716,20408.499568872554,Domestic,daily
2023-02-21,17571.73240105689,14692.421698175043,20772.581875015527,Domestic,daily
2023-02-22,17543.78587299842,14172.603652632028,20643.942640663285,Domestic,daily
2023-02-23,17158.015293766726,14070.720415111571,20268.65137888474,Domestic,daily
2023-02-24,18987.927045507226,15911.607704792441,22135.028389195482,Domestic,daily
2023-02-25,20320.196977661595,17189.78847888991,23513.1398330803,Domestic,daily
2023-02-26,15348.33174402711,12436.01007908148,18792.161095605432,Domestic,daily
2023-02-27,16264.685531165438,13081.320287048704,19627.151632806173,Domestic,daily
2023-02-28,16621.08978697366,13349.936176052497,19806.944844385474,Domestic,daily
2023-03-01,16603.359150054854,13557.381497107868,19612.640240491968,Domestic,daily
2023-03-02,16238.72139740304,12727.456359065114,19440.22431798263,Domestic,daily
2023-03-03,18100.47747092825,14885.173096452321,21475.823598468935,Domestic,daily
2023-03-04,19473.6659545785,16149.087811677853,22982.83094849785,Domestic,daily
2023-03-05,14549.277559751083,11498.665515617473,17987.77237551958,Domestic,daily
2023-03-06,15521.3650430273,12451.550728778642,18702.01177760878,Domestic,daily
2023-03-07,15938.90521772052,12595.16654030421,19120.123995721042,Domestic,daily
2023-03-08,15986.405221326655,12807.997700034824,19074.21507072808,Domestic,daily
2023-03-09,15689.732834596514,12337.93420401582,18749.358686700813,Domestic,daily
2023-03-10,17621.456760596986,14572.503974870755,20738.549543231537,Domestic,daily
2023-03-11,19064.659836757703,15817.932298481157,22360.1193417544,Domestic,daily
2023-03-12,14207.70817598544,11015.628970781743,17383.78286038897,Domestic,daily
2023-03-13,15246.450791474004,11993.666103190131,18639.75759553759,Domestic,daily
2023-03-14,15727.305586507377,12641.786022378219,18832.35980774825,Domestic,daily
2023-03-15,15833.953112073252,12659.39710611477,19245.387025555563,Domestic,daily
2023-03-16,15591.550257012826,12447.328600663604,18750.902303250106,Domestic,daily
2023-03-17,17572.730115368526,14409.605318256665,20771.99454388718,Domestic,daily
2023-03-18,19059.540179685526,15886.149439206838,22220.489435586212,Domestic,daily
2023-03-19,14238.739938272754,11025.190077444313,17502.92808336104,Domestic,daily
2023-03-20,15309.062257736377,12120.875389286679,18470.825124983774,Domestic,daily
2023-03-21,15815.49438166914,12649.826328930905,19107.683806818608,Domestic,daily
2023-03-22,15942.029933395364,12569.654079465541,19377.48385098793,Domestic,daily
2023-03-23,15714.237195918988,12371.396573779117,19179.84113625166,Domestic,daily
2023-03-24,17705.890966020666,14469.802635687702,20818.106070480528,Domestic,daily
2023-03-25,19199.009980268725,16238.701077722146,22273.887217645206,Domestic,daily
2023-03-26,14379.659687292551,11209.940058494201,17572.37927817018,Domestic,daily
2023-03-27,15450.25511506805,12329.06175768382,18532.36170554661,Domestic,daily
2023-03-28,15955.020066059484,12722.83514765134,18853.450694249193,Domestic,daily
2023-03-29,16078.784369125566,12981.857559078171,19294.496546704097,Domestic,daily
2023-03-30,15847.897819015,12635.04935677917,19146.497500948462,Domestic,daily
2023-03-31,17837.489291937087,14562.38436080496,20991.619539219555,Domestic,daily
2023-04-01,19329.60291093513,16086.93014138847,22424.69938391115,Domestic,daily
2023-04-02,14509.50964731674,11285.874669139037,17650.899513231227,Domestic,daily
2023-04-03,15583.0592825066,12367.037881255896,18729.243142237883,Domestic,daily
2023-04-04,16093.329073841775,13096.506942908953,19344.291584319726,Domestic,daily
2023-04-05,16225.480811521184,12964.269572730393,19234.598980368057,Domestic,daily
2023-04-06,16006.037794168464,12667.958161472703,19273.98504446152,Domestic,daily
2023-04-07,18010.790876872245,14881.684089509889,21242.34526092104,Domestic,daily
2023-04-08,19521.054765244637,16175.84620748523,22807.897562168084,Domestic,daily
2023-04-09,14720.510944886042,11394.382321648356,18001.16105485386,Domestic,daily
2023-04-10,15817.631720487127,12689.314845314779,18918.26069409773,Domestic,daily
2023-04-11,16353.541194842846,13355.427718135328,19381.395035549787,Domestic,daily
2023-04-12,16512.95422667457,13335.978489897827,19582.305626610436,Domestic,daily
2023-04-13,16321.837219492056,13059.82758634515,19506.987800061866,Domestic,daily
2023-04-14,18355.98003734659,15239.116677351847,21519.051156443125,Domestic,daily
2023-04-15,19895.389060166708,16726.02346175428,22903.006127526856,Domestic,daily
2023-04-16,15121.675383666194,12021.3108273377,18277.560725173887,Domestic,daily
2023-04-17,16245.561884078377,13142.365149141231,19453.471535438122,Domestic,daily
2023-04-18,16805.96424853177,13537.433801807063,19829.127621244505,Domestic,daily
2023-04-19,16987.01624087512,13803.398218755785,19963.496044230487,Domestic,daily
2023-04-20,16814.115351633845,13607.652908231375,19985.503293050864,Domestic,daily
2023-04-21,18863.158336283726,15624.838822254098,22093.51938362514,Domestic,daily
2023-04-22,20413.065648334465,17325.687133161773,23640.991853204974,Domestic,daily
2023-04-23,15643.706625726565,12537.481623862375,18914.656741457184,Domestic,daily
2023-04-24,16768.47870810037,13574.217966440572,19988.865281200713,Domestic,daily
2023-04-25,17324.595431882335,14132.150845264827,20390.427686604704,Domestic,daily
2023-04-26,17496.18312978596,14368.249869040854,20712.631222530406,Domestic,daily
2023-04-27,17308.695244430208,14107.864624685742,20561.776011329333,Domestic,daily
2023-04-28,19338.794455966767,16237.193737542675,22519.352680460277,Domestic,daily
2023-04-29,20864.991121091054,17505.692506117648,24024.116398265305,Domestic,daily
2023-04-30,16066.088226374564,12868.100847192012,19037.17649846825,Domestic,daily
2023-05-01,17158.81616232195,13902.984436083101,20298.245562283086,Domestic,daily
2023-05-02,17679.312150043897,14502.22055924562,20952.82855367178,Domestic,daily
2023-05-03,17812.27429749474,14723.378221725201,21158.751656053064,Domestic,daily
2023-05-04,17583.732294929316,14496.602552213535,20670.47216338648,Domestic,daily
2023-05-05,19571.56592012155,16262.692363877233,22643.881278012108,Domestic,daily
2023-05-06,21054.249546357085,17884.010382339355,24235.640146107187,Domestic,daily
2023-05-07,16209.811331545594,13116.257923638836,19352.56326821583,Domestic,daily
2023-05-08,17258.52047820257,14109.681592366132,20726.919569059326,Domestic,daily
2023-05-09,17735.55746003101,14387.251200736548,20567.998881436215,Domestic,daily
2023-05-10,17826.227148958435,14827.211179323927,21077.596004501025,Domestic,daily
2023-05-11,17557.0897902899,14313.56037173493,20762.377915010824,Domestic,daily
2023-05-12,19507.121744928736,16434.81541996235,22687.40256319645,Domestic,daily
2023-05-13,20954.57361273561,17685.119689736814,24083.467288351545,Domestic,daily
2023-05-14,16076.452573396637,12930.831907197817,19327.284065205506,Domestic,daily
2023-05-15,17096.272071116808,13950.925086079525,20183.71509992572,Domestic,daily
2023-05-16,17547.92343511067,14498.302182731048,20777.430847890126,Domestic,daily
2023-05-17,17616.95895412174,14556.317299204042,21086.28125014387,Domestic,daily
2023-05-18,17330.09392268194,14239.101274241102,20333.537671536764,Domestic,daily
2023-05-19,19267.01997500249,16069.160546835323,22672.47613923632,Domestic,daily
2023-05-20,20705.386427533067,17646.030618769582,23816.809621452754,Domestic,daily
2023-05-21,15820.814329007771,12757.690825170628,19029.755374657158,Domestic,daily
2023-05-22,16839.715849902466,13750.695392948614,20156.478478877416,Domestic,daily
2023-05-23,17294.373131754885,14128.425859976447,20563.58300018226,Domestic,daily
2023-05-24,17370.295551154468,14267.529308784215,20613.988388500544,Domestic,daily
2023-05-25,17094.09544360809,13651.377684732988,20287.40591485383,Domestic,daily
2023-05-26,19045.954995798773,16047.236102386885,22355.890773651292,Domestic,daily
2023-05-27,20502.730191240153,17214.706709300975,23848.964703422018,Domestic,daily
2023-05-28,15638.494507277155,12528.954425971777,19019.51188160022,Domestic,daily
2023-05-29,16682.42464967754,13605.67834980108,19846.989090003808,Domestic,daily
2023-05-30,17165.08223133054,14147.215941138496,20345.315701711188,Domestic,daily
2023-05-31,17271.839997856532,14128.163412179467,20534.438555592908,Domestic,daily
2023-06-01,17029.125493308966,13890.356833249565,20066.133648673007,Domestic,daily
2023-06-02,19017.535552500085,15847.512061166022,22339.208817739058,Domestic,daily
2023-06-03,20513.056986819734,17523.75690130649,23754.320285951075,Domestic,daily
2023-06-04,15688.134449038089,12482.933747043235,18759.1969743461,Domestic,daily
2023-06-05,16774.617718441255,13791.941311848193,20023.358692881542,Domestic,daily
2023-06-06,17301.24235041349,13971.145518011688,20457.142486009434,Domestic,daily
2023-06-07,17453.12216570546,14226.237228998025,20564.779167537927,Domestic,daily
2023-06-08,17256.359497303278,14204.616806565884,20550.056382655977,Domestic,daily
2023-06-09,19291.807384793254,16156.946093278717,22571.39997534349,Domestic,daily
2023-06-10,20834.40863274772,17843.22759246669,23933.5226935058,Domestic,daily
2023-06-11,16054.791013038808,13024.25236036682,19175.75366049702,Domestic,daily
2023-06-12,17187.28075311289,13997.946719952766,20465.938633763017,Domestic,daily
2023-06-13,17758.588175784338,14768.474714761463,21140.429911704832,Domestic,daily
2023-06-14,17953.373664426963,14646.760742971526,21088.719378810754,Domestic,daily
2023-06-15,17797.23266903484,14668.284747813983,20820.431064158453,Domestic,daily
2023-06-16,19871.114472883215,16646.580196553114,23070.70594683969,Domestic,daily
2023-06-17,21448.78887443126,18500.021563080318,24773.49953876477,Domestic,daily
2023-06-18,16698.978019481994,13468.773716389323,19691.68673612211,Domestic,daily
2023-06-19,17858.44506929638,14639.452937853031,20922.597406515946,Domestic,daily
2023-06-20,18451.89313026599,15223.774989007685,21729.323650453473,Domestic,daily
2023-06-21,18663.611962184274,15899.612286854728,21962.06177493321,Domestic,daily
2023-06-22,18518.843642465272,15128.682200840121,21796.06424632998,Domestic,daily
2023-06-23,20598.862130545836,17338.0286141473,23797.91311141823,Domestic,daily
2023-06-24,22176.569862019303,18850.436493745397,25360.025780545522,Domestic,daily
2023-06-25,17419.166351527136,14357.57915372467,20468.982090496876,Domestic,daily
2023-06-26,18566.30988310614,15445.668657450533,21557.337057775156,Domestic,daily
2023-06-27,19141.22518987957,15979.633756839774,22290.392567444043,Domestic,daily
2023-06-28,19328.423972668268,16233.199649612561,22589.640676820607,Domestic,daily
2023-06-29,19153.441955269285,15919.299888840827,22187.007030883946,Domestic,daily
2023-06-30,21198.567807518386,17898.487772230892,24249.6304870466,Domestic,daily
2023-07-01,22736.556210079485,19640.11903211459,25887.055764066485,Domestic,daily
2023-07-02,17933.81811237224,14637.46029312719,21389.03845905518,Domestic,daily
2023-07-03,19033.638947872747,15697.880502797645,22143.174665143353,Domestic,daily
2023-07-04,19558.47767190461,16404.322560696615,22788.640539340995,Domestic,daily
2023-07-05,19693.74313950829,16480.76735237523,22851.340236459055,Domestic,daily
2023-07-06,19465.884608021574,16237.070328784717,22580.79616548744,Domestic,daily
2023-07-07,21458.75249544924,18209.180944828342,24637.110522232095,Domestic,daily
2023-07-08,22945.411435023212,19735.356178297352,26020.507048406947,Domestic,daily
2023-07-09,18091.83711215865,15088.58921623453,21344.508553034342,Domestic,daily
2023-07-10,19145.17786442761,16060.164652387446,22312.086985339065,Domestic,daily
2023-07-11,19627.234348232636,16315.597237565982,22684.9379193902,Domestic,daily
2023-07-12,19724.283737566628,16675.423324566185,23042.0003172677,Domestic,daily
2023-07-13,19463.5187253325,16464.04378399247,22577.10469017231,Domestic,daily
2023-07-14,21430.038490134117,18458.766730495303,24655.516584040186,Domestic,daily
2023-07-15,22896.763556273287,19656.987331260454,26091.82415180166,Domestic,daily
2023-07-16,18028.644589723386,14836.892398560605,21338.869257668714,Domestic,daily
2023-07-17,19075.976283259104,15881.132668745782,21984.238348750994,Domestic,daily
2023-07-18,19559.069963267928,16379.086972896299,22359.327581614412,Domestic,daily
2023-07-19,19664.141123006928,16447.18103023619,22894.585745159857,Domestic,daily
2023-07-20,19418.115339963093,16336.299248386209,22406.112205854275,Domestic,daily
2023-07-21,21406.27038960477,18174.57013347805,24343.133494114507,Domestic,daily
2023-07-22,22900.27591216134,19874.19267126551,26049.936448707376,Domestic,daily
2023-07-23,18062.938708737096,15110.77100416104,21219.3405071595,Domestic,daily
2023-07-24,19146.594418135235,16119.01254445252,22240.17306144676,Domestic,daily
2023-07-25,19668.998922605864,16569.12463218563,22972.447522740844,Domestic,daily
2023-07-26,19815.30479288875,16581.665933375545,22907.243151292056,Domestic,daily
2023-07-27,19611.258776976465,16231.807199559462,22917.45791476591,Domestic,daily
2023-07-28,21641.51816556608,18338.844625690366,24834.200579017925,Domestic,daily
2023-07-29,23175.83621910883,19846.017966006173,26511.223653941906,Domestic,daily
2023-07-30,18374.36220959921,15267.602586090383,21638.53145721184,Domestic,daily
2023-07-31,19491.125929075002,16387.75306473027,22685.11613534287,Domestic,daily
2023-08-01,20041.15930491496,16680.404203335762,23246.85644934634,Domestic,daily
2023-08-02,20208.56919841676,16785.389044617805,23243.60199153667,Domestic,daily
2023-08-03,20018.12969372984,16731.030174788313,23100.348386718797,Domestic,daily
2023-08-04,22054.27158890992,18777.558291673973,25054.414649600632,Domestic,daily
2023-08-05,23585.408067212713,20500.99086017209,26950.016554045982,Domestic,daily
2023-08-06,18769.779653186783,15408.154565652241,21685.56242091813,Domestic,daily
2023-08-07,19864.017588143324,16611.05600515058,22868.43055263119,Domestic,daily
2023-08-08,20381.47784429696,17479.64121435573,23961.324150447843,Domestic,daily
2023-08-09,20506.38900456512,17548.13242788407,23635.71069393909,Domestic,daily
2023-08-10,20263.81507858274,17198.162769561994,23438.121615792337,Domestic,daily
2023-08-11,22239.29146033478,19172.4677422708,25359.153732313105,Domestic,daily
2023-08-12,23701.262292048385,20254.068925153737,26896.07773994993,Domestic,daily
2023-08-13,18807.440683494337,15566.312730041212,21905.600693855486,Domestic,daily
2023-08-14,19818.420756519823,16763.898447874148,22813.356301647673,Domestic,daily
2023-08-15,20247.194252298515,17301.03063295896,23533.157604904147,Domestic,daily
2023-08-16,20279.344499776074,17043.305992672358,23416.2337002056,Domestic,daily
2023-08-17,19941.352501004854,16788.89274039415,23098.52959506312,Domestic,daily
2023-08-18,21820.854252739602,18675.230444522927,24916.611473647878,Domestic,daily
2023-08-19,23187.167779166964,19999.214866190123,26505.056260369234,Domestic,daily
2023-08-20,18198.149831189407,15142.922916148935,21240.005050383694,Domestic,daily
2023-08-21,19118.841666257915,15843.652768601258,22425.68938357719,Domestic,daily
2023-08-22,19462.157621701786,16394.92347932009,22703.507667535614,Domestic,daily
2023-08-23,19415.11882716524,16111.458264203673,22614.478852970915,Domestic,daily
2023-08-24,19005.500843615766,16007.599496656925,22312.939515216654,Domestic,daily
2023-08-25,20822.71525655472,17656.180802448773,24012.86107753325,Domestic,daily
2023-08-26,22136.433704128285,18969.386850546725,25278.74777901272,Domestic,daily
2023-08-27,17103.95274147463,13801.384969236278,20260.25252319331,Domestic,daily
2023-08-28,17993.889033228937,14682.2546183232,21210.64219106282,Domestic,daily
2023-08-29,18318.059182487774,15145.919406233937,21368.06990515763,Domestic,daily
2023-08-30,18263.775610871115,15219.00663223366,21473.906190904352,Domestic,daily
2023-08-31,17858.86075942712,14411.521206826676,21092.376695398827,Domestic,daily
2023-09-01,19693.1799391185,16522.739931372318,22819.927011486463,Domestic,daily
2023-09-02,21035.390668523243,17809.712595704186,24334.85078182304,Domestic,daily
2023-09-03,16040.844672451622,12708.792696416936,19301.172738645757,Domestic,daily
2023-09-04,16980.361429763063,13744.451589074872,20192.425577193884,Domestic,daily
2023-09-05,17363.32750136164,14176.654659197282,20806.777320631216,Domestic,daily
2023-09-06,17376.081476320756,14326.077746256637,20499.313612547194,Domestic,daily
2023-09-07,17045.31968338828,13817.928233735063,20361.67822019477,Domestic,daily
2023-09-08,18960.302750182203,15731.892916556595,22421.330799881755,Domestic,daily
2023-09-09,20387.7497265112,17180.614297644694,23627.13067042308,Domestic,daily
2023-09-10,15480.293319649034,12391.406627130667,18548.005206555117,Domestic,daily
2023-09-11,16510.344218107573,13251.695082464437,19742.563188882727,Domestic,daily
2023-09-12,16984.418444321695,13785.467914262443,20095.657828123694,Domestic,daily
2023-09-13,17087.615883690964,13933.54824765453,20206.098582858904,Domestic,daily
2023-09-14,16845.41800132891,13772.753360959585,20117.747359619152,Domestic,daily
2023-09-15,18846.56466778322,15755.387051319378,22096.45572444775,Domestic,daily
2023-09-16,20356.08586876109,17171.457156665536,23579.95661559965,Domestic,daily
2023-09-17,15524.299489390856,12162.062774446267,18680.521523965628,Domestic,daily
2023-09-18,16625.752584997263,13430.079590898227,19577.602607643046,Domestic,daily
2023-09-19,17164.76020532733,14043.56772098438,20136.495671084933,Domestic,daily
2023-09-20,17325.958702050495,13959.667370013209,20347.549696893777,Domestic,daily
2023-09-21,17134.474910879162,13912.465326906748,20140.50306056187,Domestic,daily
2023-09-22,19179.451517881083,16081.384678063803,22315.298274299854,Domestic,daily
2023-09-23,20725.193995602767,17591.88912338887,24080.82629931192,Domestic,daily
2023-09-24,15920.688509562995,12559.659738360859,18964.581160084723,Domestic,daily
2023-09-25,17043.59817608213,13763.07279460174,20284.47372228486,Domestic,daily
2023-09-26,17596.992397747257,14509.778805310943,20765.62533079231,Domestic,daily
2023-09-27,17765.955440059053,14559.051085535104,21003.761307974197,Domestic,daily
2023-09-28,17576.10945984179,14485.057990835789,20555.18844871978,Domestic,daily
2023-09-29,19617.773026486986,16638.518370081874,22880.814567091096,Domestic,daily
2023-09-30,21155.210443829335,18030.15409158386,24289.923054067713,Domestic,daily
2023-10-01,16336.659672844547,13172.41995826483,19746.61954186552,Domestic,daily
2023-10-02,17443.3763528746,14229.597277186467,20343.962559404114,Domestic,daily
2023-10-03,17977.54937153739,14801.609095998067,21218.554222697014,Domestic,daily
2023-10-04,18124.963338598423,14823.819386956431,21217.914375564862,Domestic,daily
2023-10-05,17911.876912344236,14702.742720007254,21205.490740546946,Domestic,daily
2023-10-06,19929.81858085225,16745.84312075446,23313.012175430355,Domestic,daily
2023-10-07,21442.944890557188,18295.23197977765,24563.106344947202,Domestic,daily
2023-10-08,16598.587046261466,13502.808158844759,19793.24345619081,Domestic,daily
2023-10-09,17681.353162745112,14092.822616350773,20598.627237992758,Domestic,daily
2023-10-10,18192.241980037146,14799.517055930432,21175.602532001958,Domestic,daily
2023-10-11,18317.37220256013,15114.07285649518,21502.435497822175,Domestic,daily
2023-10-12,18083.229751667404,14776.098801716395,21240.789633630382,Domestic,daily
2023-10-13,20082.114697728568,16880.550125194975,23253.347654133235,Domestic,daily
2023-10-14,21577.622163074033,18423.539814654006,25065.414447303378,Domestic,daily
2023-10-15,16715.720879484925,13644.49477293578,20111.374888518938,Domestic,daily
2023-10-16,17783.926129683827,14742.438634302733,20997.09743861238,Domestic,daily
2023-10-17,18281.622952521564,14991.630986538248,21410.723004760024,Domestic,daily
2023-10-18,18394.872328875234,15416.950593668937,21705.775950205625,Domestic,daily
2023-10-19,18150.03578098695,14979.294519695923,21369.67021003933,Domestic,daily
2023-10-20,20139.88017232547,16966.560913740672,23341.97178066537,Domestic,daily
2023-10-21,21627.18621076649,18395.817786735486,24818.430170784784,Domestic,daily
2023-10-22,16756.362067052356,13255.601084028905,19719.248610956794,Domestic,daily
2023-10-23,17817.688310430724,14767.56062243478,20811.765568521747,Domestic,daily
2023-10-24,18308.850182090788,15300.061816629177,21547.00575393904,Domestic,daily
2023-10-25,18415.818600687857,15068.528027883825,21485.579506496553,Domestic,daily
2023-10-26,18164.848635769624,15050.264669558903,21427.667150647816,Domestic,daily
2023-10-27,20149.237451015797,16768.49270775101,23498.524384206077,Domestic,daily
2023-10-28,21631.054650831436,18644.720180388136,24956.70156248234,Domestic,daily
2023-10-29,16753.284407833045,13670.828908177384,20069.312764957678,Domestic,daily
2023-10-30,17809.135291701656,14627.073347813519,21108.015832330402,Domestic,daily
2023-10-31,18294.774209030642,15374.088643755484,21451.827917964394,Domestic,daily
2023-11-01,18396.27476617746,15195.444048559537,21447.56966020885,Domestic,daily
2023-11-02,18134.85683310681,15060.195304449879,21278.669083017605,Domestic,daily
2023-11-03,20108.548688813633,17111.908901665924,23312.122140953346,Domestic,daily
2023-11-04,21579.31914570033,18412.68197492158,24789.33765844185,Domestic,daily
2023-11-05,16695.9440529595,13473.94639981556,19824.41596658702,Domestic,daily
2023-11-06,17742.730504039693,14397.33875087494,21015.295120595456,Domestic,daily
2023-11-07,18220.449473056135,14981.869094417647,21482.19271875286,Domestic,daily
2023-11-08,18315.490657078655,15150.350867553349,21509.485497008875,Domestic,daily
2023-11-09,18054.6248600642,14916.087634872307,21172.788578699612,Domestic,daily
2023-11-10,20026.343436000316,16961.854964113718,23087.21891816887,Domestic,daily
2023-11-11,21497.51374436206,18215.906023802137,24869.998828955522,Domestic,daily
2023-11-12,16627.221810056344,13221.352781019876,19875.212190260623,Domestic,daily
2023-11-13,17678.484732596153,14336.204981955114,20890.030293284748,Domestic,daily
2023-11-14,18163.470668453087,14918.995707994787,21543.935889462187,Domestic,daily
2023-11-15,18268.302615867837,15248.74431249242,21489.444389860488,Domestic,daily
2023-11-16,18019.737894183243,14609.93577921742,21015.394648623507,Domestic,daily
2023-11-17,20001.761251297477,16910.45700838665,23420.20282111855,Domestic,daily
2023-11-18,21485.9837243038,18102.64242268421,24479.928462919626,Domestic,daily
2023-11-19,16641.633907964737,13474.073737565725,19680.454806875416,Domestic,daily
2023-11-20,17710.26130820404,14275.440225840755,20756.335061505662,Domestic,daily
2023-11-21,18215.246207832617,15259.854512643944,21323.537208442023,Domestic,daily
2023-11-22,18342.254677059253,15341.83346199103,21487.021004417216,Domestic,daily
2023-11-23,18117.837151663465,14866.169663143413,21082.94779633848,Domestic,daily
2023-11-24,20121.27692689471,17233.480394796836,23212.90261258333,Domestic,daily
2023-11-25,21628.73388618233,18514.305812819122,24566.480669560955,Domestic,daily
2023-11-26,16819.385624700804,13508.298941343202,20083.938017275086,Domestic,daily
2023-11-27,17913.122838396514,14617.360843967062,20994.238408759407,Domestic,daily
2023-11-28,18444.35008503263,15274.341126212188,21691.550431782194,Domestic,daily
2023-11-29,18598.093038286603,15457.322922150315,21696.523682857747,Domestic,daily
2023-11-30,18400.51727911364,15402.860531309943,21576.04983071367,Domestic,daily
2023-12-01,20426.033476799035,17286.306561316967,23469.99720358059,Domestic,daily
2023-12-02,21955.187556387544,18640.08972698306,25039.272835164917,Domestic,daily
2023-12-03,17176.953590610497,13900.984248424333,20224.911956273998,Domestic,daily
2023-12-04,18289.423536111895,15209.780557713702,21325.300435724355,Domestic,daily
2023-12-05,18837.90163490766,15549.965419696719,21824.34471712564,Domestic,daily
2023-12-06,19006.667100899867,16123.326452351845,22111.294304669264,Domestic,daily
2023-12-07,18821.416739987526,15741.988971630215,21778.31134496431,Domestic,daily
2023-12-08,20851.630813956035,17457.59995845349,24153.461355590178,Domestic,daily
2023-12-09,22382.21394627208,19107.475546195703,25488.00147071577,Domestic,daily
2023-12-10,17611.944280356238,14373.03878480642,20839.686254375065,Domestic,daily
2023-12-11,18717.162126587384,15742.366660729598,21796.511819387604,Domestic,daily
2023-12-12,19254.16247618701,16082.577733683276,22417.93155153758,Domestic,daily
2023-12-13,19406.61732378244,16267.484990606556,22599.178703690475,Domestic,daily
2023-12-14,19195.6893115716,15833.130124584117,22462.292789057068,Domestic,daily
2023-12-15,21189.542302326485,18146.60214496566,24370.422577619727,Domestic,daily
2023-12-16,22678.078214452064,19537.327005025396,25731.461296856378,Domestic,daily
2023-12-17,17875.71587084511,14417.23727109573,21041.869881945,Domestic,daily
2023-12-18,18928.172096383732,15563.01799939723,21854.60492496074,Domestic,daily
2023-12-19,19407.871259514886,16143.901557178806,22587.665154231807,Domestic,daily
2023-12-20,19498.505495291567,16399.867925265677,22620.671225387207,Domestic,daily
2023-12-21,19226.010453244366,16140.855145945408,22284.923579577615,Domestic,daily
2023-12-22,21146.244053760453,17948.048550133044,24228.25606810811,Domestic,daily
2023-12-23,22558.635917359028,19205.467980640675,25723.733447099756,Domestic,daily
2023-12-24,17697.449457615174,14550.268875393944,20498.189752767787,Domestic,daily
2023-12-25,18668.893033884684,15444.225265482093,21829.16409667564,Domestic,daily
2023-12-26,19067.544713527463,15896.47436428642,21962.584749722413,Domestic,daily
2023-12-27,19077.42064157575,15872.024893914522,22256.729921051367,Domestic,daily
2023-12-28,18725.376501744257,15488.09955155972,21879.78287145279,Domestic,daily
2023-12-29,20559.841258943143,17270.10348532042,23466.08526471438,Domestic,daily
2023-12-30,21890.32433732117,18686.015609131493,25047.040983502924,Domestic,daily
2023-12-31,16971.411977757096,13638.571101434885,20159.638220306973,Domestic,daily
2024-01-01,17870.193543486675,14835.885638705737,20998.457226295406,Domestic,daily
2024-01-02,18203.687508791238,14983.775584693403,21397.907283275024,Domestic,daily
2024-01-03,18156.405299043166,15080.709545293292,21347.603021584597,Domestic,daily
2024-01-04,17756.167505479094,14641.114254098182,20587.06858726994,Domestic,daily
2024-01-05,19543.883749609096,16275.728832823968,22616.680892720007,Domestic,daily
2024-01-06,20838.911185920377,17555.026279324054,24122.114025923376,Domestic,daily
2024-01-07,15915.781440059589,12838.334675676471,19140.584228139014,Domestic,daily
2024-01-08,16801.941370238597,13717.979819246544,19900.780816769588,Domestic,daily
2024-01-09,17136.182753645895,14106.30059539583,20466.942264187786,Domestic,daily
2024-01-10,17102.70734671511,13751.594331082291,19989.900034846236,Domestic,daily
2024-01-11,16729.366914360795,13418.041558095627,19793.67345688655,Domestic,daily
2024-01-12,18548.501537859862,15466.120531100889,21815.365127439727,Domestic,daily
2024-01-13,19888.164890161916,16897.38027142323,22907.29182442355,Domestic,daily
2024-01-14,15041.600111158154,11809.127448115705,18147.20698452234,Domestic,daily
2024-01-15,15995.315988686052,12981.196258035843,19096.2773517098,Domestic,daily
2024-01-16,16408.54353758524,13205.721116702396,19616.947490580835,Domestic,daily
2024-01-17,16463.82725827394,13396.300052037357,19717.585681016215,Domestic,daily
2024-01-18,16187.715234173662,13137.944556616127,19192.742354747603,Domestic,daily
2024-01-19,18102.682853906,15046.907002412494,21316.27924958212,Domestic,daily
2024-01-20,19544.251952277576,16397.967487272428,22761.01378594058,Domestic,daily
2024-01-21,14823.242219337286,11475.02031393598,17855.607626567857,Domestic,daily
2024-01-22,15884.208274881703,12782.659870239202,18968.876797778383,Domestic,daily
2024-01-23,16405.94687231511,13213.767951266358,19592.264605487744,Domestic,daily
2024-01-24,16568.635733371742,13367.340465489024,19617.823990755496,Domestic,daily
2024-01-25,16396.99226678144,13245.06234575231,19636.918355837603,Domestic,daily
2024-01-26,18403.297752093487,15174.009196318568,21637.465736175185,Domestic,daily
2024-01-27,19930.421658302013,16734.014871283234,23154.950724638198,Domestic,daily
2024-01-28,15306.85569674967,12165.784113955,18539.5726528405,Domestic,daily
2024-01-29,16435.514328022993,13263.67967547299,19499.09551037448,Domestic,daily
2024-01-30,17015.29080469457,13758.557781522,20044.358952748524,Domestic,daily
2024-01-31,17224.73689250628,13986.268510299316,20222.812412211173,Domestic,daily
2024-02-01,17087.678916151755,13690.551799579769,20109.171930283916,Domestic,daily
2024-02-02,19107.326837039833,15752.021934493132,22123.534517610704,Domestic,daily
2024-02-03,20635.183929151623,17665.17104612776,23850.38673194217,Domestic,daily
2024-02-04,16018.839832671056,13023.926551808614,19055.810382686206,Domestic,daily
2024-02-05,17121.107530247275,13869.16554198578,20267.730399769094,Domestic,daily
2024-02-06,17662.598639637647,14438.802652188939,20952.609329782288,Domestic,daily
2024-02-07,17821.912134824124,14526.578412708506,20900.622150884996,Domestic,daily
2024-02-08,17623.674561016996,14483.94636519998,20604.665112594084,Domestic,daily
2024-02-09,19563.70003177908,16390.895745149322,22594.131470395118,Domestic,daily
2024-02-10,21003.751421012676,17788.69671550192,24259.375695041646,Domestic,daily
2024-02-11,16312.059392181884,13025.440849675091,19611.854823174555,Domestic,daily
2024-02-12,17312.76440502968,14174.75372948992,20496.591399833356,Domestic,daily
2024-02-13,17749.482128963537,14794.142907200358,21000.12810424518,Domestic,daily
2024-02-14,17801.975019073714,14542.214500586457,20692.155677892857,Domestic,daily
2024-02-15,17496.594148022712,14235.959760140331,20573.886431639716,Domestic,daily
2024-02-16,19322.47169006211,16018.88237973911,22384.08594136383,Domestic,daily
2024-02-17,20652.1197489703,17424.95062566571,23503.634361500943,Domestic,daily
2024-02-18,15874.666361017791,12805.207358172112,18863.22183954312,Domestic,daily
2024-02-19,16775.598620648314,13801.489847204557,20176.45520521068,Domestic,daily
2024-02-20,17121.319484349075,13873.124153521287,20360.076418193123,Domestic,daily
2024-02-21,17092.308620863703,13731.746935072437,20011.03261326575,Domestic,daily
2024-02-22,16715.977274301975,13603.136984237724,19849.13010969374,Domestic,daily
2024-02-23,18473.909370750836,15413.577671565314,21623.608615690726,Domestic,daily
2024-02-24,19748.318452854062,16799.294642779303,22931.47610809665,Domestic,daily
2024-02-25,14948.024972887128,11805.323379081963,18335.62565783454,Domestic,daily
2024-02-26,15818.528118561999,12742.11344733427,19026.093829464873,Domestic,daily
2024-02-27,16147.58419617744,12953.439252110431,19247.396679090332,Domestic,daily
2024-02-28,16114.888833620918,12909.602515103325,19268.05205263081,Domestic,daily
2024-02-29,15747.378082810712,12547.588955759657,19039.801418371208,Domestic,daily
2024-03-01,17517.551702578814,14411.406942151543,20508.189269703787,Domestic,daily
2024-03-02,18815.82131149052,15617.661813520925,21805.238953049928,Domestic,daily
2024-03-03,14069.260868099775,10940.589980320092,17561.936058849155,Domestic,daily
2024-03-04,14982.037141912842,11973.737185356724,18092.362394013013,Domestic,daily
2024-03-05,15362.036984451392,12369.359656447936,18705.236121157315,Domestic,daily
2024-03-06,15387.094941710639,12382.547012771534,18317.809306360785,Domestic,daily
2024-03-07,15082.760873745297,11838.64793362882,18038.558243008472,Domestic,daily
2024-03-08,16911.721474239377,13560.897619553798,20069.508220639687,Domestic,daily
2024-03-09,18272.051166468,15233.364824954479,21594.400604660368,Domestic,daily
2024-03-10,13608.742546659434,10197.76044372427,16943.68183567817,Domestic,daily
2024-03-11,14584.49743271124,11324.31265068845,17760.03544342233,Domestic,daily
2024-03-12,15027.400156540627,11872.9723327249,18119.763973984416,Domestic,daily
2024-03-13,15113.683050949841,11836.369244058482,18356.933479514173,Domestic,daily
2024-03-14,14867.948653902553,11872.001278593674,18102.24417282729,Domestic,daily
2024-03-15,16743.673508862794,13576.342073646301,20270.509616461524,Domestic,daily
2024-03-16,18147.342280263092,14779.372331925311,21203.88393791048,Domestic,daily
2024-03-17,13542.735616130862,10773.723228359682,16718.032974525988,Domestic,daily
2024-03-18,14552.056826503087,11570.904822195667,17581.377768517847,Domestic,daily
2024-03-19,15024.624513664527,11897.86094634459,18412.62316952347,Domestic,daily
2024-03-20,15136.148203277176,12048.643758841246,18418.693943544364,Domestic,daily
2024-03-21,14911.377080991357,11690.14043949463,17882.52293325487,Domestic,daily
2024-03-22,16795.658399444823,13503.758241250116,20090.95268546215,Domestic,daily
2024-03-23,18204.928211395785,14938.956922134097,21307.590600723615,Domestic,daily
2024-03-24,13622.731768063253,10393.235625013916,16819.90518241086,Domestic,daily
2024-03-25,14631.663254513925,11315.622831310446,17647.33392363396,Domestic,daily
2024-03-26,15103.058019231117,11740.085761262702,18139.692974024238,Domestic,daily
2024-03-27,15212.761884042355,11851.084766554095,18162.680303035995,Domestic,daily
2024-03-28,14986.193567791892,11843.109983593462,18209.01179911923,Domestic,daily
2024-03-29,16860.948720920296,13787.584629932464,20243.101588399517,Domestic,daily
2024-03-30,18262.642304186946,15114.050354639801,21607.734467863593,Domestic,daily
2024-03-31,13694.660591372243,10565.06702462095,16870.74066879875,Domestic,daily
2024-04-01,14699.916998044037,11567.846155145253,17796.89565714883,Domestic,daily
2024-04-02,15171.550739868624,11866.662452377846,18246.799231525987,Domestic,daily
2024-04-03,15285.20017224584,12076.113498319444,18270.324335381156,Domestic,daily
2024-04-04,15066.492415815543,12040.84890571766,18246.560593382703,Domestic,daily
2024-04-05,16944.709263191104,13624.271673703268,20121.573013909216,Domestic,daily
2024-04-06,18354.49968127518,14972.281001551524,21417.55539134398,Domestic,daily
2024-04-07,13818.383584863795,10605.874833986038,16880.10486973328,Domestic,daily
2024-04-08,14838.845036926714,11502.573432340057,18082.691063532762,Domestic,daily
2024-04-09,15330.059131258966,12330.588954459718,18640.63336571485,Domestic,daily
2024-04-10,15466.69108180454,11926.425661013442,18275.08716065788,Domestic,daily
2024-04-11,15273.834116366306,12016.550455311306,18364.874745583904,Domestic,daily
2024-04-12,17171.757122415114,14018.066424368675,20238.310317419964,Domestic,daily
2024-04-13,18603.505440100176,15473.954881009735,21879.060026246916,Domestic,daily
2024-04-14,14110.172431746767,10937.070139058022,17426.611344904777,Domestic,daily
2024-04-15,15153.343563981374,11961.347489350539,18198.375224491356,Domestic,daily
2024-04-16,15667.86221506416,12315.143257477786,18958.61769998802,Domestic,daily
2024-04-17,15827.16219294944,12632.067448013004,19128.78290337738,Domestic,daily
2024-04-18,15655.658435461912,12873.21736826109,19121.98479969808,Domestic,daily
2024-04-19,17564.577752690577,14406.841680181684,20603.310000080462,Domestic,daily
2024-04-20,19005.446150032807,15831.47889144105,22350.135092479548,Domestic,daily
2024-04-21,14538.123450276466,11376.571851493576,17684.242759317458,Domestic,daily
2024-04-22,15583.590745279276,12285.696961628857,18689.396207158494,Domestic,daily
2024-04-23,16097.74515121551,12725.62356380665,19351.887780392495,Domestic,daily
2024-04-24,16253.253643266164,13119.276860268928,19634.080854106465,Domestic,daily
2024-04-25,16074.38272277785,12844.895249910152,19225.721613035348,Domestic,daily
2024-04-26,17963.89713035468,14928.508202243049,21186.94072716229,Domestic,daily
2024-04-27,19382.417735326446,16220.223123155905,22630.675763115923,Domestic,daily
2024-04-28,14909.202878760718,11769.651235839186,18172.904428863836,Domestic,daily
2024-04-29,15925.262959525726,12566.849908013452,18787.468659862996,Domestic,daily
2024-04-30,16408.168449226538,13042.111613517292,19680.228998039267,Domestic,daily
2024-05-01,16530.410307108014,13315.00384595578,19865.795541107473,Domestic,daily
2024-05-02,16316.65521611372,13245.95006812022,19656.795880533562,Domestic,daily
2024-05-03,18161.700520026712,15087.909277010473,21287.87621942559,Domestic,daily
2024-05-04,19535.6928553848,16516.25399997858,22734.483593888453,Domestic,daily
2024-05-05,15037.648509498984,12090.007170150451,18183.15763631521,Domestic,daily
2024-05-06,16008.889683039695,13197.511621716623,19271.49020906536,Domestic,daily
2024-05-07,16448.862613088157,13275.513016813282,19627.732997064446,Domestic,daily
2024-05-08,16530.003709775745,13285.750431543242,19562.93590806737,Domestic,daily
2024-05-09,16277.42171477141,13112.816368433032,19353.29394091285,Domestic,daily
2024-05-10,18077.912282638717,14794.791993285275,21094.034404153528,Domestic,daily
2024-05-11,19411.04263909186,16297.099890027508,22706.13486646028,Domestic,daily
2024-05-12,14895.417849460575,11832.261677491082,18174.119923307888,Domestic,daily
2024-05-13,15832.446971888678,12793.2990945296,19171.673425872486,Domestic,daily
2024-05-14,16243.180499149074,13131.827202784456,19276.47211734737,Domestic,daily
2024-05-15,16299.692082859201,13215.402671749573,19381.92946354879,Domestic,daily
2024-05-16,16027.197787459909,13011.869845156834,19064.92219543177,Domestic,daily
2024-05-17,17804.14045172618,14852.77878334447,20944.299688692412,Domestic,daily
2024-05-18,19119.150143700666,15659.053042022608,22419.45512334725,Domestic,daily
2024-05-19,14610.065441181374,11487.60447753154,17895.05306705194,Domestic,daily
2024-05-20,15538.037640416793,12523.930234484875,18672.416183869915,Domestic,daily
2024-05-21,15945.394519965543,12869.805908128206,19307.8463523179,Domestic,daily
2024-05-22,16003.543318694392,13002.229640859905,19175.873323580206,Domestic,daily
2024-05-23,15737.531293218843,12621.747794454566,19095.88291512523,Domestic,daily
2024-05-24,17517.20254553926,14434.065514194886,20701.21770217111,Domestic,daily
2024-05-25,18840.03543251231,15614.917466246616,22083.226178712663,Domestic,daily
2024-05-26,14362.91853916617,11038.334167913543,17545.600654146354,Domestic,daily
2024-05-27,15306.59125240177,12180.829614063954,18455.96992019353,Domestic,daily
2024-05-28,15734.530939225466,12614.81881802917,18799.794634982827,Domestic,daily
2024-05-29,15817.373255795424,12632.724669206344,18964.312166477233,Domestic,daily
2024-05-30,15579.909285230005,12296.764661965814,18938.40996747987,Domestic,daily
2024-05-31,17383.309605852344,14161.148551364215,20428.186958127502,Domestic,daily
2024-06-01,18733.833160790135,15370.227166227935,21928.5424689438,Domestic,daily
2024-06-02,14307.352468147006,11074.741851782348,17484.642230101104,Domestic,daily
2024-06-03,15284.125443914108,12317.696921783621,18460.57351475004,Domestic,daily
2024-06-04,15748.70139984095,12377.360386644785,18847.433983467443,Domestic,daily
2024-06-05,15870.8549602379,12798.88330665208,18885.195911821287,Domestic,daily
2024-06-06,15675.017086983667,12225.511574455932,18860.306094224692,Domestic,daily
2024-06-07,17513.56485774962,14431.151972494488,20648.317327184377,Domestic,daily
2024-06-08,18901.40160282474,15621.11647658825,22153.534357052285,Domestic,daily
2024-06-09,14533.232554672193,11433.71513228167,17705.206658713043,Domestic,daily
2024-06-10,15548.670525635165,12394.933322945213,18663.65939010522,Domestic,daily
2024-06-11,16053.164664133383,12832.501068255218,19191.873546118506,Domestic,daily
2024-06-12,16215.45321561914,13096.154492233873,19282.04321106173,Domestic,daily
2024-06-13,16059.434747751588,12817.18466293499,19075.184406908185,Domestic,daily
2024-06-14,17928.53088622415,14760.277884138339,21297.471535040124,Domestic,daily
2024-06-15,19346.145617248603,16293.884875796317,22480.10652944646,Domestic,daily
2024-06-16,15025.699664589682,11931.463579513103,18214.735557718748,Domestic,daily
2024-06-17,16066.078391625142,13138.569817875365,19196.044893041628,Domestic,daily
2024-06-18,16593.591444435733,13553.781733386246,19816.890304866578,Domestic,daily
2024-06-19,16775.95191787336,13736.392538041975,20278.13986563381,Domestic,daily
2024-06-20,16636.594451235065,13519.843804297041,19953.411672868147,Domestic,daily
2024-06-21,18510.11639583937,15592.909544267604,21832.93816605843,Domestic,daily
2024-06-22,19928.620281907763,16616.41724490444,23071.198342075757,Domestic,daily
2024-06-23,15624.509204738175,12215.148586644125,18557.258045498667,Domestic,daily
2024-06-24,16656.27731976134,13419.855028416327,20017.994669957032,Domestic,daily
2024-06-25,17171.49868699051,14087.753989848434,20308.824417309563,Domestic,daily
2024-06-26,17337.329020847657,14110.013592261794,20608.884075757403,Domestic,daily
2024-06-27,17177.26468317655,13857.886525946224,20469.154690534648,Domestic,daily
2024-06-28,19017.654208351927,15827.674498514267,22264.084702578726,Domestic,daily
2024-06-29,20399.91387866812,17287.484954297946,23777.272018497337,Domestic,daily
2024-06-30,16076.072267389247,12946.390978490208,19241.42241422759,Domestic,daily
2024-07-01,17064.889926573705,13754.181383948442,20265.867713693246,Domestic,daily
2024-07-02,17535.862790285377,14348.755331081627,20731.160293031917,Domestic,daily
2024-07-03,17656.230978258853,14499.316752158536,21162.42976888172,Domestic,daily
2024-07-04,17450.162664957996,14256.928757633932,20888.609322987213,Domestic,daily
2024-07-05,19236.31987522897,16003.081036415702,22498.86021810297,Domestic,daily
2024-07-06,20565.931459361746,17442.367849047703,23725.681984637504,Domestic,daily
2024-07-07,16211.071912289874,12760.682553042463,19447.125657804252,Domestic,daily
2024-07-08,17151.096644199464,13945.026625710298,20045.52170548068,Domestic,daily
2024-07-09,17577.648025330265,14258.209808428513,20728.30584108912,Domestic,daily
2024-07-10,17658.16140648647,14648.653474906676,20880.879060636635,Domestic,daily
2024-07-11,17417.466465001184,14393.795595441032,20429.250306360173,Domestic,daily
2024-07-12,19166.402570829425,15790.576390765971,22098.999816069605,Domestic,daily
2024-07-13,20465.747415126472,17301.64674172309,23569.16809828274,Domestic,daily
2024-07-14,16107.231445985703,12923.80539934436,19370.97541440944,Domestic,daily
2024-07-15,17030.29320595218,13884.286181318488,20189.152619195207,Domestic,daily
2024-07-16,17448.09568892871,14281.742750902085,20712.168111983625,Domestic,daily
2024-07-17,17527.540267805532,14357.922840028343,20759.902877975906,Domestic,daily
2024-07-18,17293.299076065312,14098.747166576888,20288.809513192085,Domestic,daily
2024-07-19,19047.496140025716,16009.435577177926,22244.622329321952,Domestic,daily
2024-07-20,20359.510115115652,16975.044877787495,23391.959650625326,Domestic,daily
2024-07-21,16039.744657699042,12957.253668355888,18999.178410912606,Domestic,daily
2024-07-22,16986.72555465827,13705.83805885181,20255.731062278774,Domestic,daily
2024-07-23,17434.15003238591,13978.063336309104,20595.451011534467,Domestic,daily
2024-07-24,17547.431561364323,14293.899143070583,20675.595317158546,Domestic,daily
2024-07-25,17350.186056663657,14455.574324849455,20485.88435535406,Domestic,daily
2024-07-26,19135.000762359887,15968.466631908757,22119.28940670952,Domestic,daily
2024-07-27,20479.13175426782,17181.66689183032,23521.381265838147,Domestic,daily
2024-07-28,16211.049030707041,13208.240052493444,19509.26639532824,Domestic,daily
2024-07-29,17187.89184689614,13916.581122681227,20262.956970782856,Domestic,daily
2024-07-30,17663.56457432231,14619.134825787098,21043.00175210877,Domestic,daily
2024-07-31,17801.822785754794,14565.343551100887,20866.630235176137,Domestic,daily
2024-08-01,17625.220178533542,14337.690752463674,20906.330941843393,Domestic,daily
2024-08-02,19416.96839440753,16282.599730670872,22615.187728217243,Domestic,daily
2024-08-03,20762.528620658068,17664.028408587124,24028.342775778103,Domestic,daily
2024-08-04,16508.926844528825,13432.90282419264,19593.852599714348,Domestic,daily
2024-08-05,17472.559011198035,14371.827425919199,20883.293170958994,Domestic,daily
2024-08-06,17928.321382416445,15010.77601503221,21211.827116570526,Domestic,daily
2024-08-07,18039.222430863167,14899.32083817756,21010.42034414821,Domestic,daily
2024-08-08,17827.77193098338,14499.890275193995,20897.922601636415,Domestic,daily
2024-08-09,19568.91049004872,16332.211645047208,22972.51278714818,Domestic,daily
2024-08-10,20857.471838419835,17652.229327216442,23966.69165404708,Domestic,daily
2024-08-11,16560.24319420091,13207.187200390294,19909.97223622764,Domestic,daily
2024-08-12,17454.09413075634,14145.509741927011,20615.68398780785,Domestic,daily
2024-08-13,17836.114873274688,14721.222004925741,20852.104862393775,Domestic,daily
2024-08-14,17869.72761933583,14886.550164679697,20946.90697754067,Domestic,daily
2024-08-15,17578.492216286842,14223.148079755667,20637.230666322102,Domestic,daily
2024-08-16,19230.08122957771,15855.295577658204,22357.81006462158,Domestic,daily
2024-08-17,20429.590727198516,16991.64822088947,23435.64557417496,Domestic,daily
2024-08-18,16064.326062240185,12885.387732379695,19350.694770355156,Domestic,daily
2024-08-19,16872.237723107,13890.385420984974,20188.117642587804,Domestic,daily
2024-08-20,17173.05419367012,14064.55609941859,20436.873193145002,Domestic,daily
2024-08-21,17130.883001078917,13809.688226920043,20250.625632298612,Domestic,daily
2024-08-22,16770.427144371388,13644.86740399048,19770.336812751077,Domestic,daily
2024-08-23,18352.003879540574,15146.067584549117,21591.359105291165,Domestic,daily
2024-08-24,19490.706210497414,16306.304405154226,22556.460477832374,Domestic,daily
2024-08-25,15093.920257822556,12066.028806428592,18153.28820623124,Domestic,daily
2024-08-26,15860.078028454544,12852.985166874187,18801.764410378473,Domestic,daily
2024-08-27,16130.798364935765,13000.276455640967,19341.119249993506,Domestic,daily
2024-08-28,16069.994361670653,12993.823694942123,19390.666796689773,Domestic,daily
2024-08-29,15702.520021190605,12449.601432095425,19069.825839251585,Domestic,daily
2024-08-30,17280.25449790183,14221.304227353625,20257.068964609523,Domestic,daily
2024-08-31,18427.137813790727,15119.921415954355,21504.73695967814,Domestic,daily
2024-09-01,14069.444521288993,11144.393983163336,17578.900629419386,Domestic,daily
2024-09-02,14864.878711186122,11822.87794100276,18301.627030945856,Domestic,daily
2024-09-03,15175.748389890256,11952.472140430747,18369.891550220556,Domestic,daily
2024-09-04,15164.604023798998,12036.40479498195,18245.12451037752,Domestic,daily
2024-09-05,14855.339030965903,11506.9992704318,17823.872842137254,Domestic,daily
2024-09-06,16490.361427755386,13566.827626669534,19859.610839104313,Domestic,daily
2024-09-07,17701.52355662742,14572.700495497988,20792.138776423242,Domestic,daily
2024-09-08,13433.169255601639,9993.29802884234,16669.79281736901,Domestic,daily
2024-09-09,14301.585391158795,10896.400400162303,17480.33872426128,Domestic,daily
2024-09-10,14689.22075193844,11524.814647023592,17991.99020472917,Domestic,daily
2024-09-11,14756.863420887743,11524.019852121142,17913.161384284467,Domestic,daily
2024-09-12,14527.199310581507,11468.891867093233,17626.756071376352,Domestic,daily
2024-09-13,16233.071913314696,12982.08936119322,19309.84316316854,Domestic,daily
2024-09-14,17514.303304402652,14001.60090795053,20619.671931209272,Domestic,daily
2024-09-15,13333.508797410685,10062.800298834323,16466.911224790998,Domestic,daily
2024-09-16,14265.895927133113,11180.691145895542,17596.382061690507,Domestic,daily
2024-09-17,14714.51602977391,11472.186360958138,17922.989187365292,Domestic,daily
2024-09-18,14838.966218261514,11606.284643097493,17787.165248217887,Domestic,daily
2024-09-19,14661.389750605455,11523.969832194061,17817.73845230169,Domestic,daily
2024-09-20,16405.806134855327,13230.356892809104,19625.207110842715,Domestic,daily
2024-09-21,17720.804594030826,14403.964754222261,20914.370418426122,Domestic,daily
2024-09-22,13588.106813617564,10365.76263767046,16539.16083681688,Domestic,daily
2024-09-23,14542.693887518111,11530.161164557807,17923.248846997703,Domestic,daily
2024-09-24,15009.071476625908,11871.891842276316,18198.453996881886,Domestic,daily
2024-09-25,15146.478106910085,12046.904773420209,18392.35391062175,Domestic,daily
2024-09-26,14977.310331044764,11833.231325785768,18239.855387107793,Domestic,daily
2024-09-27,16717.50775664,13689.125427550574,19697.457081425953,Domestic,daily
2024-09-28,18025.10546382792,14757.260387892746,21000.032011966035,Domestic,daily
2024-09-29,13901.533512744081,10753.22960389267,16870.369057829674,Domestic,daily
2024-09-30,14842.06288588989,11650.74046549807,18353.042449980683,Domestic,daily
2024-10-01,15293.077765723836,12142.011892307091,18506.077049073814,Domestic,daily
2024-10-02,15413.786157907387,12125.89801630415,18788.530589423666,Domestic,daily
2024-10-03,15227.06848913918,11755.053648209521,18294.970714748655,Domestic,daily
2024-10-04,16940.918582521084,13630.918019085802,20120.576068950144,Domestic,daily
2024-10-05,18222.858332891414,14961.784282954037,21426.54135329858,Domestic,daily
2024-10-06,14093.979402302013,10804.096433116556,17463.626448616043,Domestic,daily
2024-10-07,15009.71561240983,11878.758025990504,18201.688371355784,Domestic,daily
2024-10-08,15438.130968908348,12297.349125717452,18814.961735148754,Domestic,daily
2024-10-09,15538.1430378806,12526.127177933453,18585.519001177574,Domestic,daily
2024-10-10,15332.805929882294,12111.720780695541,18475.934527698428,Domestic,daily
2024-10-11,17021.81896801435,13868.739734399376,20037.188997155914,Domestic,daily
2024-10-12,18281.815545171004,15139.72872685925,21613.098491043253,Domestic,daily
2024-10-13,14153.158916699902,11053.109417904816,17305.87921517989,Domestic,daily
2024-10-14,15051.052545169634,11959.497408102054,18486.16428480166,Domestic,daily
2024-10-15,15464.854635882586,12201.838915424154,18638.866355794074,Domestic,daily
2024-10-16,15552.824122016944,12813.39690967311,18832.64901850824,Domestic,daily
2024-10-17,15337.846791659364,12298.203789902465,18718.984273110866,Domestic,daily
2024-10-18,17011.019018660594,13681.737617636261,20088.832895871892,Domestic,daily
2024-10-19,18257.816737184057,15103.910279558188,21422.61321000952,Domestic,daily
2024-10-20,14137.649736156389,10760.354914282298,17359.52026583263,Domestic,daily
2024-10-21,15025.312799334552,11991.947937685645,18140.878816080454,Domestic,daily
2024-10-22,15431.328049729393,12089.236292873466,18657.84763576522,Domestic,daily
2024-10-23,15513.213355553731,12288.93481077291,18655.99828897498,Domestic,daily
2024-10-24,15293.650026530668,12275.58803250266,18644.089105854902,Domestic,daily
2024-10-25,16955.13878231315,13934.189851955978,20177.78609431486,Domestic,daily
2024-10-26,18192.044931376655,15117.19317233356,21431.67090888054,Domestic,daily
2024-10-27,14082.90635231216,11007.790593452602,17234.098438238507,Domestic,daily
2024-10-28,14962.21991397096,11860.671381998345,18351.304876021775,Domestic,daily
2024-10-29,15361.805623382725,11989.559847635875,18694.68632913408,Domestic,daily
2024-10-30,15438.591168439094,12427.56616514547,18605.60518910701,Domestic,daily
2024-10-31,15215.214827216583,11975.359044053164,18481.779586845856,Domestic,daily
2024-11-01,16865.747440360134,13540.559337309998,20036.321714773043,Domestic,daily
2024-11-02,18093.607860994605,15149.30182907298,21301.11432416203,Domestic,daily
2024-11-03,13996.619145929642,10548.082089608499,17302.472759750446,Domestic,daily
2024-11-04,14869.125365682245,11767.183191229335,18041.401184291495,Domestic,daily
2024-11-05,15264.373354008758,12028.954001630293,18536.500447953244,Domestic,daily
2024-11-06,15338.809946105326,12069.05065618043,18535.887902270173,Domestic,daily
2024-11-07,15115.117461299398,11937.544497046067,18142.49764175282,Domestic,daily
2024-11-08,16758.999852907582,13533.170069357184,20020.75813227093,Domestic,daily
2024-11-09,17982.967398901168,14787.553522120119,20955.08648607289,Domestic,daily
2024-11-10,13904.140825711836,10787.12613327363,17156.581865230182,Domestic,daily
2024-11-11,14776.698918989157,11655.38409044793,18123.168804859397,Domestic,daily
2024-11-12,15188.699877295565,11960.034236572896,18230.65242418919,Domestic,daily
2024-11-13,15282.787377044953,12030.75996142831,18479.09750269176,Domestic,daily
2024-11-14,15080.823935429935,12174.475006080433,18206.6988078888,Domestic,daily
2024-11-15,16746.90701823952,13671.201961947208,20015.41290153447,Domestic,daily
2024-11-16,17997.387851503634,14813.472862032913,21233.5867870325,Domestic,daily
2024-11-17,13941.569476611883,11034.389549149062,17209.267335496537,Domestic,daily
2024-11-18,14842.671978201139,11707.913690846328,18170.421047705633,Domestic,daily
2024-11-19,15271.370922342865,12107.14804972616,18840.479451337553,Domestic,daily
2024-11-20,15382.864139660316,12313.764766995631,18535.559133623516,Domestic,daily
2024-11-21,15198.960946977906,11843.304549329918,18286.398812836782,Domestic,daily
2024-11-22,16888.510452572355,13817.380568423245,20122.024994480293,Domestic,daily
2024-11-23,18162.56346053086,14960.133845907338,21362.563138844915,Domestic,daily
2024-11-24,14119.233318031524,10813.112767033475,17166.226847126196,Domestic,daily
2024-11-25,15044.666387749758,11791.748401630752,18401.148665456472,Domestic,daily
2024-11-26,15497.086193266156,12453.427412954768,18758.700936183974,Domestic,daily
2024-11-27,15631.80008124261,12446.411224216257,18658.895269091656,Domestic,daily
2024-11-28,15470.4054462116,12221.393056495179,18500.463123829515,Domestic,daily
2024-11-29,17186.348162262355,13911.28656044266,20404.63054992551,Domestic,daily
2024-11-30,18485.228646284315,15176.64401570317,21576.041782857494,Domestic,daily
2024-12-01,14453.826779154952,11191.558405953452,17484.304822835915,Domestic,daily
2024-12-02,15401.079185281795,12140.8011575747,18547.728715952184,Domestic,daily
2024-12-03,15872.630980457345,12950.458619705569,19086.233828711196,Domestic,daily
2024-12-04,16023.78457752978,12793.881366854399,18915.57315380423,Domestic,daily
2024-12-05,15875.825563324153,12871.34554846502,19168.575398155324,Domestic,daily
2024-12-06,17606.714283936242,14133.032779810903,20719.428867358307,Domestic,daily
2024-12-07,18916.539441027635,15854.369769384346,22346.080809269057,Domestic,daily
2024-12-08,14880.710751524846,11823.381477131963,18222.564745354506,Domestic,daily
2024-12-09,15830.946907225594,12686.881611794908,18976.34423205663,Domestic,daily
2024-12-10,16300.338900753875,13222.893604657982,19495.649933693498,Domestic,daily
2024-12-11,16444.244924975363,13181.044123632004,19809.53039599651,Domestic,daily
2024-12-12,16283.739680575733,13002.614210338164,19450.276275188367,Domestic,daily
2024-12-13,18001.442560974097,14946.332781259149,20968.823456816302,Domestic,daily
2024-12-14,19292.121724785484,16276.298209880633,22645.771739621574,Domestic,daily
2024-12-15,15220.056760691095,11847.922100282329,18507.566267448645,Domestic,daily
2024-12-16,16140.03874579114,13043.429926927629,19347.563872089715,Domestic,daily
2024-12-17,16572.945558400657,13488.41793743793,19811.331203131485,Domestic,daily
2024-12-18,16674.582123591103,13577.470969105862,19936.358533121092,Domestic,daily
2024-12-19,16466.251123360285,13165.577170316677,19596.105376578853,Domestic,daily
2024-12-20,18135.71437692084,14813.167311583109,21276.484343925636,Domestic,daily
2024-12-21,19372.942547228184,16370.939764691002,22545.285014234305,Domestic,daily
2024-12-22,15231.641507811202,12285.217493692737,18597.780385301452,Domestic,daily
2024-12-23,16090.256755299533,12967.387054317394,19305.799513499944,Domestic,daily
2024-12-24,16458.051587240352,13454.996552861074,19649.274749015476,Domestic,daily
2024-12-25,16491.88230558307,13617.491896474925,19538.9238087727,Domestic,daily
2024-12-26,16213.878831822869,13082.595500790465,19546.49488787015,Domestic,daily
2024-12-27,17817.526877131713,14740.141089364293,20920.592947870908,Domestic,daily
2024-12-28,18988.550212445487,15723.491430848437,22100.964590553383,Domestic,daily
2024-12-29,14770.5872819335,11648.38508103454,18093.714303744968,Domestic,daily
2024-12-30,15566.186440401605,12250.204156344049,18902.134202884507,Domestic,daily
2024-12-31,15873.373728064398,12725.712330066915,18942.701292269252,Domestic,daily
2025-01-01,15850.350375794638,12758.412804454749,19206.255022124453,Domestic,daily
2025-01-02,15520.271638229282,12365.083983453991,18645.11720386431,Domestic,daily
2025-01-03,17082.43939008116,14007.450514438093,20268.330528968614,Domestic,daily
2025-01-04,18218.308260404618,15151.978990690935,21507.668188238244,Domestic,daily
2025-01-05,13961.305775063065,10913.062271168337,17168.483209791597,Domestic,daily
2025-01-06,14737.813967038273,11543.028714035469,17979.444626625525,Domestic,daily
2025-01-07,15034.224803118987,11926.496936748588,18023.827545026244,Domestic,daily
2025-01-08,15009.560742063528,11933.663959978849,18160.05551799194,Domestic,daily
2025-01-09,14687.355363638524,11436.580853489742,17793.33192461312,Domestic,daily
2025-01-10,16271.962860550166,13207.240785310736,19611.91765065921,Domestic,daily
2025-01-11,17439.697392917496,14161.131014464316,20699.746217113592,Domestic,daily
2025-01-12,13212.808924119196,9857.595346421343,16235.297242137825,Domestic,daily
2025-01-13,14040.466024847874,10929.721644240451,17292.386451006194,Domestic,daily
2025-01-14,14396.316203764469,11018.91804593042,17767.511963948255,Domestic,daily
2025-01-15,14439.048907093338,11270.567239875665,17466.23841082423,Domestic,daily
2025-01-16,14191.399108241945,11160.276789364632,17308.262231522942,Domestic,daily
2025-01-17,15861.596218364553,12575.393594373272,19249.0835111152,Domestic,daily
2025-01-18,17119.660074941406,14089.240907378831,20264.466265117284,Domestic,daily
2025-01-19,12975.556269054976,9660.45734142912,16085.149482562389,Domestic,daily
2025-01-20,13900.20379225454,10855.15234023234,16891.321811586084,Domestic,daily
2025-01-21,14353.563222084984,10921.91792821835,17283.66004133349,Domestic,daily
2025-01-22,14493.163866963641,11214.261177464281,17725.632784774254,Domestic,daily
2025-01-23,14340.25023614529,11176.61359355967,17558.552090853063,Domestic,daily
2025-01-24,16106.3879948013,13088.660445761754,19214.592601347173,Domestic,daily
2025-01-25,17454.931448973217,14362.14520168979,20649.256540360293,Domestic,daily
2025-01-26,13383.370047044491,10171.163842224081,16764.136008633923,Domestic,daily
2025-01-27,14384.369020889391,11114.291160108658,17552.310991699258,Domestic,daily
2025-01-28,14904.389771679274,12040.802693120342,17928.220143471826,Domestic,daily
2025-01-29,15100.181507384987,12025.768406510637,18421.359360791703,Domestic,daily
2025-01-30,14992.06684241878,11845.77166466995,18121.74024395736,Domestic,daily
2025-01-31,16795.696943549006,13889.732741606904,20111.6915451807,Domestic,daily
2025-02-01,18168.6786473085,15087.152128013677,21441.10200713439,Domestic,daily
2025-02-02,14097.096451686091,10910.533211304824,17074.870642062127,Domestic,daily
2025-02-03,15096.566931781768,11960.32667237546,18170.930384168798,Domestic,daily
2025-02-04,15601.368944298116,12562.852039941921,18772.57383617741,Domestic,daily
2025-02-05,15768.874668972503,12619.180901986403,18971.527785730737,Domestic,daily
2025-02-06,15619.947069095862,12446.748776435332,18707.08637496774,Domestic,daily
2025-02-07,17375.815365482118,14046.503754747831,20265.358926239707,Domestic,daily
2025-02-08,18689.831962107008,15779.949338955732,21837.49849636432,Domestic,daily
2025-02-09,14538.13980579061,11342.261109708626,17513.204879698787,Domestic,daily
2025-02-10,15460.710835233936,12115.80821083428,18894.900476234154,Domestic,daily
2025-02-11,15880.957321223319,12829.2495594698,19032.03158271431,Domestic,daily
2025-02-12,15958.07534717805,12825.713001902592,19145.570893275202,Domestic,daily
2025-02-13,15714.529508527741,12355.791816488518,18790.729660487414,Domestic,daily
2025-02-14,17378.027010642883,14250.896022879471,20530.690346974556,Domestic,daily
2025-02-15,18598.386126665744,15482.844763155088,21671.26416329824,Domestic,daily
2025-02-16,14342.334509560851,10846.941001911879,17251.177960737095,Domestic,daily
2025-02-17,15174.521462442282,11946.245184936748,18418.14894484957,Domestic,daily
2025-02-18,15507.604651224265,12202.809543237918,18688.648248652262,Domestic,daily
2025-02-19,15502.50485003445,12577.606174855804,18796.285359935773,Domestic,daily
2025-02-20,15182.98132587195,11897.29751388613,18018.14177090232,Domestic,daily
2025-02-21,16782.712549042393,13537.453313565295,19967.76037078279,Domestic,daily
2025-02-22,17947.28852691059,15010.336715387246,21218.481418941312,Domestic,daily
2025-02-23,13633.156475536438,10524.550613087864,16657.456782225236,Domestic,daily
2025-02-24,14428.626993799042,11112.665220738198,17508.01760440817,Domestic,daily
2025-02-25,14734.459429194449,11493.658995024158,18285.617284241413,Domestic,daily
2025-02-26,14712.053814301125,11727.007572235998,17952.161982796362,Domestic,daily
2025-02-27,14385.144893028084,11022.38752150264,17694.411932359042,Domestic,daily
2025-02-28,15992.018767104344,12720.059656436899,19017.326053971105,Domestic,daily
2025-03-01,17172.6591028346,14125.5718053421,20496.952821392566,Domestic,daily
2025-03-02,12871.870126202268,9633.231806581554,16141.496466540011,Domestic,daily
2025-03-03,13700.305928071506,10402.342272877908,16853.20022699806,Domestic,daily
2025-03-04,14045.582292514442,11019.03567301584,17189.749756918703,Domestic,daily
2025-03-05,14068.431573161524,10854.543533248647,17072.44949625357,Domestic,daily
2025-03-06,13791.538460590886,10639.633510266463,16936.864091771946,Domestic,daily
2025-03-07,15456.912495959306,12330.022266524185,18633.03304666595,Domestic,daily
2025-03-08,16698.20447563001,13550.084337788518,19991.506339946744,Domestic,daily
2025-03-09,12448.019142630556,9310.488375469764,15467.290445259372,Domestic,daily
2025-03-10,13338.97579867422,10355.700702205975,16883.231061702707,Domestic,daily
2025-03-11,13745.350434364149,10473.550634247356,17012.72093412396,Domestic,daily
2025-03-12,13827.19301731556,10673.385065788969,17029.146129845078,Domestic,daily
2025-03-13,13606.300183097022,10321.776814060646,16807.343309545464,Domestic,daily
2025-03-14,15328.734692308772,12124.926127062632,18501.089024804536,Domestic,daily
2025-03-15,16622.299286791604,13307.68371071648,19754.208258699513,Domestic,daily
2025-03-16,12408.022884302765,9257.208217190035,15334.413884649273,Domestic,daily
2025-03-17,13341.233314148323,10001.39325041635,16362.286491871933,Domestic,daily
2025-03-18,13783.708102327588,10407.599059863855,17081.25355606124,Domestic,daily
2025-03-19,13895.730641308397,10673.792875518962,17216.922278117476,Domestic,daily
2025-03-20,13699.175011614414,10527.912496009689,17009.78145083706,Domestic,daily
2025-03-21,15445.146969331676,12246.763298717819,18617.56846265304,Domestic,daily
2025-03-22,16756.589869927753,13479.067116626054,19862.435659734812,Domestic,daily
2025-03-23,12543.919649213398,9277.0931491182,15542.797105594427,Domestic,daily
2025-03-24,13486.086243589614,10391.698358909356,16542.33844580892,Domestic,daily
2025-03-25,13933.211437190503,10694.822647895377,16899.7788375386,Domestic,daily
2025-03-26,14046.564677490547,10835.283848924211,17095.652989947404,Domestic,daily
2025-03-27,13848.74359043105,10674.925188786317,17328.608419844222,Domestic,daily
2025-03-28,15596.423221719997,12317.574812673976,18678.338728945717,Domestic,daily
2025-03-29,16908.084185108662,13692.970216991349,19988.363643242254,Domestic,daily
2025-03-30,12683.790198843315,9425.869191573645,15718.744388764857,Domestic,daily
2025-03-31,13626.235654032695,10513.976746185757,16653.378274510844,Domestic,daily
2025-04-01,14073.8716644201,10889.708699942907,17280.69338152664,Domestic,daily
2025-04-02,14188.806233524338,11194.636036668071,17466.33884244407,Domestic,daily
2025-04-03,13994.088529595145,10757.922935189203,17203.126939813734,Domestic,daily
2025-04-04,15751.577519038732,12760.931514456592,19293.283353691062,Domestic,daily
2025-04-05,17074.806185704867,13985.441785910805,20301.718722540874,Domestic,daily
2025-04-06,12852.917749332219,9623.626383878567,15924.596329622167,Domestic,daily
2025-04-07,13811.71730837804,10784.793735181802,16809.157409465268,Domestic,daily
2025-04-08,14277.305301268438,10983.337648165374,17540.97171841094,Domestic,daily
2025-04-09,14411.921975320693,11344.750820015332,17603.586477183744,Domestic,daily
2025-04-10,14238.355564375932,10915.071903649156,17714.614121663806,Domestic,daily
2025-04-11,16022.950107881134,12888.093919535964,19145.171121399075,Domestic,daily
2025-04-12,17373.62466479354,14116.132419887144,20480.580196533363,Domestic,daily
2025-04-13,13167.985782901073,10000.401727085107,16175.275525558085,Domestic,daily
2025-04-14,14154.398992638255,10953.331398934137,17426.751175644862,Domestic,daily
2025-04-15,14646.143285960707,11560.768559430686,17798.713807810233,Domestic,daily
2025-04-16,14805.211012016418,11586.8483725539,18034.11723372594,Domestic,daily
2025-04-17,14653.848366377288,11328.246261956925,17906.5556119561,Domestic,daily
2025-04-18,16462.707933186386,13149.012228742937,19671.805268945667,Domestic,daily
2025-04-19,17834.025487092324,14569.148592123007,21041.043006802698,Domestic,daily
2025-04-20,13633.908372758593,10497.97790483272,16787.96693162339,Domestic,daily
2025-04-21,14633.423666121313,11577.963789193604,17643.110144092992,Domestic,daily
2025-04-22,15133.267810726318,12040.260195939021,18204.351924982573,Domestic,daily
2025-04-23,15295.513640952437,12155.661784973647,18473.567078621105,Domestic,daily
2025-04-24,15142.272742087793,11939.652918974132,18203.799818260297,Domestic,daily
2025-04-25,16948.980483379433,13995.931962878603,19934.371423084423,Domestic,daily
2025-04-26,18312.716774238364,15130.370862702868,21444.58142629493,Domestic,daily
2025-04-27,14088.655737010153,10749.058046840119,17179.420366767114,Domestic,daily
2025-04-28,15071.155369044607,11984.855121652407,18299.386847022477,Domestic,daily
2025-04-29,15548.927056942684,12447.561688571064,18689.530733399642,Domestic,daily
2025-04-30,15684.714760789791,12273.929080241995,18726.383294479074,Domestic,daily
2025-05-01,15501.064996068906,12547.278611238831,18633.993352462545,Domestic,daily
2025-05-02,17278.731196575656,14025.048747611445,20261.332861750765,Domestic,daily
2025-05-03,18610.126679508034,15423.551193847106,21855.664063586646,Domestic,daily
2025-05-04,14339.925557049159,11303.076419518897,17384.462804363022,Domestic,daily
2025-05-05,15286.145752663046,11872.20964683725,18476.81082625958,Domestic,daily
2025-05-06,15725.812307953429,12512.606387647513,18923.73220363551,Domestic,daily
2025-05-07,15822.564790702072,12757.270272416969,18817.65454494427,Domestic,daily
2025-05-08,15599.533129532441,12239.657987088596,18692.83640134341,Domestic,daily
2025-05-09,17342.86165962427,14156.577635644193,20505.929836484633,Domestic,daily
2025-05-10,18640.29666283986,15368.688630838773,21838.36271608728,Domestic,daily
2025-05-11,14325.942731519604,10987.447285274186,17444.06580837543,Domestic,daily
2025-05-12,15241.344982791521,12165.277256118261,18542.42196149357,Domestic,daily
2025-05-13,15651.653372455117,12543.845667282838,18579.51823019722,Domestic,daily
2025-05-14,15721.166619802008,12656.949537363167,18975.420573100055,Domestic,daily
2025-05-15,15473.322950615047,12200.006306420513,18790.004983899697,Domestic,daily
2025-05-16,17199.35331645785,14041.152757502588,20413.662594328467,Domestic,daily
2025-05-17,18482.013106928112,15423.583542578093,21802.04883377265,Domestic,daily
2025-05-18,14144.50334923414,10940.70048701079,17236.943671817124,Domestic,daily
2025-05-19,15051.56099124655,12168.75571025494,18341.53133771033,Domestic,daily
2025-05-20,15456.13230956565,12318.567511550984,18844.243610493526,Domestic,daily
2025-05-21,15522.860421596779,12409.707899891024,18671.00407964028,Domestic,daily
2025-05-22,15275.196802167635,12093.35541258636,18337.20713847335,Domestic,daily
2025-05-23,17009.188197683186,14071.035913254185,20294.98614232639,Domestic,daily
2025-05-24,18302.355602456373,15237.16992456636,21519.762453277253,Domestic,daily
2025-05-25,13966.781927078062,10846.7467437359,17095.231269420736,Domestic,daily
2025-05-26,14890.210549286074,11502.435248612628,18181.973613571667,Domestic,daily
2025-05-27,15313.226660691942,11955.744710000918,18365.950602665478,Domestic,daily
2025-05-28,15400.685984346592,12265.938056969044,18759.876956278662,Domestic,daily
2025-05-29,15175.943630336638,12005.374328312899,18515.44353555394,Domestic,daily
2025-05-30,16939.77042801313,13981.018754589244,20208.86226203764,Domestic,daily
2025-05-31,18264.37428809127,15078.856094729412,21219.30357136546,Domestic,daily
2025-06-01,13950.649121232855,10559.32482669263,17323.814928120297,Domestic,daily
2025-06-02,14909.2763700497,11744.87622107593,18127.101045541945,Domestic,daily
2025-06-03,15368.40921316912,12463.983740383715,18392.600671508582,Domestic,daily
2025-06-04,15493.037876294742,12179.74082955481,18598.903451088052,Domestic,daily
2025-06-05,15306.331929709775,12046.781801953699,18593.79853222,Domestic,daily
2025-06-06,17113.683073932905,13932.078247095182,20296.764752559407,Domestic,daily
2025-06-07,18481.867036632495,15392.80517451304,21734.687168791697,Domestic,daily
2025-06-08,14200.4531422284,10945.434886775092,17322.492499230902,Domestic,daily
2025-06-09,15202.90956751785,12142.349203308582,18201.77959093563,Domestic,daily
2025-06-10,15704.792523448286,12320.466899340387,18655.457796972754,Domestic,daily
2025-06-11,15871.05164043756,12751.622360714911,19054.718166703704,Domestic,daily
2025-06-12,15724.49047530236,12352.325552908569,18877.563239631545,Domestic,daily
2025-06-13,17574.94167775171,14631.206576999286,20998.341534099553,Domestic,daily
2025-06-14,18983.57633217876,16020.278411983794,22204.351086606515,Domestic,daily
2025-06-15,14728.481848724254,11423.509648167914,17956.771850448036,Domestic,daily
2025-06-16,15765.779111978187,12831.560983851376,19163.441810125056,Domestic,daily
2025-06-17,16298.32501823019,13091.726095984859,19238.526075292397,Domestic,daily
2025-06-18,16490.966208315876,13203.253202101621,19612.243289379203,Domestic,daily
2025-06-19,16366.125629951131,13100.49007678869,19392.28306670415,Domestic,daily
2025-06-20,18238.11718006903,15070.457346852478,21181.804608785267,Domestic,daily
2025-06-21,19662.608523118186,16660.485280146866,22740.81803523682,Domestic,daily
2025-06-22,15406.371980714663,12304.821336850688,18673.77010977478,Domestic,daily
2025-06-23,16448.41663714231,13091.256939395296,19532.296556779405,Domestic,daily
2025-06-24,16979.205464840907,13781.483127750696,20005.962326768804,Domestic,daily
2025-06-25,17163.85663936035,14074.934459180637,20229.800744213255,Domestic,daily
2025-06-26,17024.853282913726,13972.574579856016,20481.974729264854,Domestic,daily
2025-06-27,18881.492552178635,15675.342446436754,22272.50193524965,Domestic,daily
2025-06-28,20284.494764632134,17228.222782794957,23574.382661055104,Domestic,daily
2025-06-29,15989.918066663111,12859.25686920722,18978.68708955568,Domestic,daily
2025-06-30,17000.294377730686,13718.592974346171,20069.678212524777,Domestic,daily
2025-07-01,17494.348306100066,14346.743133267613,20616.207291941428,Domestic,daily
2025-07-02,17638.131847294262,14128.34885678821,20600.35717271608,Domestic,daily
2025-07-03,17454.842041953383,14196.47599528689,20513.717517047386,Domestic,daily
2025-07-04,19269.38855226413,16115.736884798778,22325.442730156927,Domestic,daily
2025-07-05,20628.13286360172,17469.529654366645,23886.095764952443,Domestic,daily
2025-07-06,16276.95066085118,13144.490629359934,19663.25485087737,Domestic,daily
2025-07-07,17242.35615455613,13864.755550823127,20387.50616102879,Domestic,daily
2025-07-08,17691.70839473611,14457.422719434622,20905.27592198416,Domestic,daily
2025-07-09,17792.266462214542,14621.28847623144,20948.062287035893,Domestic,daily
2025-07-10,17568.10406306809,14385.449277381784,20532.354998200142,Domestic,daily
2025-07-11,19349.78690091443,16247.448048292885,22729.396227129084,Domestic,daily
2025-07-12,20679.23586780577,17575.56240064469,23781.899380935807,Domestic,daily
2025-07-13,16291.933910429332,13227.897948958314,19517.57381301119,Domestic,daily
2025-07-14,17238.03857830289,13811.486544229605,20356.59350083268,Domestic,daily
2025-07-15,17673.078748631277,14559.335832372193,20919.22432050421,Domestic,daily
2025-07-16,17764.936527642465,14668.70565823333,21062.56063806184,Domestic,daily
2025-07-17,17537.86815055469,14468.552311364418,20741.73000790094,Domestic,daily
2025-07-18,19327.303531358415,16459.490838692047,22610.89723342645,Domestic,daily
2025-07-19,20669.848615295596,17659.48430215912,23761.881976427056,Domestic,daily
2025-07-20,16289.654395962703,12808.703751594001,19440.999636939858,Domestic,daily
2025-07-21,17259.537460506464,14019.685084682795,20484.862979544923,Domestic,daily
2025-07-22,17722.188574512413,14265.070247249792,20929.937847441142,Domestic,daily
2025-07-23,17845.10392351008,14416.977316139397,20670.125847538962,Domestic,daily
2025-07-24,17651.735593620266,14471.49224372986,21019.988022674777,Domestic,daily
2025-07-25,19481.436655806127,16378.883224940873,22569.925771955808,Domestic,daily
2025-07-26,20864.625540554964,17567.664727668463,23856.742733484036,Domestic,daily
2025-07-27,16513.33899332697,13364.688384869232,19381.598143559153,Domestic,daily
2025-07-28,17522.380770909884,14510.298472245287,20618.769199139817,Domestic,daily
2025-07-29,18021.060077572984,14766.481033488715,21292.542926182185,Domestic,daily
2025-07-30,18176.087491656333,15002.674552680179,21097.493163110128,Domestic,daily
2025-07-31,18009.867300709244,15056.87011036942,21185.390848533872,Domestic,daily
2025-08-01,19865.59696873388,16676.337254481605,23012.71544621507,Domestic,daily
2025-08-02,21267.59868338406,18194.786566724164,24407.601455920096,Domestic,daily
2025-08-03,16916.0575175837,13734.363821232002,20194.782018195765,Domestic,daily
2025-08-04,17928.195572651035,14726.331291585373,21185.792478408614,Domestic,daily
2025-08-05,18420.53359807257,15125.215853011136,21570.113079847357,Domestic,daily
2025-08-06,18559.741079407155,15435.264306627452,21871.424524811184,Domestic,daily
2025-08-07,18368.0562526214,15275.29743834841,21625.10489144537,Domestic,daily
2025-08-08,20193.522424695984,16975.669629507993,23124.15236371503,Domestic,daily
2025-08-09,21555.46619212163,18313.46469280815,24921.43766973223,Domestic,daily
2025-08-10,17143.397795880817,14124.073847255155,20259.247387002946,Domestic,daily
2025-08-11,18098.185711721315,14660.370203819855,21534.64065986643,Domestic,daily
2025-08-12,18524.81504526543,15288.6638783685,21685.85158183186,Domestic,daily
2025-08-13,18591.16457977542,15422.327202406368,21664.538948044585,Domestic,daily
2025-08-14,18320.52711412743,14968.89239444624,21614.219766436745,Domestic,daily
2025-08-15,20066.9557722568,16867.47432516842,23191.288669433823,Domestic,daily
2025-08-16,21345.863155421786,18262.47587558703,24653.519195065484,Domestic,daily
2025-08-17,16837.05988990977,13725.92386548916,19853.06817057799,Domestic,daily
2025-08-18,17705.907970397402,14703.031100993841,21021.222501225384,Domestic,daily
2025-08-19,18046.55705573462,14547.869819636151,21480.160025896446,Domestic,daily
2025-08-20,18028.6328676112,14899.930353349475,21304.085587733498,Domestic,daily
2025-08-21,17676.845873978567,14581.164052173628,21230.553920965714,Domestic,daily
2025-08-22,19351.439517618743,16322.256645257423,22296.872413378303,Domestic,daily
2025-08-23,20563.90632255825,17309.45992754432,23740.970981759863,Domestic,daily
2025-08-24,15984.164827391503,12776.47883930103,19136.033726543712,Domestic,daily
2025-08-25,16801.696027452348,13619.209633699256,20083.80846503182,Domestic,daily
2025-08-26,17099.265950652967,14006.443694830896,20255.082858850677,Domestic,daily
2025-08-27,17047.537602655935,13946.670806776474,20143.775264797572,Domestic,daily
2025-08-28,16671.78370016835,13491.944720615167,19906.277756813142,Domestic,daily
2025-08-29,18337.455640746128,15060.622650473157,21677.05498778378,Domestic,daily
2025-08-30,19551.038040348758,16492.337493632695,22840.828363524262,Domestic,daily
2025-08-31,14971.387660401184,12026.232829865761,17969.616169447505,Domestic,daily
2025-09-01,15810.878118019455,12772.403933971673,18973.730803814924,Domestic,daily
2025-09-02,16139.634870080963,13206.540307660756,19260.339437601022,Domestic,daily
2025-09-03,16128.097173228583,13275.948939295615,19372.183507621754,Domestic,daily
2025-09-04,15800.861055970381,12497.408750636587,18824.721492813136,Domestic,daily
2025-09-05,17527.39433427976,14122.88364185051,20716.50608873804,Domestic,daily
2025-09-06,18808.05342495806,15551.406220230665,22035.296860788672,Domestic,daily
2025-09-07,14289.606119788978,11057.247968512682,17268.57941969621,Domestic,daily
2025-09-08,15206.403950762548,11935.64818086925,18524.407235000854,Domestic,daily
2025-09-09,15615.146095055907,12338.194466751693,18841.903046663436,Domestic,daily
2025-09-10,15685.404658137746,12297.584363722477,19107.91991703198,Domestic,daily
2025-09-11,15440.607741432628,12195.177857978124,18577.230144110657,Domestic,daily
2025-09-12,17253.906751414946,14220.446003476953,20500.25310323421,Domestic,daily
2025-09-13,18619.35806098459,15467.36608322398,21693.980366027863,Domestic,daily
2025-09-14,14171.628551762326,11001.208871665005,17397.969034916605,Domestic,daily
2025-09-15,15167.191018533951,11809.067690029317,18114.656004160173,Domestic,daily
2025-09-16,15649.609040339263,12596.770291744017,18949.19922181069,Domestic,daily
2025-09-17,15788.01456862058,12628.449825517211,18925.855026111403,Domestic,daily
2025-09-18,15605.217353872207,12422.548920217258,18648.150491617533,Domestic,daily
2025-09-19,17478.70849643077,14438.701650295528,20757.771154204434,Domestic,daily
2025-09-20,18896.989038936117,15760.952185782115,22391.72520504712,Domestic,daily
2025-09-21,14483.438979838867,11268.332524411737,17684.897989725294,Domestic,daily
2025-09-22,15517.515545040433,12297.21497465513,18727.92446498953,Domestic,daily
2025-09-23,16030.53849188905,12812.377870503826,19236.88054981442,Domestic,daily
2025-09-24,16192.09961465602,13108.688803786205,19290.79351211448,Domestic,daily
2025-09-25,16025.278776440058,12730.675224354183,19318.042807913687,Domestic,daily
2025-09-26,17912.7650387764,14633.33744398764,21099.119271749514,Domestic,daily
2025-09-27,19338.315028172623,16070.22694041806,22567.666728456883,Domestic,daily
2025-09-28,14914.770132569412,11815.69943263782,18207.209642802296,Domestic,daily
2025-09-29,15945.24452383955,12518.339879891879,19497.13393487472,Domestic,daily
2025-09-30,16449.4001874579,13223.633374934956,19559.447055971134,Domestic,daily
2025-10-01,16597.780213586848,13580.744557684815,19761.412346911085,Domestic,daily
2025-10-02,16414.12597275103,13079.076773736448,19558.091066763543,Domestic,daily
2025-10-03,18286.613054329457,15299.985283627335,21345.08660393766,Domestic,daily
2025-10-04,19694.43927957056,16494.595255632434,22997.871070949594,Domestic,daily
2025-10-05,15239.992479121107,12128.955232628417,18380.547790440727,Domestic,daily
2025-10-06,16250.033012518003,12695.606404538461,19413.021417009775,Domestic,daily
2025-10-07,16732.46538410522,13514.595842025983,19919.36801776034,Domestic,daily
2025-10-08,16858.604016204023,13727.546151262455,20318.890322362113,Domestic,daily
2025-10-09,16652.601783816786,13457.156419734456,19660.860927632893,Domestic,daily
2025-10-10,18507.812152900467,15303.012729567357,21468.95240509545,Domestic,daily
2025-10-11,19898.51904631244,16627.315142023497,23053.812670003925,Domestic,daily
2025-10-12,15416.267858440786,12024.004684492284,18663.982832775007,Domestic,daily
2025-10-13,16411.05521549094,13057.087495873739,19613.502148440602,Domestic,daily
2025-10-14,16878.60966245836,13711.921130421924,19904.31728277727,Domestic,daily
2025-10-15,16990.601820294858,13928.08084274439,20144.043226544287,Domestic,daily
2025-10-16,16771.195306901136,13591.284137235552,19993.85023087819,Domestic,daily
2025-10-17,18618.544974607903,15485.985127645883,21738.420703311294,Domestic,daily
2025-10-18,20001.67719145716,16791.644067839035,23250.082208313695,Domestic,daily
2025-10-19,15500.991157894525,12207.748032820125,18596.879786407266,Domestic,daily
2025-10-20,16489.4613651122,13362.08398755674,19962.66766241208,Domestic,daily
2025-10-21,16950.431144507238,13523.804057905129,20242.40141847518,Domestic,daily
2025-10-22,17055.76932701222,13836.0029629266,20325.797979303825,Domestic,daily
2025-10-23,16829.544036691786,13584.649338640713,20032.68324268987,Domestic,daily
2025-10-24,18674.65596842901,15498.156464977023,21879.13528964654,Domestic,daily
2025-10-25,20054.866607238688,17027.726874932578,23297.46707421575,Domestic,daily
2025-10-26,15539.466112670612,12502.798732688347,18897.502734949452,Domestic,daily
2025-10-27,16524.48367353034,13187.577662480277,19702.696300353487,Domestic,daily
2025-10-28,16980.988260451428,13797.394758467539,20252.304556647836,Domestic,daily
2025-10-29,17081.185493517747,13902.429271462652,20448.390104825718,Domestic,daily
2025-10-30,16849.207608552795,13852.504808719084,20212.730481169103,Domestic,daily
2025-10-31,18692.874895477496,15479.265956872749,22056.236808858994,Domestic,daily
2025-11-01,20070.865013662624,16938.755765867587,23545.771530853144,Domestic,daily
2025-11-02,15541.54084144641,12297.16937888087,18774.855694173424,Domestic,daily
2025-11-03,16524.162544217867,13369.304802761237,19866.096380509396,Domestic,daily
2025-11-04,16977.689921424633,13543.90775377398,20234.652442147406,Domestic,daily
2025-11-05,17074.81457315659,13899.250388452876,20298.978700506108,Domestic,daily
2025-11-06,16839.861922322463,13758.121386192946,20002.634730383677,Domestic,daily
2025-11-07,18685.677549532935,15617.984406702713,22028.185997682813,Domestic,daily
2025-11-08,20065.935220186002,16888.93315556095,23229.866073684396,Domestic,daily
2025-11-09,15528.12318992104,12440.892099554825,18742.323606888356,Domestic,daily
2025-11-10,16514.75731772216,13239.845378475158,19901.825296791016,Domestic,daily
2025-11-11,16972.68511957115,13859.761831316859,20194.48980056652,Domestic,daily
2025-11-12,17075.054043846583,13476.007842438941,20284.537549194833,Domestic,daily
2025-11-13,16846.326957132147,13720.756463984972,19956.05828438449,Domestic,daily
2025-11-14,18704.295268650985,15469.640026721867,22071.97147876508,Domestic,daily
2025-11-15,20097.527928525662,16855.305943465763,23274.436924806363,Domestic,daily
2025-11-16,15562.518694452174,12156.007192092138,18898.60009420996,Domestic,daily
2025-11-17,16564.90292465088,13503.14078676476,19863.864970096976,Domestic,daily
2025-11-18,17039.265994782847,14076.9565091805,20057.433868610417,Domestic,daily
2025-11-19,17159.05026661836,13821.768726401851,20229.401409574984,Domestic,daily
2025-11-20,16948.686472052574,13740.569055819706,20245.407817018677,Domestic,daily
2025-11-21,18830.735854519404,15803.463144246216,21798.97492882125,Domestic,daily
2025-11-22,20248.4821225758,17095.42882745343,23406.716239739366,Domestic,daily
2025-11-23,15727.241404701608,12481.712001255035,18973.96269185999,Domestic,daily
2025-11-24,16755.584201062542,13477.829634468337,19912.189507297382,Domestic,daily
2025-11-25,17255.649423394323,14003.589851677367,20449.381974151358,Domestic,daily
2025-11-26,17400.99114634811,14204.760308246094,20551.994497575768,Domestic,daily
2025-11-27,17215.82687246041,13984.081586873857,20416.702016649913,Domestic,daily
2025-11-28,19127.309642559285,15896.146285484736,22243.886125179833,Domestic,daily
2025-11-29,20573.26394893284,17372.37219944094,23807.790990695496,Domestic,daily
2025-11-30,16067.659520787753,12929.057322583998,19277.87373770489,Domestic,daily
2025-12-01,17121.83979787936,13962.993383457591,20272.49564031117,Domestic,daily
2025-12-02,17645.34325295498,14421.6170056725,20926.995431247502,Domestic,daily
2025-12-03,17811.69194353315,14622.155968126908,20950.730009399274,Domestic,daily
2025-12-04,17644.759079132124,14346.862555347128,20791.737197477752,Domestic,daily
2025-12-05,19576.173948971893,16582.62660939434,22860.112711014102,Domestic,daily
2025-12-06,21038.205069000152,17746.268076908207,24166.132981993695,Domestic,daily
2025-12-07,16533.401470437646,13595.590578516305,19839.11406022581,Domestic,daily
2025-12-08,17595.83170939223,14381.294368311595,20564.035477484602,Domestic,daily
2025-12-09,18122.416743499998,14863.528948320496,21352.20405578504,Domestic,daily
2025-12-10,18286.66470098196,15193.27630304429,21430.27932094561,Domestic,daily
2025-12-11,18112.162175562145,15124.087180248347,21103.367480180383,Domestic,daily
2025-12-12,20035.116246490878,17106.54738747856,23351.32872877515,Domestic,daily
2025-12-13,21482.38880813873,18365.75616790949,24843.195956451465,Domestic,daily
2025-12-14,16945.308795918245,13722.298258148812,20341.958046055264,Domestic,daily
2025-12-15,17980.924458501126,15102.534025088706,21390.74226407774,Domestic,daily
2025-12-16,18473.849614707808,15044.80462042859,21693.519373700674,Domestic,daily
2025-12-17,18597.94538185388,15373.91257784114,22011.18611409376,Domestic,daily
2025-12-18,18376.9346876785,15440.750397308066,21663.098930753265,Domestic,daily
2025-12-19,20252.079474466715,17075.54546853744,23230.332764135972,Domestic,daily
2025-12-20,21645.36279040338,18289.731620603787,24929.837540749195,Domestic,daily
2025-12-21,17037.466941026105,13723.655039559455,20216.71573342971,Domestic,daily
2025-12-22,18009.032384490278,14846.172094334164,20915.114452469617,Domestic,daily
2025-12-23,18433.009111591553,15222.229169757937,21626.077565620722,Domestic,daily
2025-12-24,18484.27551821794,15314.833493538537,21897.42399467784,Domestic,daily
2025-12-25,18187.364872216196,15411.307314566338,21334.177284690773,Domestic,daily
2025-12-26,19989.265155421774,16947.936681633364,23127.673503092625,Domestic,daily
2025-12-27,21307.73529972348,18143.27844616662,24724.741482546608,Domestic,daily
2025-12-28,16613.43483614599,13407.686498490431,19885.250844589653,Domestic,daily
2025-12-29,17511.17447798407,14354.31345578416,21040.65507303373,Domestic,daily
2025-12-30,17862.757520367195,14662.313409658955,21021.19620678467,Domestic,daily
2025-12-31,17844.520953082494,14501.150517478683,20871.07947694769,Domestic,daily
2026-01-01,17482.159566508402,14287.974663558842,20519.582672402164,Domestic,daily
2026-01-02,19228.635101154556,15940.47039267637,22847.157478397643,Domestic,daily
2026-01-03,20497.614680265655,17419.83843736276,23771.66585114391,Domestic,daily
2026-01-04,15749.741775814102,12528.190916965952,18937.226007515415,Domestic,daily
2026-01-05,16613.870427145997,13425.255463430512,19644.08874148817,Domestic,daily
2026-01-06,16940.391062871025,13525.7620437017,20033.697836532865,Domestic,daily
2026-01-07,16906.69099343714,13802.152558636906,20090.7240515535,Domestic,daily
2026-01-08,16539.07625760295,13257.234278030095,19606.423301819435,Domestic,daily
2026-01-09,18295.793305131447,14755.80711144818,21592.71890932323,Domestic,daily
2026-01-10,19585.596066099246,16585.92759749317,22927.3385395866,Domestic,daily
2026-01-11,14858.16790159377,11701.525259668033,18111.334949064967,Domestic,daily
2026-01-12,15765.35228589094,12609.806035796017,19006.287652614577,Domestic,daily
2026-01-13,16144.978889153728,12952.111866747655,19264.483884260808,Domestic,daily
2026-01-14,16174.262066628396,13161.782994582285,19465.67615850171,Domestic,daily
2026-01-15,15878.841530335185,12815.130992194765,18892.16289138991,Domestic,daily
2026-01-16,17720.939732469567,14511.98583869945,20839.033060315287,Domestic,daily
2026-01-17,19103.08237022037,15968.790479729312,22329.023013298647,Domestic,daily
2026-01-18,14462.697242353486,11238.985601689013,17503.924654395272,Domestic,daily
2026-01-19,15473.367882699662,12286.590929854514,18538.73702374707,Domestic,daily
2026-01-20,15959.186369180343,12672.489088341263,19071.423734345357,Domestic,daily
2026-01-21,16096.115643602818,12921.965102480965,19376.861155484643,Domestic,daily
2026-01-22,15908.173597532657,12723.718012211588,19272.791724867107,Domestic,daily
2026-01-23,17860.74889680089,14702.922474716766,21260.942172878316,Domestic,daily
2026-01-24,19349.495236828247,16183.62689582173,22690.752409575573,Domestic,daily
2026-01-25,14799.124458972927,11567.786799042304,18047.028863641815,Domestic,daily
2026-01-26,15904.697048642945,12833.801256528992,19177.25861100127,Domestic,daily
2026-01-27,16476.511733538864,13032.341092104742,19682.10052308936,Domestic,daily
2026-01-28,16689.437518209725,13523.103758151894,19853.83191254591,Domestic,daily
2026-01-29,16566.242653089274,13646.639433449725,19853.672695320267,Domestic,daily
2026-01-30,18576.065817604678,15422.517999616623,21741.091620404317,Domestic,daily
2026-01-31,20108.476460743794,16822.331399783005,23418.220707305663,Domestic,daily
2026-02-01,15576.450006497133,12344.026696038321,18801.649775702077,Domestic,daily
2026-02-02,16697.67872724968,13478.532592451596,20119.72338153957,Domestic,daily
2026-02-03,17269.977615086256,13929.333810405096,20623.991266834597,Domestic,daily
2026-02-04,17468.56198234451,14291.03308240246,20694.500648473608,Domestic,daily
2026-02-05,17316.49401864413,14246.563912211934,20570.69266621336,Domestic,daily
2026-02-06,19288.279460269274,16060.14192179512,22698.44092512299,Domestic,daily
2026-02-07,20769.062205706614,17517.637102183624,24058.292745242226,Domestic,daily
2026-02-08,16161.748556086879,12927.192311754374,19405.139646756554,Domestic,daily
2026-02-09,17208.304898649196,14052.590726052715,20462.596914327925,Domestic,daily
2026-02-10,17695.646529415728,14432.096580329478,20881.384737253848,Domestic,daily
2026-02-11,17800.82849838791,14709.618153871847,21065.461624413176,Domestic,daily
2026-02-12,17548.57917518331,14479.311623171297,20782.444939095665,Domestic,daily
2026-02-13,19419.994274737193,16394.499015150843,22800.18504889003,Domestic,daily
2026-02-14,20796.840722651064,17413.9213836702,24083.852754033112,Domestic,daily
2026-02-15,16072.808597756797,13080.61347353733,19301.605929377936,Domestic,daily
2026-02-16,17014.778488326097,13580.620780066272,20100.899632051383,Domestic,daily
2026-02-17,17399.18073193697,14163.241353603595,20663.073772765452,Domestic,daily
2026-02-18,17405.09187380988,14053.744207833317,20635.746716863858,Domestic,daily
2026-02-19,17058.852697338098,13797.305828280154,20051.038239441827,Domestic,daily
2026-02-20,18847.8622142217,15589.971954591703,21992.735462935594,Domestic,daily
2026-02-21,20149.99848141121,16995.9332339253,23446.186865899894,Domestic,daily
2026-02-22,15349.010861046116,11968.596192799725,18532.895594993268,Domestic,daily
2026-02-23,16235.774281112264,13184.378620413374,19414.662756910853,Domestic,daily
2026-02-24,16575.140331690363,13443.223969687546,19817.940085279115,Domestic,daily
2026-02-25,16546.96447518658,13296.008554825527,19670.455778544074,Domestic,daily
2026-02-26,16177.836782234188,12872.384828772769,19520.1292444492,Domestic,daily
2026-02-27,17960.006558321376,14680.242119879375,21277.59711748491,Domestic,daily
2026-02-28,19265.95248825804,16268.174763894907,22639.52365535047,Domestic,daily
2026-03-01,14467.948527212016,11094.670374366462,17744.334162561798,Domestic,daily
2026-03-02,15379.338531018346,12224.998148373179,18670.535412537007,Domestic,daily
2026-03-03,15751.912039851466,12617.606472154579,18997.91279078181,Domestic,daily
2026-03-04,15764.893670177142,12560.469162577321,19102.779948361633,Domestic,daily
2026-03-05,15443.815856959864,12234.927550989805,18944.179410789315,Domestic,daily
2026-03-06,17284.600617012085,14175.669578473671,20583.89768640297,Domestic,daily
2026-03-07,18653.3021225093,15720.00719587489,21912.03065976482,Domestic,daily
2026-03-08,13909.8654151918,10795.214302843347,17165.460898792368,Domestic,daily
2026-03-09,14889.436278647152,11802.239465584931,17878.902590031525,Domestic,daily
2026-03-10,15330.271961507911,12151.816381911656,18744.046818413943,Domestic,daily
2026-03-11,15410.69819902807,12273.525368422152,18687.037122842397,Domestic,daily
2026-03-12,15155.124542192196,11876.90949202679,18146.37739929198,Domestic,daily
2026-03-13,17063.27902892108,13685.276093460545,20322.69254383614,Domestic,daily
2026-03-14,18495.114324829137,15277.94923335606,21824.963367579414,Domestic,daily
2026-03-15,13798.746055946453,10610.155130813995,16929.958148850586,Domestic,daily
2026-03-16,14831.780770277248,11589.607699244036,17992.226927587937,Domestic,daily
2026-03-17,15319.740987924908,12357.533881704825,18726.84108773388,Domestic,daily
2026-03-18,15440.9663491489,12431.700166211907,18647.677632253108,Domestic,daily
2026-03-19,15219.745769983696,12158.141041611525,18555.461571743002,Domestic,daily
2026-03-20,17160.677685648447,14154.898048399486,20278.440495895386,Domestic,daily
2026-03-21,18618.711559292366,15147.598299534202,22060.832764535666,Domestic,daily
2026-03-22,13931.237492734444,10604.27369514041,17213.953162982652,Domestic,daily
2026-03-23,14979.404511082972,11818.745978732095,18313.97215259957,Domestic,daily
2026-03-24,15477.033436715366,12091.193898666717,18865.080569830887,Domestic,daily
2026-03-25,15603.437569271884,12546.527689537656,18611.107223103176,Domestic,daily
2026-03-26,15383.649567503146,12279.109060519819,18677.361245270426,Domestic,daily
2026-03-27,17327.888170205206,14120.639495775235,20697.523707168824,Domestic,daily
2026-03-28,18786.719408588884,15512.401993945254,21930.955013815776,Domestic,daily
2026-03-29,14087.285589706737,10909.48704709437,17238.3804242706,Domestic,daily
2026-03-30,15134.605982178224,11771.92941476849,18380.955489252883,Domestic,daily
2026-03-31,15630.973692828085,12285.46775424987,18973.344684305084,Domestic,daily
2026-04-01,15756.696165438905,12804.817996121308,19135.486740613545,Domestic,daily
2026-04-02,15537.421083775918,12172.638450662329,18898.8762305475,Domestic,daily
2026-04-03,17488.717669554968,14073.396491989832,20796.421885038282,Domestic,daily
2026-04-04,18956.3692030141,15464.11689070921,22454.84664818877,Domestic,daily
2026-04-05,14256.756102718475,11027.462806984004,17586.73907115297,Domestic,daily
2026-04-06,15318.156394197971,12097.825848860582,18555.523230921048,Domestic,daily
2026-04-07,15830.646107842787,12662.7528009593,18865.269263037357,Domestic,daily
2026-04-08,15974.780683866,12756.21294079957,19110.770293996884,Domestic,daily
2026-04-09,15776.041955769479,12532.371146071775,19046.79902021597,Domestic,daily
2026-04-10,17754.556446162755,14397.560511065436,20948.171046760803,Domestic,daily
2026-04-11,19250.541371345418,16098.91931275715,22670.758874586656,Domestic,daily
2026-04-12,14568.863161624902,11418.26709977369,17461.43492468165,Domestic,daily
2026-04-13,15660.357675513329,12489.584684936206,19138.743016823657,Domestic,daily
2026-04-14,16202.252198484794,12839.412625452076,19765.943570374533,Domestic,daily
2026-04-15,16374.803513730725,13077.089771691404,19425.39485296913,Domestic,daily
2026-04-16,16202.879040776348,13015.89683202426,19454.730060961876,Domestic,daily
2026-04-17,18210.822236662643,14619.468183549392,21568.249538938435,Domestic,daily
2026-04-18,19733.059030411758,16501.96888795684,22996.069453492844,Domestic,daily
2026-04-19,15062.835465343946,11765.857906451967,18314.10252956071,Domestic,daily
2026-04-20,16173.558064566198,12611.067760235015,19182.01731037521,Domestic,daily
2026-04-21,16729.73464111286,13737.001106086804,19940.89208267012,Domestic,daily
2026-04-22,16911.563215114,13729.61066833827,20262.092585700782,Domestic,daily
2026-04-23,16743.638704289733,13296.993497163212,19954.734312386532,Domestic,daily
2026-04-24,18754.95435922207,15433.012617915996,22075.981444275494,Domestic,daily
2026-04-25,20274.655464994954,16939.291481664197,23670.08285228723,Domestic,daily
2026-04-26,15584.941275530633,12267.987447975695,18938.267898323484,Domestic,daily
2026-04-27,16682.40949220309,13489.640317420477,20091.661358747417,Domestic,daily
2026-04-28,17219.499118549797,13898.767154855279,20582.652557996953,Domestic,daily
2026-04-29,17377.01321462183,14014.28646350431,20835.197691060832,Domestic,daily
2026-04-30,17179.934365564743,13777.347639044188,20533.189399909345,Domestic,daily
2026-05-01,19162.546069662694,15829.394335298983,22486.130528295955,Domestic,daily
2026-05-02,20649.31874035863,17412.98010623986,24073.078814003602,Domestic,daily
2026-05-03,15911.962457251308,12662.727071595595,19111.37160268541,Domestic,daily
2026-05-04,16970.76389503967,13664.072465222738,20235.56792976513,Domestic,daily
2026-05-05,17466.521629697265,14155.06456981557,21004.529834920613,Domestic,daily
2026-05-06,17580.995394983056,14183.585177050127,20695.74652109295,Domestic,daily
2026-05-07,17339.825366513254,14020.958986461821,20851.27137171074,Domestic,daily
2026-05-08,19282.77095258069,15780.434101848088,22771.330019448145,Domestic,daily
2026-05-09,20729.728925481308,17532.652528632807,24293.73752413679,Domestic,daily
2026-05-10,15941.939092333925,12765.50302408096,19333.741018380882,Domestic,daily
2026-05-11,16963.31788186657,13498.013171540792,20475.326548099623,Domestic,daily
2026-05-12,17422.892185790864,14071.747866720343,20974.41555153519,Domestic,daily
2026-05-13,17503.1827991259,14238.484139045406,20924.555859695734,Domestic,daily
2026-05-14,17230.236482265536,13983.672717978567,20641.369425167,Domestic,daily
2026-05-15,19148.992052045036,15926.208951938332,22531.638597516492,Domestic,daily
2026-05-16,20574.441112647906,17377.160911657196,24171.79849869075,Domestic,daily
2026-05-17,15756.997323023978,12412.216621188438,18903.39302808152,Domestic,daily
2026-05-18,16763.837165721783,13748.602611451819,20020.35963645431,Domestic,daily
2026-05-19,17211.842355890847,13566.210775397429,20815.14811528678,Domestic,daily
2026-05-20,17283.926696217844,13910.703337406725,20503.075221563187,Domestic,daily
2026-05-21,17006.189076542276,13592.046094076599,20376.945805920055,Domestic,daily
2026-05-22,18928.41373088999,15617.086426441696,22368.083063494487,Domestic,daily
2026-05-23,20360.37897195323,17263.378301192104,23891.276718495636,Domestic,daily
2026-05-24,15541.393887765858,12688.68609132847,18765.19884564227,Domestic,daily
2026-05-25,16561.64850573533,13344.961505125804,19902.278405706922,Domestic,daily
2026-05-26,17025.66537637045,13680.67062894801,20258.240697456757,Domestic,daily
2026-05-27,17116.568917342796,13954.04113409964,20368.07131573733,Domestic,daily
2026-05-28,16860.357022554334,13624.855934647716,19987.229244312624,Domestic,daily
2026-05-29,18811.53193569117,15734.714280957534,22289.872906813875,Domestic,daily
2026-05-30,20274.55244213256,17339.673011316794,23715.44260772944,Domestic,daily
2026-05-31,15477.532712068138,12064.50382801292,18797.229863161276,Domestic,daily
2026-06-01,16533.59612632552,13180.321000475831,19715.301246612413,Domestic,daily
2026-06-02,17034.830150670132,13535.369129259325,20359.812503306384,Domestic,daily
2026-06-03,17164.492439076632,14167.43394580334,20483.46577253988,Domestic,daily
2026-06-04,16948.39577311435,13505.357677593875,20523.70646861974,Domestic,daily
2026-06-05,18945.665002391863,15435.223446055421,22395.64253520107,Domestic,daily
2026-06-06,20455.329123928706,17159.736340747815,23934.06159086554,Domestic,daily
2026-06-07,15694.179893331875,12381.415940405412,19088.005598394993,Domestic,daily
2026-06-08,16798.128291155022,13411.167490035798,20307.285096734817,Domestic,daily
2026-06-09,17346.663137061252,14044.281681757773,20728.426432794087,Domestic,daily
2026-06-10,17522.995927241194,14273.845794443065,21152.969816342476,Domestic,daily
2026-06-11,17352.562599730816,14137.228250289669,20627.501860816308,Domestic,daily
2026-06-12,19398.91149157928,16050.510943741589,22869.821503015944,Domestic,daily
2026-06-13,20955.441582807784,17374.914186885762,24519.415665889257,Domestic,daily
2026-06-14,16227.428296751934,12919.094681029623,19541.987314462807,Domestic,daily
2026-06-15,17373.39093627086,14233.092239025786,20881.77318725191,Domestic,daily
2026-06-16,17960.06399569768,14720.098817633927,21441.48242043826,Domestic,daily
2026-06-17,18170.490002463925,14752.248469482336,21489.37211922658,Domestic,daily
2026-06-18,18029.647348980925,14646.420148473253,21614.85950428461,Domestic,daily
2026-06-19,20105.478120584237,16766.347050014316,23434.26817131051,Domestic,daily
2026-06-20,21685.780611748065,18217.83971051607,25211.07379122722,Domestic,daily
2026-06-21,16964.409325654393,13470.479133337998,20500.124197668818,Domestic,daily
2026-06-22,18122.658963462738,14834.410944479043,21998.21198370502,Domestic,daily
2026-06-23,18714.752292458692,15162.025575136542,22073.804799625734,Domestic,daily
2026-06-24,18923.882873132745,15652.863923101655,22571.497260282224,Domestic,daily
2026-06-25,18774.96866087996,15142.600654152884,22232.658664104416,Domestic,daily
2026-06-26,20840.81709214861,17493.301837981948,24474.67964492707,Domestic,daily
2026-06-27,22404.166874035265,19199.39555331679,25870.441946937346,Domestic,daily
2026-06-28,17648.05480060578,14204.669058363954,21041.41212271896,Domestic,daily
2026-06-29,18777.206606146807,15383.147414341785,22034.88769828309,Domestic,daily
2026-06-30,19334.02954700775,15743.570651006656,22820.26709595434,Domestic,daily
2026-07-01,19502.591242962742,16042.461513082872,22901.569722582142,Domestic,daily
2026-07-02,19308.483643166084,15838.267570336182,23019.123390813034,Domestic,daily
2026-07-03,21330.108685557847,17949.845002367296,25121.17271135364,Domestic,daily
2026-07-04,22845.851804202273,19295.23535582807,26762.57912827089,Domestic,daily
2026-07-05,18028.597586515272,14537.5206035068,21707.826690526424,Domestic,daily
2026-07-06,19107.109575734194,15827.648416594375,22636.99740366422,Domestic,daily
2026-07-07,19612.510211012548,15947.850126768039,23120.629990953374,Domestic,daily
2026-07-08,19730.179488251186,15907.651932648505,23194.65580014003,Domestic,daily
2026-07-09,19486.71454633681,15915.188073437595,22931.09439591606,Domestic,daily
2026-07-10,21466.32317085864,17818.608117142405,25051.271394313037,Domestic,daily
2026-07-11,22943.118729593643,19520.01540415521,27000.853544522568,Domestic,daily
2026-07-12,18079.77719205748,14614.761401506146,21241.47042443496,Domestic,daily
2026-07-13,19128.90152019439,15712.23038420846,22687.645309245356,Domestic,daily
2026-07-14,19609.987954193683,15991.519479385734,23263.651558334528,Domestic,daily
2026-07-15,19709.24697685592,16286.632354300218,23403.233781054063,Domestic,daily
2026-07-16,19453.664557921722,15896.13026077289,22863.65021624181,Domestic,daily
2026-07-17,21432.513057929656,18027.783969384374,24876.419567714056,Domestic,daily
2026-07-18,22914.78053480931,19255.445873461726,26646.775174005146,Domestic,daily
2026-07-19,18051.9852307725,14619.787187977437,21707.505127443324,Domestic,daily
2026-07-20,19119.543504796464,15568.433086054878,22892.19487117611,Domestic,daily
2026-07-21,19624.24386879368,15929.844109394848,23259.624402090092,Domestic,daily
2026-07-22,19752.01364008822,16157.997470459157,23095.946030753377,Domestic,daily
2026-07-23,19529.106674364048,15833.669052384797,23062.328061052805,Domestic,daily
2026-07-24,21548.757362285498,17808.301860344414,25166.97837453712,Domestic,daily
2026-07-25,23073.77024259383,19288.632444596842,26859.677294942583,Domestic,daily
2026-07-26,18243.517496583067,14400.888914141933,21632.35245300393,Domestic,daily
2026-07-27,19355.334925282656,16077.339646651297,22851.44431757401,Domestic,daily
2026-07-28,19902.52657506886,16414.647984436444,23365.85022716767,Domestic,daily
2026-07-29,20070.097656362857,16557.59021103174,23462.563465410913,Domestic,daily
2026-07-30,19883.08653290325,16626.961090660614,23446.195426022437,Domestic,daily
2026-07-31,21938.3762803532,18376.92952713413,25810.1084115812,Domestic,daily
2026-08-01,23492.45536441144,19753.446281255787,27564.595779311214,Domestic,daily
2026-08-02,18672.60486530878,15149.989817301706,22293.463903283304,Domestic,daily
2026-08-03,19798.324957548473,16257.35703322227,23395.085983229288,Domestic,daily
2026-08-04,20349.868193523733,16824.30557256475,23836.489075914425,Domestic,daily
2026-08-05,20511.93235058507,16809.863889314543,23962.62052482198,Domestic,daily
2026-08-06,20309.126025773676,16813.424477766253,23920.421695918907,Domestic,daily
2026-08-07,22342.922993459295,18703.25254422821,26015.420266939105,Domestic,daily
2026-08-08,23864.57537888657,19885.48527064856,27651.480202993327,Domestic,daily
2026-08-09,18990.46863882542,15394.248057252269,22703.90424807474,Domestic,daily
2026-08-10,20063.55365642953,16586.091960716698,23554.78710351937,Domestic,daily
2026-08-11,20552.38144707617,17067.753281047062,24333.721399120375,Domestic,daily
2026-08-12,20642.7269783519,17131.447662379815,24186.435816372454,Domestic,daily
2026-08-13,20360.158368453325,16788.517716063714,23816.289736630515,Domestic,daily
2026-08-14,22312.103698635376,18574.654648289732,26002.158007183752,Domestic,daily
2026-08-15,23745.88671055388,19930.772570889396,27534.543159413584,Domestic,daily
2026-08-16,18768.220653158325,14766.521210534,22347.57929082241,Domestic,daily
2026-08-17,19746.61886863644,16321.05556996986,23235.870171203456,Domestic,daily
2026-08-18,20138.906206045885,16705.35973596258,23782.931395186224,Domestic,daily
2026-08-19,20132.752094408057,16345.199199337947,23885.492230711712,Domestic,daily
2026-08-20,19755.32513266555,16143.442534810665,23266.6828299153,Domestic,daily
2026-08-21,21620.458080040822,18193.475111228177,25272.72666139053,Domestic,daily
2026-08-22,22971.796067090727,19110.69010855818,26945.49766969701,Domestic,daily
2026-08-23,17906.423792866477,14311.177590303876,21631.405388366158,Domestic,daily
2026-08-24,18816.25369800426,15296.522516537301,22352.54098576766,Domestic,daily
2026-08-25,19148.017799777015,15696.01974150716,22949.087871688647,Domestic,daily
2026-08-26,19090.71824324446,15604.657809810604,22896.824382572504,Domestic,daily
2026-08-27,18672.379804031196,14916.687033419155,22071.86266509592,Domestic,daily
2026-08-28,20512.329556436707,16832.197305313366,23991.37857471239,Domestic,daily
2026-08-29,21849.477664658054,18155.44922401523,25652.162981449797,Domestic,daily
2026-08-30,16770.101068142903,13257.420048434737,20525.347590192898,Domestic,daily
2026-08-31,17689.23488606525,14132.790039945823,21028.69566329788,Domestic,daily
2026-09-01,18041.172203336002,14570.60204762659,21734.48075309244,Domestic,daily
2026-09-02,18014.86085453895,14398.648330957083,21679.078727784356,Domestic,daily
2026-09-03,17637.783136761675,14411.427235920184,21345.07689137737,Domestic,daily
2026-09-04,19533.379307355885,16015.83869237607,23389.7636788366,Domestic,daily
2026-09-05,20934.489286089407,16986.33419816693,24580.93489255356,Domestic,daily
2026-09-06,15915.319691755103,12586.532858802175,19478.877671513917,Domestic,daily
2026-09-07,16912.863271214137,13567.48539792084,20332.903264960467,Domestic,daily
2026-09-08,17347.92881729755,13866.704623206992,20705.60062253864,Domestic,daily
2026-09-09,17408.503283734706,13805.182478479686,21036.03324873925,Domestic,daily
2026-09-10,17120.774335971582,13483.59951650523,20234.74126175939,Domestic,daily
2026-09-11,19111.7095401157,15590.455727719427,22664.032503812952,Domestic,daily
2026-09-12,20607.666872434093,16923.72785159998,24435.108259846707,Domestic,daily
2026-09-13,15670.548940454673,12005.027096963307,19225.77929421137,Domestic,daily
2026-09-14,16759.25020988719,13519.765398828333,20149.135253269702,Domestic,daily
2026-09-15,17281.21287076348,13651.093310486385,20896.85189112699,Domestic,daily
2026-09-16,17423.74634008137,13803.529684405123,21314.4528328805,Domestic,daily
2026-09-17,17212.18123364894,13709.847127821562,20920.7079289053,Domestic,daily
2026-09-18,19277.58971963399,15169.638112493529,22978.214863255485,Domestic,daily
2026-09-19,20840.547631709578,17110.891491521903,24601.833339160075,Domestic,daily
2026-09-20,15951.456481148914,12478.577447257578,19603.226017089484,Domestic,daily
2026-09-21,17091.997427408056,13446.179733007624,20650.762742919145,Domestic,daily
2026-09-22,17657.19093316963,14161.982777585266,21012.495235460945,Domestic,daily
2026-09-23,17834.65095828727,14353.845667718731,21740.09428749852,Domestic,daily
2026-09-24,17649.847683371216,13999.027015319758,21524.475571661886,Domestic,daily
2026-09-25,19738.946933160856,16057.065250594544,23567.844473523757,Domestic,daily
2026-09-26,21317.702888564898,17443.358154194433,25049.757571860726,Domestic,daily
2026-09-27,16425.928446422815,12917.613064147119,19915.655860464354,Domestic,daily
2026-09-28,17568.93846906863,13880.994154745335,21382.414191596996,Domestic,daily
2026-09-29,18130.09809405366,14353.133889216635,21995.30091570143,Domestic,daily
2026-09-30,18297.999096532727,14713.896946403926,22107.054734929792,Domestic,daily
2026-10-01,18098.82165669062,14694.520428868405,21573.87301252236,Domestic,daily
2026-10-02,20174.286083862055,16344.868100890299,24125.122248552285,Domestic,daily
2026-10-03,21735.67234021264,17627.065096287242,25908.214536127292,Domestic,daily
2026-10-04,16812.43790703092,13137.346830827923,20629.070471863033,Domestic,daily
2026-10-05,17933.652306474607,14231.670564559365,21410.951471565164,Domestic,daily
2026-10-06,18471.0387121441,14569.280815597298,22063.462756459525,Domestic,daily
2026-10-07,18614.079535072287,15074.561093830289,22285.396616990445,Domestic,daily
2026-10-08,18389.486401299877,14540.724209963684,22087.124912816384,Domestic,daily
2026-10-09,20444.275112773368,16644.348852094565,24096.04201268361,Domestic,daily
2026-10-10,21984.92431425749,18198.305100789818,25807.691451454608,Domestic,daily
2026-10-11,17030.154198294487,13500.012297247195,20988.276925639846,Domestic,daily
2026-10-12,18132.36622657191,14484.451928256794,22167.151319026874,Domestic,daily
2026-10-13,18651.19216246126,15169.62450092703,22440.823920830022,Domestic,daily
2026-10-14,18776.54280539793,15245.769958127574,22862.367556531895,Domestic,daily
2026-10-15,18535.1995423537,14797.800050574962,22352.0160729498,Domestic,daily
2026-10-16,20579.02501553348,16919.624677557997,24316.49139209216,Domestic,daily
2026-10-17,22109.2722177276,17869.53088939096,26308.740587229095,Domestic,daily
2026-10-18,17133.53389248053,13513.7341837388,20670.525003576902,Domestic,daily
2026-10-19,18227.195692210913,14433.712247215475,22006.1551258261,Domestic,daily
2026-10-20,18737.499114466133,15033.8780100087,22463.523115039265,Domestic,daily
2026-10-21,18854.538033306853,15030.413835981279,22782.727961634977,Domestic,daily
2026-10-22,18604.97461802955,15017.891664068095,22564.82680870004,Domestic,daily
2026-10-23,20645.386679077787,16829.530342502185,24595.473445855263,Domestic,daily
2026-10-24,22171.72642540282,18104.085277569473,26299.52032852335,Domestic,daily
2026-10-25,17180.43818586422,13467.620739417067,21161.664553189257,Domestic,daily
2026-10-26,18269.92119250461,14527.42402001632,21705.50950262766,Domestic,daily
2026-10-27,18775.101374314992,15130.953885602199,22511.33649038125,Domestic,daily
2026-10-28,18886.36963224356,15191.203234072551,22767.600988529244,Domestic,daily
2026-10-29,18630.415308815198,15028.748082503007,22456.74784893107,Domestic,daily
2026-10-30,20668.702885030256,16834.308600685057,24907.685003299266,Domestic,daily
2026-10-31,22192.07281359735,18256.376273057464,26234.49924543741,Domestic,daily
2026-11-01,17186.01995965995,13555.978355254949,21060.824702523223,Domestic,daily
2026-11-02,18272.15862013073,14471.89604018901,22221.979236024497,Domestic,daily
2026-11-03,18773.296204003054,14901.29137101529,23004.531398159397,Domestic,daily
2026-11-04,18880.30687673639,14818.690567349968,22401.892303822293,Domestic,daily
2026-11-05,18620.076949952985,14968.699001154242,22610.248861795986,Domestic,daily
2026-11-06,20659.10615364331,17024.86199708117,24771.15061778783,Domestic,daily
2026-11-07,22183.24670007864,18339.45743732199,26357.823313420315,Domestic,daily
2026-11-08,17167.139568421753,13226.023537533241,20901.37142774251,Domestic,daily
2026-11-09,18255.679857150477,14436.441236031029,22298.01130814149,Domestic,daily
2026-11-10,18759.59139035606,14933.974627096035,22603.020626849753,Domestic,daily
2026-11-11,18870.235653371492,15147.008618979478,22657.61263099022,Domestic,daily
2026-11-12,18614.66982052161,14768.222257456146,22654.352135227076,Domestic,daily
2026-11-13,20664.374010487158,16624.16023998841,24573.27589774323,Domestic,daily
2026-11-14,22200.130557139568,17984.651021534275,26159.868017189834,Domestic,daily
2026-11-15,17185.620551982942,13609.92757633229,21176.728004309858,Domestic,daily
2026-11-16,18288.892247985423,14383.970119549509,22002.580874419684,Domestic,daily
2026-11-17,18808.439484324896,15127.599762121692,22720.276329271637,Domestic,daily
2026-11-18,18935.948857684973,15216.512940772534,22913.395225601853,Domestic,daily
2026-11-19,18698.473276425877,14923.368820027803,22691.496747891924,Domestic,daily
2026-11-20,20772.287940831142,16772.317784383144,25060.936757616204,Domestic,daily
2026-11-21,22332.912346558584,18153.764000248066,26337.727120946198,Domestic,daily
2026-11-22,17332.869348926026,13501.640196355227,20929.167694238462,Domestic,daily
2026-11-23,18463.158598944727,14628.964247092961,22362.62347024744,Domestic,daily
2026-11-24,19009.840487920585,15252.861843219149,22907.398249618458,Domestic,daily
2026-11-25,19164.72300319747,15013.1069071498,23049.77479832208,Domestic,daily
2026-11-26,18954.652053794398,15039.622738990334,23006.17663164523,Domestic,daily
2026-11-27,21060.497283289573,16971.868020529935,25414.603329011745,Domestic,daily
2026-11-28,22652.31785754906,18520.854036183417,26889.62787779765,Domestic,daily
2026-11-29,17671.285136664977,13823.502163984691,21373.63919271614,Domestic,daily
2026-11-30,18831.162357618523,14845.269321246427,22925.07755810854,Domestic,daily
2026-12-01,19405.395534736435,15361.32117134889,23178.03473363102,Domestic,daily
2026-12-02,19585.741743038794,15874.11776702205,23458.71573062145,Domestic,daily
2026-12-03,19398.678338458212,15404.362985530744,23382.40483177077,Domestic,daily
2026-12-04,21529.52116154873,17299.088255968898,25649.901506674054,Domestic,daily
2026-12-05,23142.73713476111,18838.064615524832,27291.0265967323,Domestic,daily
2026-12-06,18168.03404010719,14312.3885520624,22112.250701609428,Domestic,daily
2026-12-07,19341.850396489906,15384.327078164877,23433.058925595076,Domestic,daily
2026-12-08,19924.957658967403,15868.845716997934,24217.69501259212,Domestic,daily
2026-12-09,20109.034582558972,15859.116624146269,24224.874262319514,Domestic,daily
2026-12-10,19920.200183073644,15822.546037468876,23913.900662261167,Domestic,daily
2026-12-11,22048.26922614357,17906.764075567302,26280.574624084642,Domestic,daily
2026-12-12,23652.21640743546,19538.83586270183,28234.08382923547,Domestic,daily
2026-12-13,18650.437698094705,14486.734414868357,22600.586449504073,Domestic,daily
2026-12-14,19802.254362375978,15936.284610799117,23895.03119773395,Domestic,daily
2026-12-15,20356.02967254088,16409.024361792315,24481.27976423274,Domestic,daily
2026-12-16,20503.691627399818,16620.74418455912,24754.68472775813,Domestic,daily
2026-12-17,20271.390779522368,16218.915649966008,24428.255028940475,Domestic,daily
2026-12-18,22353.8927963,17989.369430387844,26742.763056248674,Domestic,daily
2026-12-19,23905.192503459613,19566.947734496014,28411.429738885152,Domestic,daily
2026-12-20,18832.943437064925,14431.573024792538,22932.600337382897,Domestic,daily
2026-12-21,19919.97090118367,15955.58732608899,24135.286036639485,Domestic,daily
2026-12-22,20402.89630756541,16189.727488485181,24302.025639938205,Domestic,daily
2026-12-23,20474.59956518112,16436.118793814185,24712.51960337678,Domestic,daily
2026-12-24,20161.9913499456,16031.303318585176,24177.3311092867,Domestic,daily
2026-12-25,22165.530682318567,17772.41099597656,26549.674703342964,Domestic,daily
2026-12-26,23634.975313124647,19113.14411600374,28248.370585688313,Domestic,daily
2026-12-27,18467.964717344817,14754.87526607275,22651.265018849994,Domestic,daily
2026-12-28,19471.52645903078,15577.569398031637,23938.70590922735,Domestic,daily
2026-12-29,19871.191777639033,15864.892753531021,23960.277755603704,Domestic,daily
2026-12-30,19861.380991617167,15555.56558180462,23877.391444944155,Domestic,daily
2026-12-31,19470.273673429558,15475.495633854694,23577.586045437318,Domestic,daily
2022-01-03,20636.44621091732,19347.59963417791,21993.66808197232,Domestic,weekly
2022-01-10,20345.178583151574,18955.405840796742,21701.193051573755,Domestic,weekly
2022-01-17,20332.927589580457,18957.942516312538,21656.608005481547,Domestic,weekly
2022-01-24,20497.552179822807,19230.00512457265,21877.24409384549,Domestic,weekly
2022-01-31,20675.714963037128,19370.725567451856,22102.737641114945,Domestic,weekly
2022-02-07,20728.433020710545,19417.418112360152,22157.935155309202,Domestic,weekly
2022-02-14,20610.419175339954,19272.880540632206,22126.883692694115,Domestic,weekly
2022-02-21,20388.582323033,19087.62345016701,21794.157754690583,Domestic,weekly
2022-02-28,20201.198300225515,18849.832627414216,21546.390527283478,Domestic,weekly
2022-03-07,20179.353469341197,18804.557375640845,21527.223818152183,Domestic,weekly
2022-03-14,20371.18668901126,18953.87063215026,21678.545185914103,Domestic,weekly
2022-03-21,20707.848749686258,19227.398749975535,22093.39029948931,Domestic,weekly
2022-03-28,19416.822815366173,18032.58888498239,20822.787543342456,Domestic,weekly
2022-04-04,15535.998638347439,14097.039097659605,16932.866382459037,Domestic,weekly
2022-04-11,15377.723255096465,14021.894263490854,16822.257975509325,Domestic,weekly
2022-04-18,14918.972278028301,13549.053196798108,16195.495967936697,Domestic,weekly
2022-04-25,17564.3762510051,16241.162124542268,18961.076391444112,Domestic,weekly
2022-05-02,24093.241216763316,22761.48969650424,25421.69304141484,Domestic,weekly
2022-05-09,18741.3702984254,17438.989819139937,20039.311190837518,Domestic,weekly
2022-05-16,18553.399208644616,17211.937855764398,19945.74406610603,Domestic,weekly
2022-05-23,18603.62951377679,17220.17172032384,20002.397403104493,Domestic,weekly
2022-05-30,18784.9241132855,17432.117518420797,20308.740545762757,Domestic,weekly
2022-06-06,18979.041440392135,17645.582455993368,20337.821347859142,Domestic,weekly
2022-06-13,19122.16548425818,17678.686121366703,20508.891102889058,Domestic,weekly
2022-06-20,19233.93255398418,17878.922556490365,20615.61373685185,Domestic,weekly
2022-06-27,19401.433921705124,18071.021383684725,20733.82461452978,Domestic,weekly
2022-07-04,23680.860472772318,22310.34157787792,24993.000021819546,Domestic,weekly
2022-07-11,21131.474356362138,19773.330167528875,22489.539585843944,Domestic,weekly
2022-07-18,20637.487854226554,19263.30579315756,22055.9722998191,Domestic,weekly
2022-07-25,21022.900614642316,19782.48354319828,22356.304773322638,Domestic,weekly
2022-08-01,21149.857714827347,19729.41572190436,22408.40618475421,Domestic,weekly
2022-08-08,20871.924434704266,19495.096213092525,22154.024917594958,Domestic,weekly
2022-08-15,20209.95497552105,18869.464253496044,21533.792304277395,Domestic,weekly
2022-08-22,19323.862637974264,17936.207388674364,20727.68706283354,Domestic,weekly
2022-08-29,18457.113411428374,17137.62066106419,19826.542562793813,Domestic,weekly
2022-09-05,17842.635177230055,16404.95660299724,19189.544676419227,Domestic,weekly
2022-09-12,17635.471482848447,16288.687459111477,18961.714437789597,Domestic,weekly
2022-09-19,17797.21384299525,16408.890191452236,19152.681964581785,Domestic,weekly
2022-09-26,18184.09819219923,16734.26992424309,19399.569383056292,Domestic,weekly
2022-10-03,18595.104179514343,17226.998903543827,20014.14410466533,Domestic,weekly
2022-10-10,18864.24137932934,17467.471836010533,20164.052578274503,Domestic,weekly
2022-10-17,18929.285782176332,17413.376820472662,20286.574052245254,Domestic,weekly
2022-10-24,18862.07830175397,17539.318567071638,20151.91543929295,Domestic,weekly
2022-10-31,16870.018385777657,15579.676185045653,18305.28179328778,Domestic,weekly
2022-11-07,18796.34513514403,17520.400992024195,19946.25914918653,Domestic,weekly
2022-11-14,17667.619168060002,16309.151788992338,19008.03100373422,Domestic,weekly
2022-11-21,19250.37730244512,17901.367478755914,20544.99071030163,Domestic,weekly
2022-11-28,20200.31827166126,18827.973187443928,21626.85546556212,Domestic,weekly
2022-12-05,19557.4716673326,18215.872994325073,20904.775563897238,Domestic,weekly
2022-12-12,19363.296931621062,17980.659897953905,20706.77010209834,Domestic,weekly
2022-12-19,18941.585216971172,17657.205146466702,20391.64866376422,Domestic,weekly
2022-12-26,20740.635973105265,19400.812531874166,22152.914917528797,Domestic,weekly
2023-01-02,17980.15803944249,16719.30653633427,19343.223404993543,Domestic,weekly
2023-01-09,17747.35159462,16432.34123656558,19105.722600835634,Domestic,weekly
2023-01-16,17762.500999500942,16502.69106106559,19141.5767542933,Domestic,weekly
2023-01-23,17954.930048041526,16568.963221925944,19346.705684644912,Domestic,weekly
2023-01-30,18187.064559224807,16793.747111203553,19707.879225499088,Domestic,weekly
2023-02-06,18327.235471587665,17019.76974176476,19651.28061347444,Domestic,weekly
2023-02-13,18316.61640925659,16975.585091099023,19695.659412556386,Domestic,weekly
2023-02-20,18196.509280126007,16809.34322488465,19544.08287884108,Domestic,weekly
2023-02-27,18082.5042552722,16743.866099030358,19403.758712371586,Domestic,weekly
2023-03-06,18099.043564126405,16692.512312932733,19551.17291888385,Domestic,weekly
2023-03-13,18308.018394524086,16974.979516925458,19651.297438926475,Domestic,weekly
2023-03-20,15738.376852420632,14343.922596403047,16994.58827427751,Domestic,weekly
2023-03-27,13920.536549296188,12563.577960503768,15252.960288619042,Domestic,weekly
2023-04-03,14152.450409487934,12811.67324904601,15506.539505702338,Domestic,weekly
2023-04-10,14115.847434027779,12703.954920569731,15411.957943538666,Domestic,weekly
2023-04-17,22039.105949781926,20677.203146859476,23379.759727608827,Domestic,weekly
2023-04-24,18401.450624348585,16961.5163110655,19746.862862417027,Domestic,weekly
2023-05-01,17865.480782152503,16496.16758044418,19260.18538434714,Domestic,weekly
2023-05-08,17473.958415383353,16114.547595678026,18777.704392376687,Domestic,weekly
2023-05-15,17322.531382038254,15980.34559289724,18625.253464985235,Domestic,weekly
2023-05-22,17404.713045262928,16000.458562325526,18722.76782671955,Domestic,weekly
2023-05-29,17631.614421712697,16374.91153898716,19011.048929992787,Domestic,weekly
2023-06-05,17890.131318335596,16556.45059633628,19264.164664403863,Domestic,weekly
2023-06-12,18107.5913120351,16746.237726642485,19520.02974882818,Domestic,weekly
2023-06-19,18288.164970128404,16906.96003850129,19607.239665970763,Domestic,weekly
2023-06-26,22324.246143647753,20891.3481049519,23630.1593614767,Domestic,weekly
2023-07-03,18830.630689051766,17404.61264738767,20055.597260790397,Domestic,weekly
2023-07-10,19304.898542470295,17828.008212174227,20775.36538314606,Domestic,weekly
2023-07-17,19859.430935933717,18445.523387111156,21221.39013293527,Domestic,weekly
2023-07-24,20341.939519335643,18905.527776764415,21675.6748453179,Domestic,weekly
2023-07-31,20570.634289883677,19222.398085508477,21934.61145301647,Domestic,weekly
2023-08-07,20416.866482880843,19048.328851040216,21834.911709398206,Domestic,weekly
2023-08-14,19873.179635694967,18524.93242399868,21146.815295282984,Domestic,weekly
2023-08-21,19071.642837977022,17695.66993100242,20396.5910300887,Domestic,weekly
2023-08-28,18240.892016320147,16905.994566464506,19625.940114173285,Domestic,weekly
2023-09-04,17618.741344574766,16163.026915982711,18905.54521046841,Domestic,weekly
2023-09-11,17359.14717815961,15898.520963552282,18640.2564562779,Domestic,weekly
2023-09-18,17468.498496884888,16181.547851519645,18747.169432443698,Domestic,weekly
2023-09-25,17831.640837838135,16291.656897578088,19261.88258184167,Domestic,weekly
2023-10-02,16371.301155877578,15061.012417473563,17760.437736872904,Domestic,weekly
2023-10-09,18560.507764604583,17149.826679502035,19949.276714470197,Domestic,weekly
2023-10-16,18667.79627195304,17220.891806139283,20171.81731835947,Domestic,weekly
2023-10-23,18611.79121970537,17209.94343505447,20052.644638558908,Domestic,weekly
2023-10-30,18489.131004311468,17167.171711195027,19803.177331230792,Domestic,weekly
2023-11-06,18453.262546533348,17115.427282919278,19835.024840082744,Domestic,weekly
2023-11-13,18569.502492949174,17155.22108245384,19895.38543640651,Domestic,weekly
2023-11-20,17522.38454248084,16127.22638301999,18890.391198530044,Domestic,weekly
2023-11-27,20060.36297820808,18674.580533040345,21517.708287936264,Domestic,weekly
2023-12-04,19093.80639983516,17714.751795421373,20501.062700050243,Domestic,weekly
2023-12-11,18907.056159455766,17638.253271462847,20285.34314024267,Domestic,weekly
2023-12-18,18486.434119009056,17066.782466737342,19776.482841067387,Domestic,weekly
2023-12-25,19069.2707766374,17670.34120922147,20442.467676765056,Domestic,weekly
2024-01-01,18572.070836881747,17239.142604781373,19951.888189985402,Domestic,weekly
2024-01-08,17144.74166522948,15744.521356266228,18565.986396227436,Domestic,weekly
2024-01-15,17079.197898239403,15770.417972894349,18484.093675901753,Domestic,weekly
2024-01-22,17202.136291669794,15734.58123320051,18562.06359897374,Domestic,weekly
2024-01-29,17387.602767524142,15853.95632807712,18740.817919576137,Domestic,weekly
2024-02-05,17502.947518740788,16208.416845225853,18909.109027653307,Domestic,weekly
2024-02-12,17476.856620860828,16058.949807404131,18883.366148803114,Domestic,weekly
2024-02-19,17332.982868733507,15928.697862010813,18725.083147938272,Domestic,weekly
2024-02-26,17173.087788535613,15841.760700093646,18592.30092266524,Domestic,weekly
2024-03-04,17118.88954676222,15771.431938992779,18448.814038521832,Domestic,weekly
2024-03-11,12399.143595723826,11127.489519369079,13762.283514288856,Domestic,weekly
2024-03-18,12691.534302492028,11207.034910457609,14049.32243342416,Domestic,weekly
2024-03-25,13026.065390191849,11771.841558549904,14363.922445673878,Domestic,weekly
2024-04-01,13247.185708035848,11950.53638031935,14626.318566350932,Domestic,weekly
2024-04-08,23729.811818270984,22373.053794108473,25097.915862515594,Domestic,weekly
2024-04-15,17720.521729053162,16402.116832349675,19017.1069661815,Domestic,weekly
2024-04-22,17220.093802445914,15856.345378600592,18554.794086181657,Domestic,weekly
2024-04-29,16671.62878260429,15296.631062335904,17956.275403850934,Domestic,weekly
2024-05-06,16235.180911082341,14925.282831877377,17614.796376267877,Domestic,weekly
2024-05-13,16013.420535654606,14612.79685499085,17362.457786963532,Domestic,weekly
2024-05-20,16015.61253868829,14609.657110391192,17237.375384785602,Domestic,weekly
2024-05-27,16168.681768980976,14826.269629526554,17547.036946504377,Domestic,weekly
2024-06-03,16367.107745030882,14924.283976371564,17696.85297193229,Domestic,weekly
2024-06-10,18283.35244679287,16879.09103953472,19644.2797017254,Domestic,weekly
2024-06-17,18404.721318005366,17074.09469128188,19785.991076162125,Domestic,weekly
2024-06-24,16801.339906060915,15562.955637734116,18271.946567076637,Domestic,weekly
2024-07-01,17035.091331745185,15626.667732348016,18434.792683991727,Domestic,weekly
2024-07-08,17399.907713341225,16055.292351654789,18891.10579581705,Domestic,weekly
2024-07-15,17852.28691529808,16573.769719321972,19247.414874739803,Domestic,weekly
2024-07-22,18265.663419197517,16922.554033600343,19575.32036436133,Domestic,weekly
2024-07-29,18476.4015221693,17113.271782269312,19888.788993995713,Domestic,weekly
2024-08-05,18356.88751054795,17020.630125162937,19727.44127897986,Domestic,weekly
2024-08-12,17880.816018179437,16549.387259006242,19296.021511337392,Domestic,weekly
2024-08-19,17147.788323050834,15815.22722935261,18337.468797378806,Domestic,weekly
2024-08-26,16352.820364586227,14980.487910464088,17821.04649770036,Domestic,weekly
2024-09-02,15712.438965850697,14314.147400634936,17109.12873914253,Domestic,weekly
2024-09-09,15380.026040602732,13919.498989842003,16798.430321565716,Domestic,weekly
2024-09-16,15388.613697216528,14043.842937289523,16717.453606282637,Domestic,weekly
2024-09-23,15654.992047194613,14210.519980107516,16996.019008219697,Domestic,weekly
2024-09-30,16004.39652668095,14618.709673229174,17335.51113906568,Domestic,weekly
2024-10-07,16273.280686987868,14749.123212848159,17707.495832752425,Domestic,weekly
2024-10-14,16371.862309466653,14900.817200108671,17766.48950079365,Domestic,weekly
2024-10-21,16314.525156502545,14986.916408469755,17681.39219212734,Domestic,weekly
2024-10-28,16197.764072852915,14850.225598282652,17523.948418836448,Domestic,weekly
2024-11-04,14538.777465635701,13172.003846633188,15824.228317157836,Domestic,weekly
2024-11-11,16294.808843593606,14992.936264565134,17563.66711982726,Domestic,weekly
2024-11-18,16522.210865163994,15118.561611373492,17793.196531031208,Domestic,weekly
2024-11-25,16766.41441166099,15458.770063719887,18091.522411860067,Domestic,weekly
2024-12-02,16381.02406364614,15087.103789651661,17819.413182757962,Domestic,weekly
2024-12-09,16820.2050462175,15446.417393688227,18152.578905513517,Domestic,weekly
2024-12-16,16525.174612796432,15088.139891278995,17915.53050972147,Domestic,weekly
2024-12-23,16098.310516414807,14857.404298132318,17420.74008396347,Domestic,weekly
2024-12-30,17688.854947349202,16351.874791103814,19110.94517950276,Domestic,weekly
2025-01-06,15415.822173779521,14112.52987730689,16809.941337498283,Domestic,weekly
2025-01-13,15362.56348060112,14005.558239006057,16767.192248456948,Domestic,weekly
2025-01-20,15494.188415033315,14046.915317762656,16887.055730906377,Domestic,weekly
2025-01-27,15705.924297040183,14227.864426533877,16977.199562909434,Domestic,weekly
2025-02-03,15874.144198292568,14559.995710211439,17168.725237591603,Domestic,weekly
2025-02-10,15920.138819667016,14491.751627864134,17241.73452531296,Domestic,weekly
2025-02-17,15848.731888517223,14502.705836491861,17235.54820426424,Domestic,weekly
2025-02-24,14468.327421911947,13132.034969524133,15899.329228776056,Domestic,weekly
2025-03-03,11253.627966108235,9980.141778705525,12549.888396593771,Domestic,weekly
2025-03-10,11381.557729448086,9975.651466854502,12781.119718523347,Domestic,weekly
2025-03-17,11664.718106918966,10310.220908973577,13014.773715874857,Domestic,weekly
2025-03-24,15286.348010966885,13894.621683205503,16655.59504930633,Domestic,weekly
2025-03-31,19384.45924847767,18049.528428008547,20779.383808792387,Domestic,weekly
2025-04-07,16813.419255710276,15384.757984155025,18159.98725490181,Domestic,weekly
2025-04-14,16623.726476675263,15210.595351906659,18008.380391190112,Domestic,weekly
2025-04-21,16228.06311778824,14839.970086811776,17664.607335991874,Domestic,weekly
2025-04-28,15756.996214933328,14363.002668621059,17111.996260887056,Domestic,weekly
2025-05-05,15364.135687959042,14044.893885257983,16769.497787662567,Domestic,weekly
2025-05-12,15160.604671874647,13804.445360351248,16503.276557541303,Domestic,weekly
2025-05-19,15173.24767173387,13822.667107098594,16665.93446017225,Domestic,weekly
2025-05-26,15345.80178549074,13888.221273527566,16700.87498767398,Domestic,weekly
2025-06-02,18928.58472075049,17647.809447207826,20270.436999958238,Domestic,weekly
2025-06-09,15794.690621489322,14471.852470910217,17173.497982489134,Domestic,weekly
2025-06-16,15967.744357138032,14666.650727190765,17344.197681318034,Domestic,weekly
2025-06-23,16143.708553439157,14768.128932855414,17589.25709389919,Domestic,weekly
2025-06-30,16397.74306816551,15124.453649368821,17773.53274879786,Domestic,weekly
2025-07-07,16778.600310437807,15522.793139769705,18085.337437799764,Domestic,weekly
2025-07-14,17260.876894070403,15903.404540349666,18723.478064555307,Domestic,weekly
2025-07-21,17734.537315942805,16403.57116661498,19117.165769075997,Domestic,weekly
2025-07-28,18041.17032188854,16712.39600317536,19409.119289537433,Domestic,weekly
2025-08-04,18042.437360680025,16824.73760675501,19364.708274485176,Domestic,weekly
2025-08-11,17688.618658648797,16298.060443648354,19030.6174078552,Domestic,weekly
2025-08-18,17053.141050099443,15638.350830028665,18433.068601211806,Domestic,weekly
2025-08-25,16313.946382187909,14971.016546182645,17735.11700149449,Domestic,weekly
2025-09-01,15687.521093400639,14278.651646989547,16977.04490151368,Domestic,weekly
2025-09-08,15344.249714371668,13919.769682126669,16746.97600720725,Domestic,weekly
2025-09-15,15343.225566236524,14076.25378308779,16795.397492445303,Domestic,weekly
2025-09-22,15615.937933859916,14309.341838376307,16940.977613086703,Domestic,weekly
2025-09-29,16005.418624156295,14568.504880078597,17427.08717566851,Domestic,weekly
2025-10-06,16341.468440268567,14914.881120666068,17761.419309104025,Domestic,weekly
2025-10-13,16516.04992910864,15116.022117527165,17995.23469581496,Domestic,weekly
2025-10-20,16523.777323566508,15076.592416345005,17887.204620183158,Domestic,weekly
2025-10-27,16450.104572251767,15022.888726015985,17756.39147739297,Domestic,weekly
2025-11-03,14748.596381414813,13409.30348046853,16101.065706562757,Domestic,weekly
2025-11-10,16505.383413868454,15150.680582373134,17882.837479891015,Domestic,weekly
2025-11-17,16720.711211815094,15306.128928999238,18190.639773214807,Domestic,weekly
2025-11-24,16975.012512699657,15589.97908535947,18411.37556067682,Domestic,weekly
2025-12-01,16613.344401274586,15248.998424346437,18072.433021026925,Domestic,weekly
2025-12-08,17100.30903976222,15752.861140958206,18456.70565379081,Domestic,weekly
2025-12-15,16836.440169220776,15365.099696383062,18229.40205494131,Domestic,weekly
2025-12-22,16417.29136379878,14968.645174672596,17827.49180426306,Domestic,weekly
2025-12-29,18017.758448357265,16692.761431967254,19364.80472479718,Domestic,weekly
2026-01-05,15676.825229449372,14140.109971658076,17018.725673698966,Domestic,weekly
2026-01-12,15583.278116366435,14113.767060099692,16980.372144042332,Domestic,weekly
2026-01-19,15689.479098213009,14273.381546032924,17029.266359864396,Domestic,weekly
2026-01-26,15899.311115696528,14437.00047821474,17171.08864686282,Domestic,weekly
2026-02-02,16085.74235579796,14745.611177856354,17508.686262824587,Domestic,weekly
2026-02-09,16156.781942054851,14717.703175724506,17592.772559154517,Domestic,weekly
2026-02-16,13516.390204014539,12059.890841066575,14894.661036356518,Domestic,weekly
2026-02-23,11466.49026852014,10029.719147637019,12825.099506970317,Domestic,weekly
2026-03-02,11414.592485687312,10044.858779644805,12755.591951325885,Domestic,weekly
2026-03-09,11513.227384407493,10038.564051446494,12936.60250832286,Domestic,weekly
2026-03-16,17729.503067203183,16299.093807272366,19133.2651986647,Domestic,weekly
2026-03-23,16657.17692737702,15293.539085809049,18140.27352295606,Domestic,weekly
2026-03-30,16956.849441227474,15396.379735769598,18436.02375800227,Domestic,weekly
2026-04-06,17067.7962576154,15581.488244714923,18617.321488787187,Domestic,weekly
2026-04-13,16920.86964224957,15502.352277457116,18439.19382201182,Domestic,weekly
2026-04-20,16548.658307418802,15156.02243211267,18125.0220743888,Domestic,weekly
2026-04-27,16072.581341365863,14469.583808961099,17613.49103923706,Domestic,weekly
2026-05-04,15649.424931002513,14238.297602254572,17116.774489535048,Domestic,weekly
2026-05-11,15403.814782322168,13901.407812024034,16775.290206051777,Domestic,weekly
2026-05-18,15379.528062838968,13889.152945105208,16902.75201145296,Domestic,weekly
2026-05-25,18928.89148332963,17368.904176257955,20561.984298182248,Domestic,weekly
2026-06-01,15766.282612681835,14290.86497958453,17265.524321948076,Domestic,weekly
2026-06-08,15991.17746201861,14518.187637793033,17567.66510128605,Domestic,weekly
2026-06-15,16172.587152167005,14540.862839154563,17881.099755677846,Domestic,weekly
2026-06-22,16345.134887405859,14693.37469599664,17956.911128137523,Domestic,weekly
2026-06-29,16583.503144841095,15030.00535175539,18212.353481221857,Domestic,weekly
2026-07-06,16946.211902735227,15350.55213788996,18659.404689786326,Domestic,weekly
2026-07-13,17423.05176618212,15803.364989441248,19186.84554493636,Domestic,weekly
2026-07-20,17916.3182681951,16278.45902636937,19652.297445572836,Domestic,weekly
2026-07-27,18269.53074149017,16506.886633560418,19910.807404511725,Domestic,weekly
2026-08-03,18333.098110916737,16617.030003344906,20067.970088168644,Domestic,weekly
2026-08-10,18036.573315955113,16177.379476181914,19746.281364408587,Domestic,weekly
2026-08-17,17431.904874484877,15693.308231411904,19191.847901456174,Domestic,weekly
2026-08-24,16684.506102370768,14923.269567900965,18433.11409134338,Domestic,weekly
2026-08-31,16013.304218996333,14181.500277536237,17926.066756951775,Domestic,weekly
2026-09-07,15605.43943325907,13773.042556946868,17379.817084584603,Domestic,weekly
2026-09-14,15543.918039466607,13691.190700646048,17290.58579354655,Domestic,weekly
2026-09-21,15780.93248340494,13992.922378619729,17576.455182045425,Domestic,weekly
2026-09-28,16168.275886874539,14494.261316039594,17956.451646628775,Domestic,weekly
2026-10-05,16529.527828640203,14632.274440456433,18472.463590529565,Domestic,weekly
2026-10-12,16739.406026736644,14930.534288323584,18567.777982717223,Domestic,weekly
2026-10-19,16773.15760964504,14846.937960491357,18609.50630815437,Domestic,weekly
2026-10-26,16704.194699216463,14855.997478866795,18602.32603578444,Domestic,weekly
2026-11-02,14962.536857119234,13161.255276650409,16809.313136611287,Domestic,weekly
2026-11-09,16719.391223559825,14860.121029584674,18773.08016446878,Domestic,weekly
2026-11-16,16919.276484213664,15027.923787495389,19107.862851374244,Domestic,weekly
2026-11-23,17179.445034556087,15158.101658731723,19158.770226107456,Domestic,weekly
2026-11-30,16838.714605986694,14885.614198683852,18874.269092711864,Domestic,weekly
2026-12-07,17373.73928419791,15265.050784556846,19747.031993846147,Domestic,weekly
2026-12-14,17144.46543781696,14977.451950291079,19276.522616076338,Domestic,weekly
2026-12-21,16738.141693586687,14605.365943453162,18884.410397616157,Domestic,weekly
2026-12-28,18352.992599130088,16238.112542487452,20656.301483529376,Domestic,weekly
2022-01-01,20221.704263771073,18437.891122019337,21891.38708420034,Domestic,monthly
2022-02-01,20113.54619730908,18366.509256954596,21938.13420202669,Domestic,monthly
2022-03-01,18672.786023200948,16916.7750856911,20429.417924229525,Domestic,monthly
2022-04-01,18571.88539078284,16822.949742842364,20396.991879902092,Domestic,monthly
2022-05-01,18474.239617462692,16693.071745367586,20258.150102771342,Domestic,monthly
2022-06-01,20587.801864765457,18767.128184848832,22351.292815473458,Domestic,monthly
2022-07-01,20478.387248541057,18753.036554110447,22062.366729131656,Domestic,monthly
2022-08-01,20365.32547844251,18719.339280512453,22157.214306490554,Domestic,monthly
2022-09-01,18698.793668658745,17005.042943457753,20376.212679304685,Domestic,monthly
2022-10-01,18597.771809501857,16971.187978140584,20208.598050289092,Domestic,monthly
2022-11-01,18493.382555091535,16675.057600383443,20269.92568389283,Domestic,monthly
2022-12-01,19056.388322073868,17273.598892582788,20815.534820354922,Domestic,monthly
2023-01-01,18948.230255740615,17322.658198783425,20787.84377882621,Domestic,monthly
2023-02-01,18840.072189408365,16959.904505475177,20610.48758007287,Domestic,monthly
2023-03-01,17484.762448641603,15626.988133156807,19352.671040398727,Domestic,monthly
2023-04-01,17383.861816365665,15486.350449842259,19034.57908951417,Domestic,monthly
2023-05-01,17286.216043203265,15555.19473765066,19016.234336473248,Domestic,monthly
2023-06-01,19256.590701968034,17569.27023516643,21099.195437052702,Domestic,monthly
2023-07-01,19147.176085906973,17337.396587254447,20982.29971093923,Domestic,monthly
2023-08-01,19034.114315959265,17403.173212734964,20695.84591331884,Domestic,monthly
2023-09-01,17469.694383118353,15793.69085310215,19241.671770215507,Domestic,monthly
2023-10-01,17368.67252401294,15529.558541006149,19055.440094133533,Domestic,monthly
2023-11-01,17264.283269544547,15577.19555043007,18952.75258491447,Domestic,monthly
2023-12-01,17782.914315017457,15875.867994727765,19399.79362859344,Domestic,monthly
2024-01-01,17674.756248489113,15999.96114586583,19378.868358080672,Domestic,monthly
2024-02-01,17566.598181976147,15883.0844519059,19310.050331025588,Domestic,monthly
2024-03-01,16293.48401511688,14621.232272662088,18136.85637977547,Domestic,monthly
2024-04-01,16192.58338264448,14398.138523250744,17955.049038374542,Domestic,monthly
2024-05-01,16094.937609284096,14239.893849557684,17698.487045410926,Domestic,monthly
2024-06-01,17921.732384315284,16175.868883503783,19652.81399033395,Domestic,monthly
2024-07-01,17812.317768069286,15995.814394146799,19501.611872858335,Domestic,monthly
2024-08-01,17699.2559979672,16118.996066736152,19375.89936570835,Domestic,monthly
2024-09-01,16237.227700513147,14504.73235934303,18113.229690026783,Domestic,monthly
2024-10-01,16136.205841301537,14462.238671468922,17996.29626638236,Domestic,monthly
2024-11-01,16031.816586780387,14320.352822942888,17910.127567007443,Domestic,monthly
2024-12-01,16505.951336308175,14787.642238240143,18316.636033969164,Domestic,monthly
2025-01-01,16397.79326983218,14576.001648803463,18132.443407692837,Domestic,monthly
2025-02-01,16289.635203356182,14522.905448043735,17934.523151629837,Domestic,monthly
2025-03-01,15105.460439686756,13409.040052863327,16836.108105533807,Domestic,monthly
2025-04-01,15004.559807267922,13365.935856835831,16786.699093563013,Domestic,monthly
2025-05-01,14906.914033959372,13242.409189819407,16547.30235747078,Domestic,monthly
2025-06-01,16590.521220226874,14884.10175977313,18265.104067772732,Domestic,monthly
2025-07-01,16481.106604002605,14635.74206339419,18316.530271755437,Domestic,monthly
2025-08-01,16368.044833904192,14596.021904177062,18093.138520105196,Domestic,monthly
2025-09-01,15008.128413411694,13195.871381816596,16674.284967946252,Domestic,monthly
2025-10-01,14907.10655419768,13187.105877819342,16664.241345994884,Domestic,monthly
2025-11-01,14802.717299676531,12863.47236656552,16457.52099673117,Domestic,monthly
2025-12-01,15232.477327800472,13559.510454987718,17035.147830951566,Domestic,monthly
2026-01-01,15124.319261324474,13455.00123350239,16873.51276265511,Domestic,monthly
2026-02-01,15016.161194848479,13177.535221202788,16696.910632296742,Domestic,monthly
2026-03-01,13917.43686443274,12172.649728863173,15664.197138800837,Domestic,monthly
2026-04-01,13816.536232013903,12095.673626007307,15543.94459138056,Domestic,monthly
2026-05-01,13718.890458705357,12039.951765947884,15597.231859122896,Domestic,monthly
2026-06-01,15259.310056164926,13473.963413901958,17081.734246544627,Domestic,monthly
2026-07-01,15149.895439940656,13384.409597123426,16977.492620464644,Domestic,monthly
2026-08-01,15036.833669842244,13272.68934395915,16741.858652359406,Domestic,monthly
2026-09-01,13779.02912630784,11955.450956798994,15513.927986354272,Domestic,monthly
2026-10-01,13678.00726709382,11856.345883277898,15413.11034713307,Domestic,monthly
2026-11-01,13573.618012572671,11823.456667469536,15453.992516387263,Domestic,monthly
2026-12-01,13959.00331929277,12169.350490736599,15593.285530729772,Domestic,monthly
